#include "ui_img_prensa.h"

// Generado a partir de "image copy 2.png" (412x476) -> 240x277, RGB565, fondo blanco.
static const uint8_t ui_img_prensa_map[] = {
    0xff,0xff,0xff,0xff,0xff,0xff,0xff,0xff,0xff,0xff,0xff,0xff,0xff,0xff,0xff,0xff,
    0xff,0xff,0xff,0xff,0xff,0xff,0xff,0xff,0xff,0xff,0xff,0xff,0xff,0xff,0xff,0xff,
    0xff,0xff,0xff,0xff,0xff,0xff,0xff,0xff,0xff,0xff,0xff,0xff,0xff,0xff,0xff,0xff,
    0xff,0xff,0xff,0xff,0xff,0xff,0xff,0xff,0xff,0xff,0xff,0xff,0xff,0xff,0xff,0xff,
    0xff,0xff,0xff,0xff,0xff,0xff,0xff,0xff,0xff,0xff,0xff,0xff,0xff,0xff,0xff,0xff,
    0xff,0xff,0xff,0xff,0xff,0xff,0xff,0xff,0xff,0xff,0xff,0xff,0xff,0xff,0xff,0xff,
    0xff,0xff,0xff,0xff,0xff,0xff,0xff,0xff,0xff,0xff,0xff,0xff,0xff,0xff,0xff,0xff,
    0xff,0xff,0xff,0xff,0xff,0xff,0xff,0xff,0xff,0xff,0xff,0xff,0xff,0xff,0xff,0xff,
    0xff,0xff,0xff,0xff,0xff,0xff,0xff,0xff,0xff,0xff,0xff,0xff,0xff,0xff,0xff,0xff,
    0xff,0xff,0xff,0xff,0xff,0xff,0xff,0xff,0xff,0xff,0xff,0xff,0xff,0xff,0xff,0xff,
    0xff,0xff,0xff,0xff,0xff,0xff,0xff,0xff,0xff,0xff,0xff,0xff,0xff,0xff,0xff,0xff,
    0xff,0xff,0xff,0xff,0xff,0xff,0xff,0xff,0xff,0xff,0xff,0xff,0xff,0xff,0xff,0xff,
    0xff,0xff,0xff,0xff,0xff,0xff,0xff,0xff,0xff,0xff,0xff,0xff,0xff,0xff,0xff,0xff,
    0xff,0xff,0xff,0xff,0xff,0xff,0xff,0xff,0xff,0xff,0xff,0xff,0xff,0xff,0xff,0xff,
    0xff,0xff,0xff,0xff,0xff,0xff,0xff,0xff,0xff,0xff,0xff,0xff,0xff,0xff,0xff,0xff,
    0xff,0xff,0xff,0xff,0xff,0xff,0xff,0xff,0xff,0xff,0xff,0xff,0xff,0xff,0xff,0xff,
    0xff,0xff,0xff,0xff,0xff,0xff,0xff,0xff,0xff,0xff,0xff,0xff,0xff,0xff,0xff,0xff,
    0xff,0xff,0xff,0xff,0xff,0xff,0xff,0xff,0xff,0xff,0xff,0xff,0xff,0xff,0xff,0xff,
    0xff,0xff,0xff,0xff,0xff,0xff,0xff,0xff,0xff,0xff,0xff,0xff,0xff,0xff,0xff,0xff,
    0xff,0xff,0xff,0xff,0xff,0xff,0xff,0xff,0xff,0xff,0xff,0xff,0xff,0xff,0xff,0xff,
    0xff,0xff,0xff,0xff,0xff,0xff,0xff,0xff,0xff,0xff,0xff,0xff,0xff,0xff,0xff,0xff,
    0xff,0xff,0xff,0xff,0xff,0xff,0xff,0xff,0xff,0xff,0xff,0xff,0xff,0xff,0xff,0xff,
    0xff,0xff,0xff,0xff,0xff,0xff,0xff,0xff,0xff,0xff,0xff,0xff,0xff,0xff,0xff,0xff,
    0xff,0xff,0xff,0xff,0xff,0xff,0xff,0xff,0xff,0xff,0xff,0xff,0xff,0xff,0xff,0xff,
    0xff,0xff,0xff,0xff,0xff,0xff,0xff,0xff,0xff,0xff,0xff,0xff,0xff,0xff,0xff,0xff,
    0xff,0xff,0xff,0xff,0xff,0xff,0xff,0xff,0xff,0xff,0xff,0xff,0xff,0xff,0xff,0xff,
    0xff,0xff,0xff,0xff,0xff,0xff,0xff,0xff,0xff,0xff,0xff,0xff,0xff,0xff,0xff,0xff,
    0xff,0xff,0xff,0xff,0xff,0xff,0xff,0xff,0xff,0xff,0xff,0xff,0xff,0xff,0xff,0xff,
    0xff,0xff,0xff,0xff,0xff,0xff,0xff,0xff,0xff,0xff,0xff,0xff,0xff,0xff,0xff,0xff,
    0xff,0xff,0xff,0xff,0xff,0xff,0xff,0xff,0xff,0xff,0xff,0xff,0xff,0xff,0xff,0xff,
    0xff,0xff,0xff,0xff,0xff,0xff,0xff,0xff,0xff,0xff,0xff,0xff,0xff,0xff,0xff,0xff,
    0xff,0xff,0xff,0xff,0xff,0xff,0xff,0xff,0xff,0xff,0xff,0xff,0xff,0xff,0xff,0xff,
    0xff,0xff,0xff,0xff,0xff,0xff,0xff,0xff,0xff,0xff,0xff,0xff,0xff,0xff,0xff,0xff,
    0xff,0xff,0xff,0xff,0xff,0xff,0xff,0xff,0xff,0xff,0xff,0xff,0xff,0xff,0xff,0xff,
    0xff,0xff,0xff,0xff,0xff,0xff,0xff,0xff,0xff,0xff,0xff,0xff,0xff,0xff,0xff,0xff,
    0xff,0xff,0xff,0xff,0xff,0xff,0xff,0xff,0xff,0xff,0xff,0xff,0xff,0xff,0xff,0xff,
    0xff,0xff,0xff,0xff,0xff,0xff,0xff,0xff,0xff,0xff,0xff,0xff,0xff,0xff,0xff,0xff,
    0xff,0xff,0xff,0xff,0xff,0xff,0xff,0xff,0xff,0xff,0xff,0xff,0xff,0xff,0xff,0xff,
    0xff,0xff,0xff,0xff,0xff,0xff,0xff,0xff,0xff,0xff,0xff,0xff,0xff,0xff,0xff,0xff,
    0xff,0xff,0xff,0xff,0xff,0xff,0xff,0xff,0xff,0xff,0xff,0xff,0xff,0xff,0xff,0xff,
    0xff,0xff,0xff,0xff,0xff,0xff,0xff,0xff,0xff,0xff,0xff,0xff,0xff,0xff,0xff,0xff,
    0xff,0xff,0xff,0xff,0xff,0xff,0xff,0xff,0xff,0xff,0xff,0xff,0xff,0xff,0xff,0xff,
    0xff,0xff,0xff,0xff,0xff,0xff,0xff,0xff,0xff,0xff,0xff,0xff,0xff,0xff,0xff,0xff,
    0xff,0xff,0xff,0xff,0xff,0xff,0xff,0xff,0xff,0xff,0xff,0xff,0xff,0xff,0xff,0xff,
    0xff,0xff,0xff,0xff,0xff,0xff,0xff,0xff,0xff,0xff,0xff,0xff,0xff,0xff,0xff,0xff,
    0xff,0xff,0xff,0xff,0xff,0xff,0xff,0xff,0xff,0xff,0xff,0xff,0xff,0xff,0xff,0xff,
    0xff,0xff,0xff,0xff,0xff,0xff,0xff,0xff,0xff,0xff,0xff,0xff,0xff,0xff,0xff,0xff,
    0xff,0xff,0xff,0xff,0xff,0xff,0xff,0xff,0xff,0xff,0xff,0xff,0xff,0xff,0xff,0xff,
    0xff,0xff,0xff,0xff,0xff,0xff,0xff,0xff,0xff,0xff,0xff,0xff,0xff,0xff,0xff,0xff,
    0xff,0xff,0xff,0xff,0xff,0xff,0xff,0xff,0xff,0xff,0xff,0xff,0xff,0xff,0xff,0xff,
    0xff,0xff,0xff,0xff,0xff,0xff,0xff,0xff,0xff,0xff,0xff,0xff,0xff,0xff,0xff,0xff,
    0xff,0xff,0xff,0xff,0xff,0xff,0xff,0xff,0xff,0xff,0xff,0xff,0xff,0xff,0xff,0xff,
    0xff,0xff,0xff,0xff,0xff,0xff,0xff,0xff,0xff,0xff,0xff,0xff,0xff,0xff,0xff,0xff,
    0xff,0xff,0xff,0xff,0xff,0xff,0xff,0xff,0xff,0xff,0xff,0xff,0xff,0xff,0xff,0xff,
    0xff,0xff,0xff,0xff,0xff,0xff,0xff,0xff,0xff,0xff,0xff,0xff,0xff,0xff,0xff,0xff,
    0xff,0xff,0xff,0xff,0xff,0xff,0xff,0xff,0xff,0xff,0xff,0xff,0xff,0xff,0xff,0xff,
    0xff,0xff,0xff,0xff,0xff,0xff,0xff,0xff,0xff,0xff,0xff,0xff,0xff,0xff,0xff,0xff,
    0xff,0xff,0xff,0xff,0xff,0xff,0xff,0xff,0xff,0xff,0xff,0xff,0xff,0xff,0xff,0xff,
    0xff,0xff,0xff,0xff,0xff,0xff,0xff,0xff,0xff,0xff,0xff,0xff,0xff,0xff,0xff,0xff,
    0xff,0xff,0xff,0xff,0xff,0xff,0xff,0xff,0xff,0xff,0xff,0xff,0xff,0xff,0xff,0xff,
    0xff,0xff,0xff,0xff,0xff,0xff,0xff,0xff,0xff,0xff,0xff,0xff,0xff,0xff,0xff,0xff,
    0xff,0xff,0xff,0xff,0xff,0xff,0xff,0xff,0xff,0xff,0xff,0xff,0xff,0xff,0xff,0xff,
    0xff,0xff,0xff,0xff,0xff,0xff,0xff,0xff,0xff,0xff,0xff,0xff,0xff,0xff,0xff,0xff,
    0xff,0xff,0xff,0xff,0xff,0xff,0xff,0xff,0xff,0xff,0xff,0xff,0xff,0xff,0xff,0xff,
    0xff,0xff,0xff,0xff,0xff,0xff,0xff,0xff,0xff,0xff,0xff,0xff,0xff,0xff,0xff,0xff,
    0xff,0xff,0xff,0xff,0xff,0xff,0xff,0xff,0xff,0xff,0xff,0xff,0xff,0xff,0xff,0xff,
    0xff,0xff,0xff,0xff,0xff,0xff,0xff,0xff,0xff,0xff,0xff,0xff,0xff,0xff,0xff,0xff,
    0xff,0xff,0xff,0xff,0xff,0xff,0xff,0xff,0xff,0xff,0xff,0xff,0xff,0xff,0xff,0xff,
    0xff,0xff,0xff,0xff,0xff,0xff,0xff,0xff,0xff,0xff,0xff,0xff,0xff,0xff,0xff,0xff,
    0xff,0xff,0xff,0xff,0xff,0xff,0xff,0xff,0xff,0xff,0xff,0xff,0xff,0xff,0xff,0xff,
    0xff,0xff,0xff,0xff,0xff,0xff,0xff,0xff,0xff,0xff,0xff,0xff,0xff,0xff,0xff,0xff,
    0xff,0xff,0xff,0xff,0xff,0xff,0xff,0xff,0xff,0xff,0xff,0xff,0xff,0xff,0xff,0xff,
    0xff,0xff,0xff,0xff,0xff,0xff,0xff,0xff,0xff,0xff,0xff,0xff,0xff,0xff,0xff,0xff,
    0xff,0xff,0xff,0xff,0xff,0xff,0xff,0xff,0xff,0xff,0xff,0xff,0xff,0xff,0xff,0xff,
    0xff,0xff,0xff,0xff,0xff,0xff,0xff,0xff,0xff,0xff,0xff,0xff,0xff,0xff,0xff,0xff,
    0xff,0xff,0xff,0xff,0xff,0xff,0xff,0xff,0xff,0xff,0xff,0xff,0xff,0xff,0xff,0xff,
    0xff,0xff,0xff,0xff,0xff,0xff,0xff,0xff,0xff,0xff,0xff,0xff,0xff,0xff,0xff,0xff,
    0xff,0xff,0xff,0xff,0xff,0xff,0xff,0xff,0xff,0xff,0xff,0xff,0xff,0xff,0xff,0xff,
    0xff,0xff,0xff,0xff,0xff,0xff,0xff,0xff,0xff,0xff,0xff,0xff,0xff,0xff,0xff,0xff,
    0xff,0xff,0xff,0xff,0xff,0xff,0xff,0xff,0xff,0xff,0xff,0xff,0xff,0xff,0xff,0xff,
    0xff,0xff,0xff,0xff,0xff,0xff,0xff,0xff,0xff,0xff,0xff,0xff,0xff,0xff,0xff,0xff,
    0xff,0xff,0xff,0xff,0xff,0xff,0xff,0xff,0xff,0xff,0xff,0xff,0xff,0xff,0xff,0xff,
    0xff,0xff,0xff,0xff,0xff,0xff,0xff,0xff,0xff,0xff,0xff,0xff,0xff,0xff,0xff,0xff,
    0xff,0xff,0xff,0xff,0xff,0xff,0xff,0xff,0xff,0xff,0xff,0xff,0xff,0xff,0xff,0xff,
    0xff,0xff,0xff,0xff,0xff,0xff,0xff,0xff,0xff,0xff,0xff,0xff,0xff,0xff,0xff,0xff,
    0xff,0xff,0xff,0xff,0xff,0xff,0xff,0xff,0xff,0xff,0xff,0xff,0xff,0xff,0xff,0xff,
    0xff,0xff,0xff,0xff,0xff,0xff,0xff,0xff,0xff,0xff,0xff,0xff,0xff,0xff,0xff,0xff,
    0xff,0xff,0xff,0xff,0xff,0xff,0xff,0xff,0xff,0xff,0xff,0xff,0xff,0xff,0xff,0xff,
    0xff,0xff,0xff,0xff,0xff,0xff,0xff,0xff,0xff,0xff,0xff,0xff,0xff,0xff,0xff,0xff,
    0xff,0xff,0xff,0xff,0xff,0xff,0xff,0xff,0xff,0xff,0xff,0xff,0xff,0xff,0xff,0xff,
    0xff,0xff,0xff,0xff,0xff,0xff,0xff,0xff,0xff,0xff,0xff,0xff,0xff,0xff,0xff,0xff,
    0xff,0xff,0xff,0xff,0xff,0xff,0xff,0xff,0xff,0xff,0xff,0xff,0xff,0xff,0xff,0xff,
    0xff,0xff,0xff,0xff,0xff,0xff,0xff,0xff,0xff,0xff,0xff,0xff,0xff,0xff,0xff,0xff,
    0xff,0xff,0xff,0xff,0xff,0xff,0xff,0xff,0xff,0xff,0xff,0xff,0xff,0xff,0xff,0xff,
    0xff,0xff,0xff,0xff,0xff,0xff,0xff,0xff,0xff,0xff,0xff,0xff,0xff,0xff,0xff,0xff,
    0xff,0xff,0xff,0xff,0xff,0xff,0xff,0xff,0xff,0xff,0xff,0xff,0xff,0xff,0xff,0xff,
    0xff,0xff,0xff,0xff,0xff,0xff,0xff,0xff,0xff,0xff,0xff,0xff,0xff,0xff,0xff,0xff,
    0xff,0xff,0xff,0xff,0xff,0xff,0xff,0xff,0xff,0xff,0xff,0xff,0xff,0xff,0xff,0xff,
    0xff,0xff,0xff,0xff,0xff,0xff,0xff,0xff,0xff,0xff,0xff,0xff,0xff,0xff,0xff,0xff,
    0xff,0xff,0xff,0xff,0xff,0xff,0xff,0xff,0xff,0xff,0xff,0xff,0xff,0xff,0xff,0xff,
    0xff,0xff,0xff,0xff,0xff,0xff,0xff,0xff,0xff,0xff,0xff,0xff,0xff,0xff,0xff,0xff,
    0xff,0xff,0xff,0xff,0xff,0xff,0xff,0xff,0xff,0xff,0xff,0xff,0xff,0xff,0xff,0xff,
    0xff,0xff,0xff,0xff,0xff,0xff,0xff,0xff,0xff,0xff,0xff,0xff,0xff,0xff,0xff,0xff,
    0xff,0xff,0xff,0xff,0xff,0xff,0xff,0xff,0xff,0xff,0xff,0xff,0xff,0xff,0xff,0xff,
    0xff,0xff,0xff,0xff,0xff,0xff,0xff,0xff,0xff,0xff,0xff,0xff,0xff,0xff,0xff,0xff,
    0xff,0xff,0xff,0xff,0xff,0xff,0xff,0xff,0xff,0xff,0xff,0xff,0xff,0xff,0xff,0xff,
    0xff,0xff,0xff,0xff,0xff,0xff,0xff,0xff,0xff,0xff,0xff,0xff,0xff,0xff,0xff,0xff,
    0xff,0xff,0xff,0xff,0xff,0xff,0xff,0xff,0xff,0xff,0xff,0xff,0xff,0xff,0xff,0xff,
    0xff,0xff,0xff,0xff,0xff,0xff,0xff,0xff,0xff,0xff,0xff,0xff,0xff,0xff,0xff,0xff,
    0xff,0xff,0xff,0xff,0xff,0xff,0xff,0xff,0xff,0xff,0xff,0xff,0xff,0xff,0xff,0xff,
    0xff,0xff,0xff,0xff,0xff,0xff,0xff,0xff,0xff,0xff,0xff,0xff,0xff,0xff,0xff,0xff,
    0xff,0xff,0xff,0xff,0xff,0xff,0xff,0xff,0xff,0xff,0xff,0xff,0xff,0xff,0xff,0xff,
    0xff,0xff,0xff,0xff,0xff,0xff,0xff,0xff,0xff,0xff,0xff,0xff,0xff,0xff,0xff,0xff,
    0xff,0xff,0xff,0xff,0xff,0xff,0xff,0xff,0xff,0xff,0xff,0xff,0xff,0xff,0xff,0xff,
    0xff,0xff,0xff,0xff,0xff,0xff,0xff,0xff,0xff,0xff,0xff,0xff,0xff,0xff,0xff,0xff,
    0xff,0xff,0xff,0xff,0xff,0xff,0xff,0xff,0xff,0xff,0xff,0xff,0xff,0xff,0xff,0xff,
    0xff,0xff,0xff,0xff,0xff,0xff,0xff,0xff,0xff,0xff,0xff,0xff,0xff,0xff,0xff,0xff,
    0xff,0xff,0xff,0xff,0xff,0xff,0xff,0xff,0xff,0xff,0xff,0xff,0xff,0xff,0xff,0xff,
    0xff,0xff,0xff,0xff,0xff,0xff,0xff,0xff,0xff,0xff,0xff,0xff,0xff,0xff,0xff,0xff,
    0xff,0xff,0xff,0xff,0xff,0xff,0xff,0xff,0xff,0xff,0xff,0xff,0xff,0xff,0xff,0xff,
    0xff,0xff,0xff,0xff,0xff,0xff,0xff,0xff,0xff,0xff,0xff,0xff,0xff,0xff,0xff,0xff,
    0xff,0xff,0xff,0xff,0xff,0xff,0xff,0xff,0xff,0xff,0xff,0xff,0xff,0xff,0xff,0xff,
    0xff,0xff,0xff,0xff,0xff,0xff,0xff,0xff,0xff,0xff,0xff,0xff,0xff,0xff,0xff,0xff,
    0xff,0xff,0xff,0xff,0xff,0xff,0xff,0xff,0xff,0xff,0xff,0xff,0xff,0xff,0xff,0xff,
    0xff,0xff,0xff,0xff,0xff,0xff,0xff,0xff,0xff,0xff,0xff,0xff,0xff,0xff,0xff,0xff,
    0xff,0xff,0xff,0xff,0xff,0xff,0xff,0xff,0xff,0xff,0xff,0xff,0xff,0xff,0xff,0xff,
    0xff,0xff,0xff,0xff,0xff,0xff,0xff,0xff,0xff,0xff,0xff,0xff,0xff,0xff,0xff,0xff,
    0xff,0xff,0xff,0xff,0xff,0xff,0xff,0xff,0xff,0xff,0xff,0xff,0xff,0xff,0xff,0xff,
    0xff,0xff,0xff,0xff,0xff,0xff,0xff,0xff,0xff,0xff,0xff,0xff,0xff,0xff,0xff,0xff,
    0xff,0xff,0xff,0xff,0xff,0xff,0xff,0xff,0xff,0xff,0xff,0xff,0xff,0xff,0xff,0xff,
    0xff,0xff,0xff,0xff,0xff,0xff,0xff,0xff,0xff,0xff,0xff,0xff,0xff,0xff,0xff,0xff,
    0xff,0xff,0xff,0xff,0xff,0xff,0xff,0xff,0xff,0xff,0xff,0xff,0xff,0xff,0xff,0xff,
    0xff,0xff,0xff,0xff,0xff,0xff,0xff,0xff,0xff,0xff,0xff,0xff,0xff,0xff,0xff,0xff,
    0xff,0xff,0xff,0xff,0xff,0xff,0xff,0xff,0xff,0xff,0xff,0xff,0xff,0xff,0xff,0xff,
    0xff,0xff,0xff,0xff,0xff,0xff,0xff,0xff,0xff,0xff,0xff,0xff,0xff,0xff,0xff,0xff,
    0xff,0xff,0xff,0xff,0xff,0xff,0xff,0xff,0xff,0xff,0xff,0xff,0xff,0xff,0xff,0xff,
    0xff,0xff,0xff,0xff,0xff,0xff,0xff,0xff,0xff,0xff,0xff,0xff,0xff,0xff,0xff,0xff,
    0xff,0xff,0xff,0xff,0xff,0xff,0xff,0xff,0xff,0xff,0xff,0xff,0xff,0xff,0xff,0xff,
    0xff,0xff,0xff,0xff,0xff,0xff,0xff,0xff,0xff,0xff,0xff,0xff,0xff,0xff,0xff,0xff,
    0xff,0xff,0xff,0xff,0xff,0xff,0xff,0xff,0xff,0xff,0xff,0xff,0xff,0xff,0xff,0xff,
    0xff,0xff,0xff,0xff,0xff,0xff,0xff,0xff,0xff,0xff,0xff,0xff,0xff,0xff,0xff,0xff,
    0xff,0xff,0xff,0xff,0xff,0xff,0xff,0xff,0xff,0xff,0xff,0xff,0xff,0xff,0xff,0xff,
    0xff,0xff,0xff,0xff,0xff,0xff,0xff,0xff,0xff,0xff,0xff,0xff,0xff,0xff,0xff,0xff,
    0xff,0xff,0xff,0xff,0xff,0xff,0xff,0xff,0xff,0xff,0xff,0xff,0xff,0xff,0xff,0xff,
    0xff,0xff,0xff,0xff,0xff,0xff,0xff,0xff,0xff,0xff,0xff,0xff,0xff,0xff,0xff,0xff,
    0xff,0xff,0xff,0xff,0xff,0xff,0xff,0xff,0xff,0xff,0xff,0xff,0xff,0xff,0xff,0xff,
    0xff,0xff,0xff,0xff,0xff,0xff,0xff,0xff,0xff,0xff,0xff,0xff,0xff,0xff,0xff,0xff,
    0xff,0xff,0xff,0xff,0xff,0xff,0xff,0xff,0xff,0xff,0xff,0xff,0xff,0xff,0xff,0xff,
    0xff,0xff,0xff,0xff,0xff,0xff,0xff,0xff,0xff,0xff,0xff,0xff,0xff,0xff,0xff,0xff,
    0xff,0xff,0xff,0xff,0xff,0xff,0xff,0xff,0xff,0xff,0xff,0xff,0xff,0xff,0xff,0xff,
    0xff,0xff,0xff,0xff,0xff,0xff,0xff,0xff,0xff,0xff,0xff,0xff,0xff,0xff,0xff,0xff,
    0xff,0xff,0xff,0xff,0xff,0xff,0xff,0xff,0xff,0xff,0xff,0xff,0xff,0xff,0xff,0xff,
    0xff,0xff,0xff,0xff,0xff,0xff,0xff,0xff,0xff,0xff,0xff,0xff,0xff,0xff,0xff,0xff,
    0xff,0xff,0xff,0xff,0xff,0xff,0xff,0xff,0xff,0xff,0xff,0xff,0xff,0xff,0xff,0xff,
    0xff,0xff,0xff,0xff,0xff,0xff,0xff,0xff,0xff,0xff,0xff,0xff,0xff,0xff,0xff,0xff,
    0xff,0xff,0xff,0xff,0xff,0xff,0xff,0xff,0xff,0xff,0xff,0xff,0xff,0xff,0xff,0xff,
    0xff,0xff,0xff,0xff,0xff,0xff,0xff,0xff,0xff,0xff,0xff,0xff,0xff,0xff,0xff,0xff,
    0xff,0xff,0xff,0xff,0xff,0xff,0xff,0xff,0xff,0xff,0xff,0xff,0xff,0xff,0xff,0xff,
    0xff,0xff,0xff,0xff,0xff,0xff,0xff,0xff,0xff,0xff,0xff,0xff,0xff,0xff,0xff,0xff,
    0xff,0xff,0xff,0xff,0xff,0xff,0xff,0xff,0xff,0xff,0xff,0xff,0xff,0xff,0xff,0xff,
    0xff,0xff,0xff,0xff,0xff,0xff,0xff,0xff,0xff,0xff,0xff,0xff,0xff,0xff,0xff,0xff,
    0xff,0xff,0xff,0xff,0xff,0xff,0xff,0xff,0xff,0xff,0xff,0xff,0xff,0xff,0xff,0xff,
    0xff,0xff,0xff,0xff,0xff,0xff,0xff,0xff,0xff,0xff,0xff,0xff,0xff,0xff,0xff,0xff,
    0xff,0xff,0xff,0xff,0xff,0xff,0xff,0xff,0xff,0xff,0xff,0xff,0xff,0xff,0xff,0xff,
    0xff,0xff,0xff,0xff,0xff,0xff,0xff,0xff,0xff,0xff,0xff,0xff,0xff,0xff,0xff,0xff,
    0xff,0xff,0xff,0xff,0xff,0xff,0xff,0xff,0xff,0xff,0xff,0xff,0xff,0xff,0xff,0xff,
    0xff,0xff,0xff,0xff,0xff,0xff,0xff,0xff,0xff,0xff,0xff,0xff,0xff,0xff,0xff,0xff,
    0xff,0xff,0xff,0xff,0xff,0xff,0xff,0xff,0xff,0xff,0xff,0xff,0xff,0xff,0xff,0xff,
    0xff,0xff,0xff,0xff,0xff,0xff,0xff,0xff,0xff,0xff,0xff,0xff,0xff,0xff,0xff,0xff,
    0xff,0xff,0xff,0xff,0xff,0xff,0xff,0xff,0xff,0xff,0xff,0xff,0xff,0xff,0xff,0xff,
    0xff,0xff,0xff,0xff,0xff,0xff,0xff,0xff,0xff,0xff,0xff,0xff,0xff,0xff,0xff,0xff,
    0xff,0xff,0xff,0xff,0xff,0xff,0xff,0xff,0xff,0xff,0xff,0xff,0xff,0xff,0xff,0xff,
    0xff,0xff,0xff,0xff,0xff,0xff,0xff,0xff,0xff,0xff,0xff,0xff,0xff,0xff,0xff,0xff,
    0xff,0xff,0xff,0xff,0xff,0xff,0xff,0xff,0xff,0xff,0xff,0xff,0xff,0xff,0xff,0xff,
    0xff,0xff,0xff,0xff,0xff,0xff,0xff,0xff,0xff,0xff,0xff,0xff,0xff,0xff,0xff,0xff,
    0xff,0xff,0xff,0xff,0xff,0xff,0xff,0xff,0xff,0xff,0xff,0xff,0xff,0xff,0xff,0xff,
    0xff,0xff,0xff,0xff,0xff,0xff,0xff,0xff,0xff,0xff,0xff,0xff,0xff,0xff,0xff,0xff,
    0xff,0xff,0xff,0xff,0xff,0xff,0xff,0xff,0xff,0xff,0xff,0xff,0xff,0xff,0xff,0xff,
    0xff,0xff,0xff,0xff,0xff,0xff,0xff,0xff,0xff,0xff,0xff,0xff,0xff,0xff,0xff,0xff,
    0xff,0xff,0xff,0xff,0xff,0xff,0xff,0xff,0xff,0xff,0xff,0xff,0xff,0xff,0xff,0xff,
    0xff,0xff,0xff,0xff,0xff,0xff,0xff,0xff,0xff,0xff,0xff,0xff,0xff,0xff,0xff,0xff,
    0xff,0xff,0xff,0xff,0xff,0xff,0xff,0xff,0xff,0xff,0xff,0xff,0xff,0xff,0xff,0xff,
    0xff,0xff,0xff,0xff,0xff,0xff,0xff,0xff,0xff,0xff,0xff,0xff,0xff,0xff,0xff,0xff,
    0xff,0xff,0xff,0xff,0xff,0xff,0xff,0xff,0xff,0xff,0xff,0xff,0xff,0xff,0xff,0xff,
    0xff,0xff,0xff,0xff,0xff,0xff,0xff,0xff,0xff,0xff,0xff,0xff,0xff,0xff,0xff,0xff,
    0xff,0xff,0xff,0xff,0xff,0xff,0xff,0xff,0xff,0xff,0xff,0xff,0xff,0xff,0xff,0xff,
    0xff,0xff,0xff,0xff,0xff,0xff,0xff,0xff,0xff,0xff,0xff,0xff,0xff,0xff,0xff,0xff,
    0xff,0xff,0xff,0xff,0xff,0xff,0xff,0xff,0xff,0xff,0xff,0xff,0xff,0xff,0xff,0xff,
    0xff,0xff,0xff,0xff,0xff,0xff,0xff,0xff,0xff,0xff,0xff,0xff,0xff,0xff,0xff,0xff,
    0xff,0xff,0xff,0xff,0xff,0xff,0xff,0xff,0xff,0xff,0xff,0xff,0xff,0xff,0xff,0xff,
    0xff,0xff,0xff,0xff,0xff,0xff,0xff,0xff,0xff,0xff,0xff,0xff,0xff,0xff,0xff,0xff,
    0xff,0xff,0xff,0xff,0xff,0xff,0xff,0xff,0xff,0xff,0xff,0xff,0xff,0xff,0xff,0xff,
    0xff,0xff,0xff,0xff,0xff,0xff,0xff,0xff,0xff,0xff,0xff,0xff,0xff,0xff,0xff,0xff,
    0xff,0xff,0xff,0xff,0xff,0xff,0xff,0xff,0xff,0xff,0xff,0xff,0xff,0xff,0xff,0xff,
    0xff,0xff,0xff,0xff,0xff,0xff,0xff,0xff,0xff,0xff,0xff,0xff,0xff,0xff,0xff,0xff,
    0xff,0xff,0xff,0xff,0xff,0xff,0xff,0xff,0xff,0xff,0xff,0xff,0xff,0xff,0xff,0xff,
    0xff,0xff,0xff,0xff,0xff,0xff,0xff,0xff,0xff,0xff,0xff,0xff,0xff,0xff,0xff,0xff,
    0xff,0xff,0xff,0xff,0xff,0xff,0xff,0xff,0xff,0xff,0xff,0xff,0xff,0xff,0xff,0xff,
    0xff,0xff,0xff,0xff,0xff,0xff,0xff,0xff,0xff,0xff,0xff,0xff,0xff,0xff,0xff,0xff,
    0xff,0xff,0xff,0xff,0xff,0xff,0xff,0xff,0xff,0xff,0xff,0xff,0xff,0xff,0xff,0xff,
    0xff,0xff,0xff,0xff,0xff,0xff,0xff,0xff,0xff,0xff,0xff,0xff,0xff,0xff,0xff,0xff,
    0xff,0xff,0xff,0xff,0xff,0xff,0xff,0xff,0xff,0xff,0xff,0xff,0xff,0xff,0xff,0xff,
    0xff,0xff,0xff,0xff,0xff,0xff,0xff,0xff,0xff,0xff,0xff,0xff,0xff,0xff,0xff,0xff,
    0xff,0xff,0xff,0xff,0xff,0xff,0xff,0xff,0xff,0xff,0xff,0xff,0xff,0xff,0xff,0xff,
    0xff,0xff,0xff,0xff,0xff,0xff,0xff,0xff,0xff,0xff,0xff,0xff,0xff,0xff,0xff,0xff,
    0xff,0xff,0xff,0xff,0xff,0xff,0xff,0xff,0xff,0xff,0xff,0xff,0xff,0xff,0xff,0xff,
    0xff,0xff,0xff,0xff,0xff,0xff,0xff,0xff,0xff,0xff,0xff,0xff,0xff,0xff,0xff,0xff,
    0xff,0xff,0xff,0xff,0xff,0xff,0xff,0xff,0xff,0xff,0xff,0xff,0xff,0xff,0xff,0xff,
    0xff,0xff,0xff,0xff,0xff,0xff,0xff,0xff,0xff,0xff,0xff,0xff,0xff,0xff,0xff,0xff,
    0xff,0xff,0xff,0xff,0xff,0xff,0xff,0xff,0xff,0xff,0xff,0xff,0xff,0xff,0xff,0xff,
    0xff,0xff,0xff,0xff,0xff,0xff,0xff,0xff,0xff,0xff,0xff,0xff,0xff,0xff,0xff,0xff,
    0xff,0xff,0xff,0xff,0xff,0xff,0xff,0xff,0xff,0xff,0xff,0xff,0xff,0xff,0xff,0xff,
    0xff,0xff,0xff,0xff,0xff,0xff,0xff,0xff,0xff,0xff,0xff,0xff,0xff,0xff,0xff,0xff,
    0xff,0xff,0xff,0xff,0xff,0xff,0xff,0xff,0xff,0xff,0xff,0xff,0xff,0xff,0xff,0xff,
    0xff,0xff,0xff,0xff,0xff,0xff,0xff,0xff,0xff,0xff,0xff,0xff,0xff,0xff,0xff,0xff,
    0xff,0xff,0xff,0xff,0xff,0xff,0xff,0xff,0xff,0xff,0xff,0xff,0xff,0xff,0xff,0xff,
    0xff,0xff,0xff,0xff,0xff,0xff,0xff,0xff,0xff,0xff,0xff,0xff,0xff,0xff,0xff,0xff,
    0xff,0xff,0xff,0xff,0xff,0xff,0xff,0xff,0xff,0xff,0xff,0xff,0xff,0xff,0xff,0xff,
    0xff,0xff,0xff,0xff,0xff,0xff,0xff,0xff,0xff,0xff,0xff,0xff,0xff,0xff,0xff,0xff,
    0xff,0xff,0xff,0xff,0xff,0xff,0xff,0xff,0xff,0xff,0xff,0xff,0xff,0xff,0xff,0xff,
    0xff,0xff,0xff,0xff,0xff,0xff,0xff,0xff,0xff,0xff,0xff,0xff,0xff,0xff,0xff,0xff,
    0xff,0xff,0xff,0xff,0xff,0xff,0xff,0xff,0xff,0xff,0xff,0xff,0xff,0xff,0xff,0xff,
    0xff,0xff,0xff,0xff,0xff,0xff,0xff,0xff,0xff,0xff,0xff,0xff,0xff,0xff,0xff,0xff,
    0xff,0xff,0xff,0xff,0xff,0xff,0xff,0xff,0xff,0xff,0xff,0xff,0xff,0xff,0xff,0xff,
    0xff,0xff,0xff,0xff,0xff,0xff,0xff,0xff,0xff,0xff,0xff,0xff,0xff,0xff,0xff,0xff,
    0xff,0xff,0xff,0xff,0xff,0xff,0xff,0xff,0xff,0xff,0xff,0xff,0xff,0xff,0xff,0xff,
    0xff,0xff,0xff,0xff,0xff,0xff,0xff,0xff,0xff,0xff,0xff,0xff,0xff,0xff,0xff,0xff,
    0xff,0xff,0xff,0xff,0xff,0xff,0xff,0xff,0xff,0xff,0xff,0xff,0xff,0xff,0xff,0xff,
    0xff,0xff,0xff,0xff,0xff,0xff,0xff,0xff,0xff,0xff,0xff,0xff,0xff,0xff,0xff,0xff,
    0xff,0xff,0xff,0xff,0xff,0xff,0xff,0xff,0xff,0xff,0xff,0xff,0xff,0xff,0xff,0xff,
    0xff,0xff,0xff,0xff,0xff,0xff,0xff,0xff,0xff,0xff,0xff,0xff,0xff,0xff,0xff,0xff,
    0xff,0xff,0xff,0xff,0xff,0xff,0xff,0xff,0xff,0xff,0xff,0xff,0xff,0xff,0xff,0xff,
    0xff,0xff,0xff,0xff,0xff,0xff,0xff,0xff,0xff,0xff,0xff,0xff,0xff,0xff,0xff,0xff,
    0xff,0xff,0xff,0xff,0xff,0xff,0xff,0xff,0xff,0xff,0xff,0xff,0xff,0xff,0xff,0xff,
    0xff,0xff,0xff,0xff,0xff,0xff,0xff,0xff,0xff,0xff,0xff,0xff,0xff,0xff,0xff,0xff,
    0xff,0xff,0xff,0xff,0xff,0xff,0xff,0xff,0xff,0xff,0xff,0xff,0xff,0xff,0xff,0xff,
    0xff,0xff,0xff,0xff,0xff,0xff,0xff,0xff,0xff,0xff,0xff,0xff,0xff,0xff,0xff,0xff,
    0xff,0xff,0xff,0xff,0xff,0xff,0xff,0xff,0xff,0xff,0xff,0xff,0xff,0xff,0xff,0xff,
    0xff,0xff,0xff,0xff,0xff,0xff,0xff,0xff,0xff,0xff,0xff,0xff,0xff,0xff,0xff,0xff,
    0xff,0xff,0xff,0xff,0xff,0xff,0xff,0xff,0xff,0xff,0xff,0xff,0xff,0xff,0xff,0xff,
    0xff,0xff,0xff,0xff,0xff,0xff,0xff,0xff,0xff,0xff,0xff,0xff,0xff,0xff,0xff,0xff,
    0xff,0xff,0xff,0xff,0xff,0xff,0xff,0xff,0xff,0xff,0xff,0xff,0xff,0xff,0xff,0xff,
    0xff,0xff,0xff,0xff,0xff,0xff,0xff,0xff,0xff,0xff,0xff,0xff,0xff,0xff,0xff,0xff,
    0xff,0xff,0xff,0xff,0xff,0xff,0xff,0xff,0xff,0xff,0xff,0xff,0xff,0xff,0xff,0xff,
    0xff,0xff,0xff,0xff,0xff,0xff,0xff,0xff,0xff,0xff,0xff,0xff,0xff,0xff,0xff,0xff,
    0xff,0xff,0xff,0xff,0xff,0xff,0xff,0xff,0xff,0xff,0xff,0xff,0xff,0xff,0xff,0xff,
    0xff,0xff,0xff,0xff,0xff,0xff,0xff,0xff,0xff,0xff,0xff,0xff,0xff,0xff,0xff,0xff,
    0xff,0xff,0xff,0xff,0xff,0xff,0xff,0xff,0xff,0xff,0xff,0xff,0xff,0xff,0xff,0xff,
    0xff,0xff,0xff,0xff,0xff,0xff,0xff,0xff,0xff,0xff,0xff,0xff,0xff,0xff,0xff,0xff,
    0xff,0xff,0xff,0xff,0xff,0xff,0xff,0xff,0xff,0xff,0xff,0xff,0xff,0xff,0xff,0xff,
    0xff,0xff,0xff,0xff,0xff,0xff,0xff,0xff,0xff,0xff,0xff,0xff,0xff,0xff,0xff,0xff,
    0xff,0xff,0xff,0xff,0xff,0xff,0xff,0xff,0xff,0xff,0xff,0xff,0xff,0xff,0xff,0xff,
    0xff,0xff,0xff,0xff,0xff,0xff,0xff,0xff,0xff,0xff,0xff,0xff,0xff,0xff,0xff,0xff,
    0xff,0xff,0xff,0xff,0xff,0xff,0xff,0xff,0xff,0xff,0xff,0xff,0xff,0xff,0xff,0xff,
    0xff,0xff,0xff,0xff,0xff,0xff,0xff,0xff,0xff,0xff,0xff,0xff,0xff,0xff,0xff,0xff,
    0xff,0xff,0xff,0xff,0xff,0xff,0xff,0xff,0xff,0xff,0xff,0xff,0xff,0xff,0xff,0xff,
    0xff,0xff,0xff,0xff,0xff,0xff,0xff,0xff,0xff,0xff,0xff,0xff,0xff,0xff,0xff,0xff,
    0xff,0xff,0xff,0xff,0xff,0xff,0xff,0xff,0xff,0xff,0xff,0xff,0xff,0xff,0xff,0xff,
    0xff,0xff,0xff,0xff,0xff,0xff,0xff,0xff,0xff,0xff,0xff,0xff,0xff,0xff,0xff,0xff,
    0xff,0xff,0xff,0xff,0xff,0xff,0xff,0xff,0xff,0xff,0xff,0xff,0xff,0xff,0xff,0xff,
    0xff,0xff,0xff,0xff,0xff,0xff,0xff,0xff,0xff,0xff,0xff,0xff,0xff,0xff,0xff,0xff,
    0xff,0xff,0xff,0xff,0xff,0xff,0xff,0xff,0xff,0xff,0xff,0xff,0xff,0xff,0xff,0xff,
    0xff,0xff,0xff,0xff,0xff,0xff,0xff,0xff,0xff,0xff,0xff,0xff,0xff,0xff,0xff,0xff,
    0xff,0xff,0xff,0xff,0xff,0xff,0xff,0xff,0xff,0xff,0xff,0xff,0xff,0xff,0xff,0xff,
    0xff,0xff,0xff,0xff,0xff,0xff,0xff,0xff,0xff,0xff,0xff,0xff,0xff,0xff,0xff,0xff,
    0xff,0xff,0xff,0xff,0xff,0xff,0xff,0xff,0xff,0xff,0xff,0xff,0xff,0xff,0xff,0xff,
    0xff,0xff,0xff,0xff,0xff,0xff,0xff,0xff,0xff,0xff,0xff,0xff,0xff,0xff,0xff,0xff,
    0xff,0xff,0xff,0xff,0xff,0xff,0xff,0xff,0xff,0xff,0xff,0xff,0xff,0xff,0xff,0xff,
    0xff,0xff,0xff,0xff,0xff,0xff,0xff,0xff,0xff,0xff,0xff,0xff,0xff,0xff,0xff,0xff,
    0xff,0xff,0xff,0xff,0xff,0xff,0xff,0xff,0xff,0xff,0xff,0xff,0xff,0xff,0xff,0xff,
    0xff,0xff,0xff,0xff,0xff,0xff,0xff,0xff,0xff,0xff,0xff,0xff,0xff,0xff,0xff,0xff,
    0xff,0xff,0xff,0xff,0xff,0xff,0xff,0xff,0xff,0xff,0xff,0xff,0xff,0xff,0xff,0xff,
    0xff,0xff,0xff,0xff,0xff,0xff,0xff,0xff,0xff,0xff,0xff,0xff,0xff,0xff,0xff,0xff,
    0xff,0xff,0xff,0xff,0xff,0xff,0xff,0xff,0xff,0xff,0xff,0xff,0xff,0xff,0xff,0xff,
    0xff,0xff,0xff,0xff,0xff,0xff,0xff,0xff,0xff,0xff,0xff,0xff,0xff,0xff,0xff,0xff,
    0xff,0xff,0xff,0xff,0xff,0xff,0xff,0xff,0xff,0xff,0xff,0xff,0xff,0xff,0xff,0xff,
    0xff,0xff,0xff,0xff,0xff,0xff,0xff,0xff,0xff,0xff,0xff,0xff,0xff,0xff,0xff,0xff,
    0xff,0xff,0xff,0xff,0xff,0xff,0xff,0xff,0xff,0xff,0xff,0xff,0xff,0xff,0xff,0xff,
    0xff,0xff,0xff,0xff,0xff,0xff,0xff,0xff,0xff,0xff,0xff,0xff,0xff,0xff,0xff,0xff,
    0xff,0xff,0xff,0xff,0xff,0xff,0xff,0xff,0xff,0xff,0xff,0xff,0xff,0xff,0xff,0xff,
    0xff,0xff,0xff,0xff,0xff,0xff,0xff,0xff,0xff,0xff,0xff,0xff,0xff,0xff,0xff,0xff,
    0xff,0xff,0xff,0xff,0xff,0xff,0xff,0xff,0xff,0xff,0xff,0xff,0xff,0xff,0xff,0xff,
    0xff,0xff,0xff,0xff,0xff,0xff,0xff,0xff,0xff,0xff,0xff,0xff,0xff,0xff,0xff,0xff,
    0xff,0xff,0xff,0xff,0xff,0xff,0xff,0xff,0xff,0xff,0xff,0xff,0xff,0xff,0xff,0xff,
    0xff,0xff,0xff,0xff,0xff,0xff,0xff,0xff,0xff,0xff,0xff,0xff,0xff,0xff,0xff,0xff,
    0xff,0xff,0xff,0xff,0xff,0xff,0xff,0xff,0xff,0xff,0xff,0xff,0xff,0xff,0xff,0xff,
    0xff,0xff,0xff,0xff,0xff,0xff,0xff,0xff,0xff,0xff,0xff,0xff,0xff,0xff,0xff,0xff,
    0xff,0xff,0xff,0xff,0xff,0xff,0xff,0xff,0xff,0xff,0xff,0xff,0xff,0xff,0xff,0xff,
    0xff,0xff,0xff,0xff,0xff,0xff,0xff,0xff,0xff,0xff,0xff,0xff,0xff,0xff,0xff,0xff,
    0xff,0xff,0xff,0xff,0xff,0xff,0xff,0xff,0xff,0xff,0xff,0xff,0xff,0xff,0xff,0xff,
    0xff,0xff,0xff,0xff,0xff,0xff,0xff,0xff,0xff,0xff,0xff,0xff,0xff,0xff,0xff,0xff,
    0xff,0xff,0xff,0xff,0xff,0xff,0xff,0xff,0xff,0xff,0xff,0xff,0xff,0xff,0xff,0xff,
    0xff,0xff,0xff,0xff,0xff,0xff,0xff,0xff,0xff,0xff,0xff,0xff,0xff,0xff,0xff,0xff,
    0xff,0xff,0xff,0xff,0xff,0xff,0xff,0xff,0xff,0xff,0xff,0xff,0xff,0xff,0xff,0xff,
    0xff,0xff,0xff,0xff,0xff,0xff,0xff,0xff,0xff,0xff,0xff,0xff,0xff,0xff,0xff,0xff,
    0xff,0xff,0xff,0xff,0xff,0xff,0xff,0xff,0xff,0xff,0xff,0xff,0xff,0xff,0xff,0xff,
    0xff,0xff,0xff,0xff,0xff,0xff,0xff,0xff,0xff,0xff,0xff,0xff,0xff,0xff,0xff,0xff,
    0xff,0xff,0xff,0xff,0xff,0xff,0xff,0xff,0xff,0xff,0xff,0xff,0xff,0xff,0xff,0xff,
    0xff,0xff,0xff,0xff,0xff,0xff,0xff,0xff,0xff,0xff,0xff,0xff,0xff,0xff,0xff,0xff,
    0xff,0xff,0xff,0xff,0xff,0xff,0xff,0xff,0xff,0xff,0xff,0xff,0xff,0xff,0xff,0xff,
    0xff,0xff,0xff,0xff,0xff,0xff,0xff,0xff,0xff,0xff,0xff,0xff,0xff,0xff,0xff,0xff,
    0xff,0xff,0xff,0xff,0xff,0xff,0xff,0xff,0xff,0xff,0xff,0xff,0xff,0xff,0xff,0xff,
    0xff,0xff,0xff,0xff,0xff,0xff,0xff,0xff,0xff,0xff,0xff,0xff,0xff,0xff,0xff,0xff,
    0xff,0xff,0xff,0xff,0xff,0xff,0xff,0xff,0xff,0xff,0xff,0xff,0xff,0xff,0xff,0xff,
    0xff,0xff,0xff,0xff,0xff,0xff,0xff,0xff,0xff,0xff,0xff,0xff,0xff,0xff,0xff,0xff,
    0xff,0xff,0xff,0xff,0xff,0xff,0xff,0xff,0xff,0xff,0xff,0xff,0xff,0xff,0xff,0xff,
    0xff,0xff,0xff,0xff,0xff,0xff,0xff,0xff,0xff,0xff,0xff,0xff,0xff,0xff,0xff,0xff,
    0xff,0xff,0xff,0xff,0xff,0xff,0xff,0xff,0xff,0xff,0xff,0xff,0xff,0xff,0xff,0xff,
    0xff,0xff,0xff,0xff,0xff,0xff,0xff,0xff,0xff,0xff,0xff,0xff,0xff,0xff,0xff,0xff,
    0xff,0xff,0xff,0xff,0xff,0xff,0xff,0xff,0xff,0xff,0xff,0xff,0xff,0xff,0xff,0xff,
    0xff,0xff,0xff,0xff,0xff,0xff,0xff,0xff,0xff,0xff,0xff,0xff,0xff,0xff,0xff,0xff,
    0xff,0xff,0xff,0xff,0xff,0xff,0xff,0xff,0xff,0xff,0xff,0xff,0xff,0xff,0xff,0xff,
    0xff,0xff,0xff,0xff,0xff,0xff,0xff,0xff,0xff,0xff,0xff,0xff,0xff,0xff,0xff,0xff,
    0xff,0xff,0xff,0xff,0xff,0xff,0xff,0xff,0xff,0xff,0xff,0xff,0xff,0xff,0xff,0xff,
    0xff,0xff,0xff,0xff,0xff,0xff,0xff,0xff,0xff,0xff,0xff,0xff,0xff,0xff,0xff,0xff,
    0xff,0xff,0xff,0xff,0xff,0xff,0xff,0xff,0xff,0xff,0xff,0xff,0xff,0xff,0xff,0xff,
    0xff,0xff,0xff,0xff,0xff,0xff,0xff,0xff,0xff,0xff,0xff,0xff,0xff,0xff,0xff,0xff,
    0xff,0xff,0xff,0xff,0xff,0xff,0xff,0xff,0xff,0xff,0xff,0xff,0xff,0xff,0xff,0xff,
    0xff,0xff,0xff,0xff,0xff,0xff,0xff,0xff,0xff,0xff,0xff,0xff,0xff,0xff,0xff,0xff,
    0xff,0xff,0xff,0xff,0xff,0xff,0xff,0xff,0xff,0xff,0xff,0xff,0xff,0xff,0xff,0xff,
    0xff,0xff,0xff,0xff,0xff,0xff,0xff,0xff,0xff,0xff,0xff,0xff,0xff,0xff,0xff,0xff,
    0xff,0xff,0xff,0xff,0xff,0xff,0xff,0xff,0xff,0xff,0xff,0xff,0xff,0xff,0xff,0xff,
    0xff,0xff,0xff,0xff,0xff,0xff,0xff,0xff,0xff,0xff,0xff,0xff,0xff,0xff,0xff,0xff,
    0xff,0xff,0xff,0xff,0xff,0xff,0xff,0xff,0xff,0xff,0xff,0xff,0xff,0xff,0xff,0xff,
    0xff,0xff,0xff,0xff,0xff,0xff,0xff,0xff,0xff,0xff,0xff,0xff,0xff,0xff,0xff,0xff,
    0xff,0xff,0xff,0xff,0xff,0xff,0xff,0xff,0xff,0xff,0xff,0xff,0xff,0xff,0xff,0xff,
    0xff,0xff,0xff,0xff,0xff,0xff,0xff,0xff,0xff,0xff,0xff,0xff,0xff,0xff,0xff,0xff,
    0xff,0xff,0xff,0xff,0xff,0xff,0xff,0xff,0xff,0xff,0xff,0xff,0xff,0xff,0xff,0xff,
    0xff,0xff,0xff,0xff,0xff,0xff,0xff,0xff,0xff,0xff,0xff,0xff,0xff,0xff,0xff,0xff,
    0xff,0xff,0xff,0xff,0xff,0xff,0xff,0xff,0xff,0xff,0xff,0xff,0xff,0xff,0xff,0xff,
    0xff,0xff,0xff,0xff,0xff,0xff,0xff,0xff,0xff,0xff,0xff,0xff,0xff,0xff,0xff,0xff,
    0xff,0xff,0xff,0xff,0xff,0xff,0xff,0xff,0xff,0xff,0xff,0xff,0xff,0xff,0xff,0xff,
    0xff,0xff,0xff,0xff,0xff,0xff,0xff,0xff,0xff,0xff,0xff,0xff,0xff,0xff,0xff,0xff,
    0xff,0xff,0xff,0xff,0xff,0xff,0xff,0xff,0xff,0xff,0xff,0xff,0xff,0xff,0xff,0xff,
    0xff,0xff,0xff,0xff,0xff,0xff,0xff,0xff,0xff,0xff,0xff,0xff,0xff,0xff,0xff,0xff,
    0xff,0xff,0xff,0xff,0xff,0xff,0xff,0xff,0xff,0xff,0xff,0xff,0xff,0xff,0xff,0xff,
    0xff,0xff,0xff,0xff,0xff,0xff,0xff,0xff,0xff,0xff,0xff,0xff,0xff,0xff,0xff,0xff,
    0xff,0xff,0xff,0xff,0xff,0xff,0xff,0xff,0xff,0xff,0xff,0xff,0xff,0xff,0xff,0xff,
    0xff,0xff,0xff,0xff,0xff,0xff,0xff,0xff,0xff,0xff,0xff,0xff,0xff,0xff,0xff,0xff,
    0xff,0xff,0xff,0xff,0xff,0xff,0xff,0xff,0xff,0xff,0xff,0xff,0xff,0xff,0xff,0xff,
    0xff,0xff,0xff,0xff,0xff,0xff,0xff,0xff,0xff,0xff,0xff,0xff,0xff,0xff,0xff,0xff,
    0xff,0xff,0xff,0xff,0xff,0xff,0xff,0xff,0xff,0xff,0xff,0xff,0xff,0xff,0xff,0xff,
    0xff,0xff,0xff,0xff,0xff,0xff,0xff,0xff,0xff,0xff,0xff,0xff,0xff,0xff,0xff,0xff,
    0xff,0xff,0xff,0xff,0xff,0xff,0xff,0xff,0xff,0xff,0xff,0xff,0xff,0xff,0xff,0xff,
    0xff,0xff,0xff,0xff,0xff,0xff,0xff,0xff,0xff,0xff,0xff,0xff,0xff,0xff,0xff,0xff,
    0xff,0xff,0xff,0xff,0xff,0xff,0xff,0xff,0xff,0xff,0xff,0xff,0xff,0xff,0xff,0xff,
    0xff,0xff,0xff,0xff,0xff,0xff,0xff,0xff,0xff,0xff,0xff,0xff,0xff,0xff,0xff,0xff,
    0xff,0xff,0xff,0xff,0xff,0xff,0xff,0xff,0xff,0xff,0xff,0xff,0xff,0xff,0xff,0xff,
    0xff,0xff,0xff,0xff,0xff,0xff,0xff,0xff,0xff,0xff,0xff,0xff,0xff,0xff,0xff,0xff,
    0xff,0xff,0xff,0xff,0xff,0xff,0xff,0xff,0xff,0xff,0xff,0xff,0xff,0xff,0xff,0xff,
    0xff,0xff,0xff,0xff,0xff,0xff,0xff,0xff,0xff,0xff,0xff,0xff,0xff,0xff,0xff,0xff,
    0xff,0xff,0xff,0xff,0xff,0xff,0xff,0xff,0xff,0xff,0xff,0xff,0xff,0xff,0xff,0xff,
    0xff,0xff,0xff,0xff,0xff,0xff,0xff,0xff,0xff,0xff,0xff,0xff,0xff,0xff,0xff,0xff,
    0xff,0xff,0xff,0xff,0xff,0xff,0xff,0xff,0xff,0xff,0xff,0xff,0xff,0xff,0xff,0xff,
    0xff,0xff,0xff,0xff,0xff,0xff,0xff,0xff,0xff,0xff,0xff,0xff,0xff,0xff,0xff,0xff,
    0xff,0xff,0xff,0xff,0xff,0xff,0xff,0xff,0xff,0xff,0xff,0xff,0xff,0xff,0xff,0xff,
    0xff,0xff,0xff,0xff,0xff,0xff,0xff,0xff,0xff,0xff,0xff,0xff,0xff,0xff,0xff,0xff,
    0xff,0xff,0xff,0xff,0xff,0xff,0xff,0xff,0xff,0xff,0xff,0xff,0xff,0xff,0xff,0xff,
    0xff,0xff,0xff,0xff,0xff,0xff,0xff,0xff,0xff,0xff,0xff,0xff,0xff,0xff,0xff,0xff,
    0xff,0xff,0xff,0xff,0xff,0xff,0xff,0xff,0xff,0xff,0xff,0xff,0xff,0xff,0xff,0xff,
    0xff,0xff,0xff,0xff,0xff,0xff,0xff,0xff,0xff,0xff,0xff,0xff,0xff,0xff,0xff,0xff,
    0xff,0xff,0xff,0xff,0xff,0xff,0xff,0xff,0xff,0xff,0xff,0xff,0xff,0xff,0xff,0xff,
    0xff,0xff,0xff,0xff,0xff,0xff,0xff,0xff,0xff,0xff,0xff,0xff,0xff,0xff,0xff,0xff,
    0xff,0xff,0xff,0xff,0xff,0xff,0xff,0xff,0xff,0xff,0xff,0xff,0xff,0xff,0xff,0xff,
    0xff,0xff,0xff,0xff,0xff,0xff,0xff,0xff,0xff,0xff,0xff,0xff,0xff,0xff,0xff,0xff,
    0xff,0xff,0xff,0xff,0xff,0xff,0xff,0xff,0xff,0xff,0xff,0xff,0xff,0xff,0xff,0xff,
    0xff,0xff,0xff,0xff,0xff,0xff,0xff,0xff,0xff,0xff,0xff,0xff,0xff,0xff,0xff,0xff,
    0xff,0xff,0xff,0xff,0xff,0xff,0xff,0xff,0xff,0xff,0xff,0xff,0xff,0xff,0xff,0xff,
    0xff,0xff,0xff,0xff,0xff,0xff,0xff,0xff,0xff,0xff,0xff,0xff,0xff,0xff,0xff,0xff,
    0xff,0xff,0xff,0xff,0xff,0xff,0xff,0xff,0xff,0xff,0xff,0xff,0xff,0xff,0xff,0xff,
    0xff,0xff,0xff,0xff,0xff,0xff,0xff,0xff,0xff,0xff,0xff,0xff,0xff,0xff,0xff,0xff,
    0xff,0xff,0xff,0xff,0xff,0xff,0xff,0xff,0xff,0xff,0xff,0xff,0xff,0xff,0xff,0xff,
    0xff,0xff,0xff,0xff,0xff,0xff,0xff,0xff,0xff,0xff,0xff,0xff,0xff,0xff,0xff,0xff,
    0xff,0xff,0xff,0xff,0xff,0xff,0xff,0xff,0xff,0xff,0xff,0xff,0xff,0xff,0xff,0xff,
    0xff,0xff,0xff,0xff,0xff,0xff,0xff,0xff,0xff,0xff,0xff,0xff,0xff,0xff,0xff,0xff,
    0xff,0xff,0xff,0xff,0xff,0xff,0xff,0xff,0xff,0xff,0xff,0xff,0xff,0xff,0xff,0xff,
    0xff,0xff,0xff,0xff,0xff,0xff,0xff,0xff,0xff,0xff,0xff,0xff,0xff,0xff,0xff,0xff,
    0xff,0xff,0xff,0xff,0xff,0xff,0xff,0xff,0xff,0xff,0xff,0xff,0xff,0xff,0xff,0xff,
    0xff,0xff,0xff,0xff,0xff,0xff,0xff,0xff,0xff,0xff,0xff,0xff,0xff,0xff,0xff,0xff,
    0xff,0xff,0xff,0xff,0xff,0xff,0xff,0xff,0xff,0xff,0xff,0xff,0xff,0xff,0xff,0xff,
    0xff,0xff,0xff,0xff,0xff,0xff,0xff,0xff,0xff,0xff,0xff,0xff,0xff,0xff,0xff,0xff,
    0xff,0xff,0xff,0xff,0xff,0xff,0xff,0xff,0xff,0xff,0xff,0xff,0xff,0xff,0xff,0xff,
    0xff,0xff,0xff,0xff,0xff,0xff,0xff,0xff,0xff,0xff,0xff,0xff,0xff,0xff,0xff,0xff,
    0xff,0xff,0xff,0xff,0xff,0xff,0xff,0xff,0xff,0xff,0xff,0xff,0xff,0xff,0xff,0xff,
    0xff,0xff,0xff,0xff,0xff,0xff,0xff,0xff,0xff,0xff,0xff,0xff,0xff,0xff,0xff,0xff,
    0xff,0xff,0xff,0xff,0xff,0xff,0xff,0xff,0xff,0xff,0xff,0xff,0xff,0xff,0xff,0xff,
    0xff,0xff,0xff,0xff,0xff,0xff,0xff,0xff,0xff,0xff,0xff,0xff,0xff,0xff,0xff,0xff,
    0xff,0xff,0xff,0xff,0xff,0xff,0xff,0xff,0xff,0xff,0xff,0xff,0xff,0xff,0xff,0xff,
    0xff,0xff,0xff,0xff,0xff,0xff,0xff,0xff,0xff,0xff,0xff,0xff,0xff,0xff,0xff,0xff,
    0xff,0xff,0xff,0xff,0xff,0xff,0xff,0xff,0xff,0xff,0xff,0xff,0xff,0xff,0xff,0xff,
    0xff,0xff,0xff,0xff,0xff,0xff,0xff,0xff,0xff,0xff,0xff,0xff,0xff,0xff,0xff,0xff,
    0xff,0xff,0xff,0xff,0xff,0xff,0xff,0xff,0xff,0xff,0xff,0xff,0xff,0xff,0xff,0xff,
    0xff,0xff,0xff,0xff,0xff,0xff,0xff,0xff,0xff,0xff,0xff,0xff,0xff,0xff,0xff,0xff,
    0xff,0xff,0xff,0xff,0xff,0xff,0xff,0xff,0xff,0xff,0xff,0xff,0xff,0xff,0xff,0xff,
    0xff,0xff,0xff,0xff,0xff,0xff,0xff,0xff,0xff,0xff,0xff,0xff,0xff,0xff,0xff,0xff,
    0xff,0xff,0xff,0xff,0xff,0xff,0xff,0xff,0xff,0xff,0xff,0xff,0xff,0xff,0xff,0xff,
    0xff,0xff,0xff,0xff,0xff,0xff,0xff,0xff,0xff,0xff,0xff,0xff,0xff,0xff,0xff,0xff,
    0xff,0xff,0xff,0xff,0xff,0xff,0xff,0xff,0xff,0xff,0xff,0xff,0xff,0xff,0xff,0xff,
    0xff,0xff,0xff,0xff,0xff,0xff,0xff,0xff,0xff,0xff,0xff,0xff,0xff,0xff,0xff,0xff,
    0xff,0xff,0xff,0xff,0xff,0xff,0xff,0xff,0xff,0xff,0xff,0xff,0xff,0xff,0xff,0xff,
    0xff,0xff,0xff,0xff,0xff,0xff,0xff,0xff,0xff,0xff,0xff,0xff,0xff,0xff,0xff,0xff,
    0xff,0xff,0xff,0xff,0xff,0xff,0xff,0xff,0xff,0xff,0xff,0xff,0xff,0xff,0xff,0xff,
    0xff,0xff,0xff,0xff,0xff,0xff,0xff,0xff,0xff,0xff,0xff,0xff,0xff,0xff,0xff,0xff,
    0xff,0xff,0xff,0xff,0xff,0xff,0xff,0xff,0xff,0xff,0xff,0xff,0xff,0xff,0xff,0xff,
    0xff,0xff,0xff,0xff,0xff,0xff,0xff,0xff,0xff,0xff,0xff,0xff,0xff,0xff,0xff,0xff,
    0xff,0xff,0xff,0xff,0xff,0xff,0xff,0xff,0xff,0xff,0xff,0xff,0xff,0xff,0xff,0xff,
    0xff,0xff,0xff,0xff,0xff,0xff,0xff,0xff,0xff,0xff,0xff,0xff,0xff,0xff,0xff,0xff,
    0xff,0xff,0xff,0xff,0xff,0xff,0xff,0xff,0xff,0xff,0xff,0xff,0xff,0xff,0xff,0xff,
    0xff,0xff,0xff,0xff,0xff,0xff,0xff,0xff,0xff,0xff,0xff,0xff,0xff,0xff,0xff,0xff,
    0xff,0xff,0xff,0xff,0xff,0xff,0xff,0xff,0xff,0xff,0xff,0xff,0xff,0xff,0xff,0xff,
    0xff,0xff,0xff,0xff,0xff,0xff,0xff,0xff,0xff,0xff,0xff,0xff,0xff,0xff,0xff,0xff,
    0xff,0xff,0xff,0xff,0xff,0xff,0xff,0xff,0xff,0xff,0xff,0xff,0xff,0xff,0xff,0xff,
    0xff,0xff,0xff,0xff,0xff,0xff,0xff,0xff,0xff,0xff,0xff,0xff,0xff,0xff,0xff,0xff,
    0xff,0xff,0xff,0xff,0xff,0xff,0xff,0xff,0xff,0xff,0xff,0xff,0xff,0xff,0xff,0xff,
    0xff,0xff,0xff,0xff,0xff,0xff,0xff,0xff,0xff,0xff,0xff,0xff,0xff,0xff,0xff,0xff,
    0xff,0xff,0xff,0xff,0xff,0xff,0xff,0xff,0xff,0xff,0xff,0xff,0xff,0xff,0xff,0xff,
    0xff,0xff,0xff,0xff,0xff,0xff,0xff,0xff,0xff,0xff,0xff,0xff,0xff,0xff,0xff,0xff,
    0xff,0xff,0xff,0xff,0xff,0xff,0xff,0xff,0xff,0xff,0xff,0xff,0xff,0xff,0xff,0xff,
    0xff,0xff,0xff,0xff,0xff,0xff,0xff,0xff,0xff,0xff,0xff,0xff,0xff,0xff,0xff,0xff,
    0xff,0xff,0xff,0xff,0xff,0xff,0xff,0xff,0xff,0xff,0xff,0xff,0xff,0xff,0xff,0xff,
    0xff,0xff,0xff,0xff,0xff,0xff,0xff,0xff,0xff,0xff,0xff,0xff,0xff,0xff,0xff,0xff,
    0xff,0xff,0xff,0xff,0xff,0xff,0xff,0xff,0xff,0xff,0xff,0xff,0xff,0xff,0xff,0xff,
    0xff,0xff,0xff,0xff,0xff,0xff,0xff,0xff,0xff,0xff,0xff,0xff,0xff,0xff,0xff,0xff,
    0xff,0xff,0xff,0xff,0xff,0xff,0xff,0xff,0xff,0xff,0xff,0xff,0xff,0xff,0xff,0xff,
    0xff,0xff,0xff,0xff,0xff,0xff,0xff,0xff,0xff,0xff,0xff,0xff,0xff,0xff,0xff,0xff,
    0xff,0xff,0xff,0xff,0xff,0xff,0xff,0xff,0xff,0xff,0xff,0xff,0xff,0xff,0xff,0xff,
    0xff,0xff,0xff,0xff,0xff,0xff,0xff,0xff,0xff,0xff,0xff,0xff,0xff,0xff,0xff,0xff,
    0xff,0xff,0xff,0xff,0xff,0xff,0xff,0xff,0xff,0xff,0xff,0xff,0xff,0xff,0xff,0xff,
    0xff,0xff,0xff,0xff,0xff,0xff,0xff,0xff,0xff,0xff,0xff,0xff,0xff,0xff,0xff,0xff,
    0xff,0xff,0xff,0xff,0xff,0xff,0xff,0xff,0xff,0xff,0xff,0xff,0xff,0xff,0xff,0xff,
    0xff,0xff,0xff,0xff,0xff,0xff,0xff,0xff,0xff,0xff,0xff,0xff,0xff,0xff,0xff,0xff,
    0xff,0xff,0xff,0xff,0xff,0xff,0xff,0xff,0xff,0xff,0xff,0xff,0xff,0xff,0xff,0xff,
    0xff,0xff,0xff,0xff,0xff,0xff,0xff,0xff,0xff,0xff,0xff,0xff,0xff,0xff,0xff,0xff,
    0xff,0xff,0xff,0xff,0xff,0xff,0xff,0xff,0xff,0xff,0xff,0xff,0xff,0xff,0xff,0xff,
    0xff,0xff,0xff,0xff,0xff,0xff,0xff,0xff,0xff,0xff,0xff,0xff,0xff,0xff,0xff,0xff,
    0xff,0xff,0xff,0xff,0xff,0xff,0xff,0xff,0xff,0xff,0xff,0xff,0xff,0xff,0xff,0xff,
    0xff,0xff,0xff,0xff,0xff,0xff,0xff,0xff,0xff,0xff,0xff,0xff,0xff,0xff,0xff,0xff,
    0xff,0xff,0xff,0xff,0xff,0xff,0xff,0xff,0xff,0xff,0xff,0xff,0xff,0xff,0xff,0xff,
    0xff,0xff,0xff,0xff,0xff,0xff,0xff,0xff,0xff,0xff,0xff,0xff,0xff,0xff,0xff,0xff,
    0xff,0xff,0xff,0xff,0xff,0xff,0xff,0xff,0xff,0xff,0xff,0xff,0xff,0xff,0xff,0xff,
    0xff,0xff,0xff,0xff,0xff,0xff,0xff,0xff,0xff,0xff,0xff,0xff,0xff,0xff,0xff,0xff,
    0xff,0xff,0xff,0xff,0xff,0xff,0xff,0xff,0xff,0xff,0xff,0xff,0xff,0xff,0xff,0xff,
    0xff,0xff,0xff,0xff,0xff,0xff,0xff,0xff,0xff,0xff,0xff,0xff,0xff,0xff,0xff,0xff,
    0xff,0xff,0xff,0xff,0xff,0xff,0xff,0xff,0xff,0xff,0xff,0xff,0xff,0xff,0xff,0xff,
    0xff,0xff,0xff,0xff,0xff,0xff,0xff,0xff,0xff,0xff,0xff,0xff,0xff,0xff,0xff,0xff,
    0xff,0xff,0xff,0xff,0xff,0xff,0xff,0xff,0xff,0xff,0xff,0xff,0xff,0xff,0xff,0xff,
    0xff,0xff,0xff,0xff,0xff,0xff,0xff,0xff,0xff,0xff,0xff,0xff,0xff,0xff,0xff,0xff,
    0xff,0xff,0xff,0xff,0xff,0xff,0xff,0xff,0xff,0xff,0xff,0xff,0xff,0xff,0xff,0xff,
    0xff,0xff,0xff,0xff,0xff,0xff,0xff,0xff,0xff,0xff,0xff,0xff,0xff,0xff,0xff,0xff,
    0xff,0xff,0xff,0xff,0xff,0xff,0xff,0xff,0xff,0xff,0xff,0xff,0xff,0xff,0xff,0xff,
    0xff,0xff,0xff,0xff,0xff,0xff,0xff,0xff,0xff,0xff,0xff,0xff,0xff,0xff,0xff,0xff,
    0xff,0xff,0xff,0xff,0xff,0xff,0xff,0xff,0xff,0xff,0xff,0xff,0xff,0xff,0xff,0xff,
    0xff,0xff,0xff,0xff,0xff,0xff,0xff,0xff,0xff,0xff,0xff,0xff,0xff,0xff,0xff,0xff,
    0xff,0xff,0xff,0xff,0xff,0xff,0xff,0xff,0xff,0xff,0xff,0xff,0xff,0xff,0xff,0xff,
    0xff,0xff,0xff,0xff,0xff,0xff,0xff,0xff,0xff,0xff,0xff,0xff,0xff,0xff,0xff,0xff,
    0xff,0xff,0xff,0xff,0xff,0xff,0xff,0xff,0xff,0xff,0xff,0xff,0xff,0xff,0xff,0xff,
    0xff,0xff,0xff,0xff,0xff,0xff,0xff,0xff,0xff,0xff,0xff,0xff,0xff,0xff,0xff,0xff,
    0xff,0xff,0xff,0xff,0xff,0xff,0xff,0xff,0xff,0xff,0xff,0xff,0xff,0xff,0xff,0xff,
    0xff,0xff,0xff,0xff,0xff,0xff,0xff,0xff,0xff,0xff,0xff,0xff,0xff,0xff,0xff,0xff,
    0xff,0xff,0xff,0xff,0xff,0xff,0xff,0xff,0xff,0xff,0xff,0xff,0xff,0xff,0xff,0xff,
    0xff,0xff,0xff,0xff,0xff,0xff,0xff,0xff,0xff,0xff,0xff,0xff,0xff,0xff,0xff,0xff,
    0xff,0xff,0xff,0xff,0xff,0xff,0xff,0xff,0xff,0xff,0xff,0xff,0xff,0xff,0xff,0xff,
    0xff,0xff,0xff,0xff,0xff,0xff,0xff,0xff,0xff,0xff,0xff,0xff,0xff,0xff,0xff,0xff,
    0xff,0xff,0xff,0xff,0xff,0xff,0xff,0xff,0xff,0xff,0xff,0xff,0xff,0xff,0xff,0xff,
    0xff,0xff,0xff,0xff,0xff,0xff,0xff,0xff,0xff,0xff,0xff,0xff,0xff,0xff,0xff,0xff,
    0xff,0xff,0xff,0xff,0xff,0xff,0xff,0xff,0xff,0xff,0xff,0xff,0xff,0xff,0xff,0xff,
    0xff,0xff,0xff,0xff,0xff,0xff,0xff,0xff,0xff,0xff,0xff,0xff,0xff,0xff,0xff,0xff,
    0xff,0xff,0xff,0xff,0xff,0xff,0xff,0xff,0xff,0xff,0xff,0xff,0xff,0xff,0xff,0xff,
    0xff,0xff,0xff,0xff,0xff,0xff,0xff,0xff,0xff,0xff,0xff,0xff,0xff,0xff,0xff,0xff,
    0xff,0xff,0xff,0xff,0xff,0xff,0xff,0xff,0xff,0xff,0xff,0xff,0xff,0xff,0xff,0xff,
    0xff,0xff,0xff,0xff,0xff,0xff,0xff,0xff,0xff,0xff,0xff,0xff,0xff,0xff,0xff,0xff,
    0xff,0xff,0xff,0xff,0xff,0xff,0xff,0xff,0xff,0xff,0xff,0xff,0xff,0xff,0xff,0xff,
    0xff,0xff,0xff,0xff,0xff,0xff,0xff,0xff,0xff,0xff,0xff,0xff,0xff,0xff,0xff,0xff,
    0xff,0xff,0xff,0xff,0xff,0xff,0xff,0xff,0xff,0xff,0xff,0xff,0xff,0xff,0xff,0xff,
    0xff,0xff,0xff,0xff,0xff,0xff,0xff,0xff,0xff,0xff,0xff,0xff,0xff,0xff,0xff,0xff,
    0xff,0xff,0xff,0xff,0xff,0xff,0xff,0xff,0xff,0xff,0xff,0xff,0xff,0xff,0xff,0xff,
    0xff,0xff,0xff,0xff,0xff,0xff,0xff,0xff,0xff,0xff,0xff,0xff,0xff,0xff,0xff,0xff,
    0xff,0xff,0xff,0xff,0xff,0xff,0xff,0xff,0xff,0xff,0xff,0xff,0xff,0xff,0xff,0xff,
    0xff,0xff,0xff,0xff,0xff,0xff,0xff,0xff,0xff,0xff,0xff,0xff,0xff,0xff,0xff,0xff,
    0xff,0xff,0xff,0xff,0xff,0xff,0xff,0xff,0xff,0xff,0xff,0xff,0xff,0xff,0xff,0xff,
    0xff,0xff,0xff,0xff,0xff,0xff,0xff,0xff,0xff,0xff,0xff,0xff,0xff,0xff,0xff,0xff,
    0xff,0xff,0xff,0xff,0xff,0xff,0xff,0xff,0xff,0xff,0xff,0xff,0xff,0xff,0xff,0xff,
    0xff,0xff,0xff,0xff,0xff,0xff,0xff,0xff,0xff,0xff,0xff,0xff,0xff,0xff,0xff,0xff,
    0xff,0xff,0xff,0xff,0xff,0xff,0xff,0xff,0xff,0xff,0xff,0xff,0xff,0xff,0xff,0xff,
    0xff,0xff,0xff,0xff,0xff,0xff,0xff,0xff,0xff,0xff,0xff,0xff,0xff,0xff,0xff,0xff,
    0xff,0xff,0xff,0xff,0xff,0xff,0xff,0xff,0xff,0xff,0xff,0xff,0xff,0xff,0xff,0xff,
    0xff,0xff,0xff,0xff,0xff,0xff,0xff,0xff,0xff,0xff,0xff,0xff,0xff,0xff,0xff,0xff,
    0xff,0xff,0xff,0xff,0xff,0xff,0xff,0xff,0xff,0xff,0xff,0xff,0xff,0xff,0xff,0xff,
    0xff,0xff,0xff,0xff,0xff,0xff,0xff,0xff,0xff,0xff,0xff,0xff,0xff,0xff,0xff,0xff,
    0xff,0xff,0xff,0xff,0xff,0xff,0xff,0xff,0xff,0xff,0xff,0xff,0xff,0xff,0xff,0xff,
    0xff,0xff,0xff,0xff,0xff,0xff,0xff,0xff,0xff,0xff,0xff,0xff,0xff,0xff,0xff,0xff,
    0xff,0xff,0xff,0xff,0xff,0xff,0xff,0xff,0xff,0xff,0xff,0xff,0xff,0xff,0xff,0xff,
    0xff,0xff,0xff,0xff,0xff,0xff,0xff,0xff,0xff,0xff,0xff,0xff,0xff,0xff,0xff,0xff,
    0xff,0xff,0xff,0xff,0xff,0xff,0xff,0xff,0xff,0xff,0xff,0xff,0xff,0xff,0xff,0xff,
    0xff,0xff,0xff,0xff,0xff,0xff,0xff,0xff,0xff,0xff,0xff,0xff,0xff,0xff,0xff,0xff,
    0xff,0xff,0xff,0xff,0xff,0xff,0xff,0xff,0xff,0xff,0xff,0xff,0xff,0xff,0xff,0xff,
    0xff,0xff,0xff,0xff,0xff,0xff,0xff,0xff,0xff,0xff,0xff,0xff,0xff,0xff,0xff,0xff,
    0xff,0xff,0xff,0xff,0xff,0xff,0xff,0xff,0xff,0xff,0xff,0xff,0xff,0xff,0xff,0xff,
    0xff,0xff,0xff,0xff,0xff,0xff,0xff,0xff,0xff,0xff,0xff,0xff,0xff,0xff,0xff,0xff,
    0xff,0xff,0xff,0xff,0xff,0xff,0xff,0xff,0xff,0xff,0xff,0xff,0xff,0xff,0xff,0xff,
    0xff,0xff,0xff,0xff,0xff,0xff,0xff,0xff,0xff,0xff,0xff,0xff,0xff,0xff,0xff,0xff,
    0xff,0xff,0xff,0xff,0xff,0xff,0xff,0xff,0xff,0xff,0xff,0xff,0xff,0xff,0xff,0xff,
    0xff,0xff,0xff,0xff,0xff,0xff,0xff,0xff,0xff,0xff,0xff,0xff,0xff,0xff,0xff,0xff,
    0xff,0xff,0xff,0xff,0xff,0xff,0xff,0xff,0xff,0xff,0xff,0xff,0xff,0xff,0xff,0xff,
    0xff,0xff,0xff,0xff,0xff,0xff,0xff,0xff,0xff,0xff,0xff,0xff,0xff,0xff,0xff,0xff,
    0xff,0xff,0xff,0xff,0xff,0xff,0xff,0xff,0xff,0xff,0xff,0xff,0xff,0xff,0xff,0xff,
    0xff,0xff,0xff,0xff,0xff,0xff,0xff,0xff,0xff,0xff,0xff,0xff,0xff,0xff,0xff,0xff,
    0xff,0xff,0xff,0xff,0xff,0xff,0xff,0xff,0xff,0xff,0xff,0xff,0xff,0xff,0xff,0xff,
    0xff,0xff,0xff,0xff,0xff,0xff,0xff,0xff,0xff,0xff,0xff,0xff,0xff,0xff,0xff,0xff,
    0xff,0xff,0xff,0xff,0xff,0xff,0xff,0xff,0xff,0xff,0xff,0xff,0xff,0xff,0xff,0xff,
    0xff,0xff,0xff,0xff,0xff,0xff,0xff,0xff,0xff,0xff,0xff,0xff,0xff,0xff,0xff,0xff,
    0xff,0xff,0xff,0xff,0xff,0xff,0xff,0xff,0xff,0xff,0xff,0xff,0xff,0xff,0xff,0xff,
    0xff,0xff,0xff,0xff,0xff,0xff,0xff,0xff,0xff,0xff,0xff,0xff,0xff,0xff,0xff,0xff,
    0xff,0xff,0xff,0xff,0xff,0xff,0xff,0xff,0xff,0xff,0xff,0xff,0xff,0xff,0xff,0xff,
    0xff,0xff,0xff,0xff,0xff,0xff,0xff,0xff,0xff,0xff,0xff,0xff,0xff,0xff,0xff,0xff,
    0xff,0xff,0xff,0xff,0xff,0xff,0xff,0xff,0xff,0xff,0xff,0xff,0xff,0xff,0xff,0xff,
    0xff,0xff,0xff,0xff,0xff,0xff,0xff,0xff,0xff,0xff,0xff,0xff,0xff,0xff,0xff,0xff,
    0xff,0xff,0xff,0xff,0xff,0xff,0xff,0xff,0xff,0xff,0xff,0xff,0xff,0xff,0xff,0xff,
    0xff,0xff,0xff,0xff,0xff,0xff,0xff,0xff,0xff,0xff,0xff,0xff,0xff,0xff,0xff,0xff,
    0xff,0xff,0xff,0xff,0xff,0xff,0xff,0xff,0xff,0xff,0xff,0xff,0xff,0xff,0xff,0xff,
    0xff,0xff,0xff,0xff,0xff,0xff,0xff,0xff,0xff,0xff,0xff,0xff,0xff,0xff,0xff,0xff,
    0xff,0xff,0xff,0xff,0xff,0xff,0xff,0xff,0xff,0xff,0xff,0xff,0xff,0xff,0xff,0xff,
    0xff,0xff,0xff,0xff,0xff,0xff,0xff,0xff,0xff,0xff,0xff,0xff,0xff,0xff,0xff,0xff,
    0xff,0xff,0xff,0xff,0xff,0xff,0xff,0xff,0xff,0xff,0xff,0xff,0xff,0xff,0xff,0xff,
    0xff,0xff,0xff,0xff,0xff,0xff,0xff,0xff,0xff,0xff,0xff,0xff,0xff,0xff,0xff,0xff,
    0xff,0xff,0xff,0xff,0xff,0xff,0xff,0xff,0xff,0xff,0xff,0xff,0xff,0xff,0xff,0xff,
    0xff,0xff,0xff,0xff,0xff,0xff,0xff,0xff,0xff,0xff,0xff,0xff,0xff,0xff,0xff,0xff,
    0xff,0xff,0xff,0xff,0xff,0xff,0xff,0xff,0xff,0xff,0xff,0xff,0xff,0xff,0xff,0xff,
    0xff,0xff,0xff,0xff,0xff,0xff,0xff,0xff,0xff,0xff,0xff,0xff,0xff,0xff,0xff,0xff,
    0xff,0xff,0xff,0xff,0xff,0xff,0xff,0xff,0xff,0xff,0xff,0xff,0xff,0xff,0xff,0xff,
    0xff,0xff,0xff,0xff,0xff,0xff,0xff,0xff,0xff,0xff,0xff,0xff,0xff,0xff,0xff,0xff,
    0xff,0xff,0xff,0xff,0xff,0xff,0xff,0xff,0xff,0xff,0xff,0xff,0xff,0xff,0xff,0xff,
    0xff,0xff,0xff,0xff,0xff,0xff,0xff,0xff,0xff,0xff,0xff,0xff,0xff,0xff,0xff,0xff,
    0xff,0xff,0xff,0xff,0xff,0xff,0xff,0xff,0xff,0xff,0xff,0xff,0xff,0xff,0xff,0xff,
    0xff,0xff,0xff,0xff,0xff,0xff,0xff,0xff,0xff,0xff,0xff,0xff,0xff,0xff,0xff,0xff,
    0xff,0xff,0xff,0xff,0xff,0xff,0xff,0xff,0xff,0xff,0xff,0xff,0xff,0xff,0xff,0xff,
    0xff,0xff,0xff,0xff,0xff,0xff,0xff,0xff,0xff,0xff,0xff,0xff,0xff,0xff,0xff,0xff,
    0xff,0xff,0xff,0xff,0xff,0xff,0xff,0xff,0xff,0xff,0xff,0xff,0xff,0xff,0xff,0xff,
    0xff,0xff,0xff,0xff,0xff,0xff,0xff,0xff,0xff,0xff,0xff,0xff,0xff,0xff,0xff,0xff,
    0xff,0xff,0xff,0xff,0xff,0xff,0xff,0xff,0xff,0xff,0xff,0xff,0xff,0xff,0xff,0xff,
    0xff,0xff,0xff,0xff,0xff,0xff,0xff,0xff,0xff,0xff,0xff,0xff,0xff,0xff,0xff,0xff,
    0xff,0xff,0xff,0xff,0xff,0xff,0xff,0xff,0xff,0xff,0xff,0xff,0xff,0xff,0xff,0xff,
    0xff,0xff,0xff,0xff,0xff,0xff,0xff,0xff,0xff,0xff,0xff,0xff,0xff,0xff,0xff,0xff,
    0xff,0xff,0xff,0xff,0xff,0xff,0xff,0xff,0xff,0xff,0xff,0xff,0xff,0xff,0xff,0xff,
    0xff,0xff,0xff,0xff,0xff,0xff,0xff,0xff,0xff,0xff,0xff,0xff,0xff,0xff,0xff,0xff,
    0xff,0xff,0xff,0xff,0xff,0xff,0xff,0xff,0xff,0xff,0xff,0xff,0xff,0xff,0xff,0xff,
    0xff,0xff,0xff,0xff,0xff,0xff,0xff,0xff,0xff,0xff,0xff,0xff,0xff,0xff,0xff,0xff,
    0xff,0xff,0xff,0xff,0xff,0xff,0xff,0xff,0xff,0xff,0xff,0xff,0xff,0xff,0xff,0xff,
    0xff,0xff,0xff,0xff,0xff,0xff,0xff,0xff,0xff,0xff,0xff,0xff,0xff,0xff,0xff,0xff,
    0xff,0xff,0xff,0xff,0xff,0xff,0xff,0xff,0xff,0xff,0xff,0xff,0xff,0xff,0xff,0xff,
    0xff,0xff,0xff,0xff,0xff,0xff,0xff,0xff,0xff,0xff,0xff,0xff,0xff,0xff,0xff,0xff,
    0xff,0xff,0xff,0xff,0xff,0xff,0xff,0xff,0xff,0xff,0xff,0xff,0xff,0xff,0xff,0xff,
    0xff,0xff,0xff,0xff,0xff,0xff,0xff,0xff,0xff,0xff,0xff,0xff,0xff,0xff,0xff,0xff,
    0xff,0xff,0xff,0xff,0xff,0xff,0xff,0xff,0xff,0xff,0xff,0xff,0xff,0xff,0xff,0xff,
    0xff,0xff,0xff,0xff,0xff,0xff,0xff,0xff,0xff,0xff,0xff,0xff,0xff,0xff,0xff,0xff,
    0xff,0xff,0xff,0xff,0xff,0xff,0xff,0xff,0xff,0xff,0xff,0xff,0xff,0xff,0xff,0xff,
    0xff,0xff,0xff,0xff,0xff,0xff,0xff,0xff,0xff,0xff,0xff,0xff,0xff,0xff,0xff,0xff,
    0xff,0xff,0xff,0xff,0xff,0xff,0xff,0xff,0xff,0xff,0xff,0xff,0xff,0xff,0xff,0xff,
    0xff,0xff,0xff,0xff,0xff,0xff,0xff,0xff,0xff,0xff,0xff,0xff,0xff,0xff,0xff,0xff,
    0xff,0xff,0xff,0xff,0xff,0xff,0xff,0xff,0xff,0xff,0xbe,0xf7,0x5d,0xef,0x7d,0xef,
    0x3c,0xe7,0x1c,0xe7,0x3c,0xe7,0x1c,0xe7,0x1c,0xe7,0x3c,0xe7,0x1c,0xe7,0x1c,0xe7,
    0xfb,0xde,0xdb,0xde,0xdb,0xd6,0xbb,0xd6,0xba,0xd6,0x9a,0xce,0x9a,0xce,0x79,0xce,
    0x79,0xce,0x79,0xce,0x59,0xc6,0x39,0xc6,0x39,0xc6,0x38,0xc6,0x18,0xc6,0xf8,0xbd,
    0xf7,0xbd,0xf7,0xbd,0xf7,0xbd,0xf7,0xbd,0xf7,0xbd,0xf7,0xbd,0xf7,0xbd,0xf8,0xbd,
    0xf8,0xbd,0xf8,0xbd,0xf8,0xbd,0xf7,0xbd,0xd7,0xbd,0xd7,0xbd,0xd7,0xb5,0xd7,0xb5,
    0xd7,0xb5,0xd7,0xb5,0xf7,0xbd,0xf8,0xbd,0xf8,0xbd,0xf8,0xbd,0xf8,0xbd,0xf7,0xbd,
    0xd7,0xb5,0xb7,0xad,0x96,0xad,0x38,0xc6,0xdf,0xff,0xff,0xff,0xff,0xff,0xff,0xff,
    0xff,0xff,0xff,0xff,0xff,0xff,0xff,0xff,0xff,0xff,0xff,0xff,0xff,0xff,0xff,0xff,
    0xff,0xff,0xff,0xff,0xff,0xff,0xff,0xff,0xff,0xff,0xff,0xff,0xff,0xff,0xff,0xff,
    0xff,0xff,0xff,0xff,0xff,0xff,0xff,0xff,0xff,0xff,0xff,0xff,0xff,0xff,0xff,0xff,
    0xff,0xff,0xff,0xff,0xff,0xff,0xff,0xff,0xff,0xff,0xff,0xff,0xff,0xff,0xff,0xff,
    0xff,0xff,0xff,0xff,0xff,0xff,0xff,0xff,0xff,0xff,0xff,0xff,0xff,0xff,0xff,0xff,
    0xff,0xff,0xff,0xff,0xff,0xff,0xff,0xff,0xff,0xff,0xff,0xff,0xff,0xff,0xff,0xff,
    0xff,0xff,0xff,0xff,0xff,0xff,0xff,0xff,0xff,0xff,0xff,0xff,0xff,0xff,0xff,0xff,
    0xff,0xff,0xff,0xff,0xff,0xff,0xff,0xff,0xff,0xff,0xff,0xff,0xff,0xff,0xff,0xff,
    0xff,0xff,0xff,0xff,0xff,0xff,0xff,0xff,0xff,0xff,0xff,0xff,0xff,0xff,0xff,0xff,
    0xff,0xff,0xff,0xff,0xff,0xff,0xff,0xff,0xff,0xff,0xff,0xff,0xff,0xff,0xff,0xff,
    0xff,0xff,0xff,0xff,0xff,0xff,0xff,0xff,0xff,0xff,0xff,0xff,0xff,0xff,0xff,0xff,
    0xff,0xff,0xff,0xff,0xff,0xff,0xff,0xff,0xff,0xff,0xff,0xff,0xff,0xff,0xff,0xff,
    0xff,0xff,0xff,0xff,0xff,0xff,0xff,0xff,0xff,0xff,0xff,0xff,0xff,0xff,0xff,0xff,
    0xff,0xff,0xff,0xff,0xff,0xff,0xff,0xff,0xff,0xff,0xff,0xff,0xff,0xff,0xff,0xff,
    0xff,0xff,0xff,0xff,0xff,0xff,0xff,0xff,0xff,0xff,0xff,0xff,0xff,0xff,0xff,0xff,
    0xff,0xff,0xff,0xff,0xff,0xff,0xff,0xff,0xff,0xff,0xff,0xff,0xff,0xff,0xff,0xff,
    0xff,0xff,0xff,0xff,0xff,0xff,0xff,0xff,0xff,0xff,0xff,0xff,0xff,0xff,0xff,0xff,
    0xff,0xff,0xff,0xff,0xff,0xff,0xff,0xff,0xff,0xff,0xff,0xff,0xff,0xff,0xff,0xff,
    0xff,0xff,0xff,0xff,0xff,0xff,0xff,0xff,0xff,0xff,0xff,0xff,0xff,0xff,0xff,0xff,
    0xff,0xff,0xff,0xff,0xff,0xff,0xff,0xff,0xff,0xff,0xff,0xff,0xff,0xff,0xff,0xff,
    0xff,0xff,0xff,0xff,0xff,0xff,0xff,0xff,0xff,0xff,0xff,0xff,0xff,0xff,0xff,0xff,
    0xff,0xff,0xff,0xff,0xff,0xff,0xff,0xff,0xff,0xff,0xff,0xff,0xff,0xff,0xff,0xff,
    0xff,0xff,0xff,0xff,0xff,0xff,0xff,0xff,0x9e,0xf7,0xb3,0x94,0xd4,0x94,0x15,0x95,
    0xb3,0x8c,0x93,0x8c,0x93,0x84,0xb3,0x8c,0xd4,0x94,0x72,0x8c,0x10,0x7c,0x10,0x7c,
    0x72,0x84,0x72,0x84,0x52,0x84,0x72,0x84,0x72,0x84,0x72,0x84,0x72,0x84,0x72,0x8c,
    0x92,0x8c,0x93,0x8c,0x93,0x8c,0x92,0x8c,0x92,0x84,0x92,0x84,0x72,0x84,0x93,0x8c,
    0xd4,0x8c,0xd4,0x8c,0x92,0x84,0x31,0x7c,0x32,0x7c,0x52,0x7c,0x52,0x7c,0x52,0x7c,
    0x52,0x7c,0x52,0x7c,0x52,0x7c,0x52,0x7c,0x32,0x7c,0x31,0x7c,0x31,0x7c,0x31,0x7c,
    0x31,0x7c,0x32,0x7c,0x32,0x7c,0x52,0x7c,0x52,0x84,0x72,0x84,0x72,0x84,0x51,0x7c,
    0x51,0x7c,0xf4,0x94,0xf4,0x94,0xd0,0x73,0x7a,0xce,0xff,0xff,0xff,0xff,0xff,0xff,
    0xff,0xff,0xff,0xff,0xff,0xff,0xff,0xff,0xff,0xff,0xff,0xff,0xff,0xff,0xff,0xff,
    0xff,0xff,0xff,0xff,0xff,0xff,0xff,0xff,0xff,0xff,0xff,0xff,0xff,0xff,0xff,0xff,
    0xff,0xff,0xff,0xff,0xff,0xff,0xff,0xff,0xff,0xff,0xff,0xff,0xff,0xff,0xff,0xff,
    0xff,0xff,0xff,0xff,0xff,0xff,0xff,0xff,0xff,0xff,0xff,0xff,0xff,0xff,0xff,0xff,
    0xff,0xff,0xff,0xff,0xff,0xff,0xff,0xff,0xff,0xff,0xff,0xff,0xff,0xff,0xff,0xff,
    0xff,0xff,0xff,0xff,0xff,0xff,0xff,0xff,0xff,0xff,0xff,0xff,0xff,0xff,0xff,0xff,
    0xff,0xff,0xff,0xff,0xff,0xff,0xff,0xff,0xff,0xff,0xff,0xff,0xff,0xff,0xff,0xff,
    0xff,0xff,0xff,0xff,0xff,0xff,0xff,0xff,0xff,0xff,0xff,0xff,0xff,0xff,0xff,0xff,
    0xff,0xff,0xff,0xff,0xff,0xff,0xff,0xff,0xff,0xff,0xff,0xff,0xff,0xff,0xff,0xff,
    0xff,0xff,0xff,0xff,0xff,0xff,0xff,0xff,0xff,0xff,0xff,0xff,0xff,0xff,0xff,0xff,
    0xff,0xff,0xff,0xff,0xff,0xff,0xff,0xff,0xff,0xff,0xff,0xff,0xff,0xff,0xff,0xff,
    0xff,0xff,0xff,0xff,0xff,0xff,0xff,0xff,0xff,0xff,0xff,0xff,0xff,0xff,0xff,0xff,
    0xff,0xff,0xff,0xff,0xff,0xff,0xff,0xff,0xff,0xff,0xff,0xff,0xff,0xff,0xff,0xff,
    0xff,0xff,0xff,0xff,0xff,0xff,0xff,0xff,0xff,0xff,0xff,0xff,0xff,0xff,0xff,0xff,
    0xff,0xff,0xff,0xff,0xff,0xff,0xff,0xff,0xff,0xff,0xff,0xff,0xff,0xff,0xff,0xff,
    0xff,0xff,0xff,0xff,0xff,0xff,0xff,0xff,0xff,0xff,0xff,0xff,0xff,0xff,0xff,0xff,
    0xff,0xff,0xff,0xff,0xff,0xff,0xff,0xff,0xff,0xff,0xff,0xff,0xff,0xff,0xff,0xff,
    0xff,0xff,0xff,0xff,0xff,0xff,0xff,0xff,0xff,0xff,0xff,0xff,0xff,0xff,0xff,0xff,
    0xff,0xff,0xff,0xff,0xff,0xff,0xff,0xff,0xff,0xff,0xff,0xff,0xff,0xff,0xff,0xff,
    0xff,0xff,0xff,0xff,0xff,0xff,0xff,0xff,0xff,0xff,0xff,0xff,0xff,0xff,0xff,0xff,
    0xff,0xff,0xff,0xff,0xff,0xff,0xff,0xff,0xff,0xff,0xff,0xff,0xff,0xff,0xff,0xff,
    0xff,0xff,0xff,0xff,0xff,0xff,0xff,0xff,0xff,0xff,0xff,0xff,0xff,0xff,0xff,0xff,
    0xff,0xff,0xff,0xff,0xff,0xff,0xff,0xff,0xdb,0xde,0x2d,0x5b,0x3a,0xb6,0xbc,0xc6,
    0x57,0x9d,0x33,0x74,0xb5,0x7c,0x73,0x84,0x6e,0x7b,0x0b,0x83,0xaa,0x7a,0xaa,0x72,
    0xeb,0x62,0xd0,0x6b,0x54,0x74,0x54,0x74,0x53,0x74,0x54,0x74,0x54,0x74,0x73,0x74,
    0x54,0x74,0x54,0x74,0x53,0x74,0x53,0x74,0x53,0x74,0x33,0x6c,0xf2,0x63,0x12,0x6c,
    0xd8,0xad,0xd8,0xad,0xd0,0x63,0x91,0x53,0xb2,0x5b,0xd2,0x5b,0xd1,0x5b,0xd1,0x5b,
    0xd2,0x5b,0xd2,0x5b,0xd2,0x5b,0xd2,0x5b,0xd2,0x5b,0xd2,0x63,0xd2,0x63,0xd2,0x63,
    0xf2,0x63,0xf2,0x63,0xf2,0x63,0x12,0x64,0x13,0x6c,0x13,0x64,0xf2,0x63,0xd2,0x5b,
    0x90,0x5b,0xb4,0x84,0x9b,0xc6,0x52,0x84,0x76,0xad,0xff,0xff,0xff,0xff,0xff,0xff,
    0xff,0xff,0xff,0xff,0xff,0xff,0xff,0xff,0xff,0xff,0xff,0xff,0xff,0xff,0xff,0xff,
    0xff,0xff,0xff,0xff,0xff,0xff,0xff,0xff,0xff,0xff,0xff,0xff,0xff,0xff,0xff,0xff,
    0xff,0xff,0xff,0xff,0xff,0xff,0xff,0xff,0xff,0xff,0xff,0xff,0xff,0xff,0xff,0xff,
    0xff,0xff,0xff,0xff,0xff,0xff,0xff,0xff,0xff,0xff,0xff,0xff,0xff,0xff,0xff,0xff,
    0xff,0xff,0xff,0xff,0xff,0xff,0xff,0xff,0xff,0xff,0xff,0xff,0xff,0xff,0xff,0xff,
    0xff,0xff,0xff,0xff,0xff,0xff,0xff,0xff,0xff,0xff,0xff,0xff,0xff,0xff,0xff,0xff,
    0xff,0xff,0xff,0xff,0xff,0xff,0xff,0xff,0xff,0xff,0xff,0xff,0xff,0xff,0xff,0xff,
    0xff,0xff,0xff,0xff,0xff,0xff,0xff,0xff,0xff,0xff,0xff,0xff,0xff,0xff,0xff,0xff,
    0xff,0xff,0xff,0xff,0xff,0xff,0xff,0xff,0xff,0xff,0xff,0xff,0xff,0xff,0xff,0xff,
    0xff,0xff,0xff,0xff,0xff,0xff,0xff,0xff,0xff,0xff,0xff,0xff,0xff,0xff,0xff,0xff,
    0xff,0xff,0xff,0xff,0xff,0xff,0xff,0xff,0xff,0xff,0xff,0xff,0xff,0xff,0xff,0xff,
    0xff,0xff,0xff,0xff,0xff,0xff,0xff,0xff,0xff,0xff,0xff,0xff,0xff,0xff,0xff,0xff,
    0xff,0xff,0xff,0xff,0xff,0xff,0xff,0xff,0xff,0xff,0xff,0xff,0xff,0xff,0xff,0xff,
    0xff,0xff,0xff,0xff,0xff,0xff,0xff,0xff,0xff,0xff,0xff,0xff,0xff,0xff,0xff,0xff,
    0xff,0xff,0xff,0xff,0xff,0xff,0xff,0xff,0xff,0xff,0xff,0xff,0xff,0xff,0xff,0xff,
    0xff,0xff,0xff,0xff,0xff,0xff,0xff,0xff,0xff,0xff,0xff,0xff,0xff,0xff,0xff,0xff,
    0xff,0xff,0xff,0xff,0xff,0xff,0xff,0xff,0xff,0xff,0xff,0xff,0xff,0xff,0xff,0xff,
    0xff,0xff,0xff,0xff,0xff,0xff,0xff,0xff,0xff,0xff,0xff,0xff,0xff,0xff,0xff,0xff,
    0xff,0xff,0xff,0xff,0xff,0xff,0xff,0xff,0xff,0xff,0xff,0xff,0xff,0xff,0xff,0xff,
    0xff,0xff,0xff,0xff,0xff,0xff,0xff,0xff,0xff,0xff,0xff,0xff,0xff,0xff,0xff,0xff,
    0xff,0xff,0xff,0xff,0xff,0xff,0xff,0xff,0xff,0xff,0xff,0xff,0xff,0xff,0xff,0xff,
    0xff,0xff,0xff,0xff,0xff,0xff,0xff,0xff,0xff,0xff,0xff,0xff,0xff,0xff,0xff,0xff,
    0xff,0xff,0xff,0xff,0xff,0xff,0xff,0xff,0xd7,0xbd,0x49,0x42,0x19,0xb6,0x57,0x9d,
    0x70,0x5b,0x34,0x64,0x75,0x6c,0x8b,0x52,0x89,0x82,0x2b,0xb3,0xea,0xb2,0xea,0xaa,
    0x68,0x8a,0xe8,0x51,0x13,0x64,0x97,0x6c,0x76,0x6c,0x96,0x6c,0x97,0x6c,0x97,0x6c,
    0x97,0x6c,0x97,0x6c,0x97,0x74,0x97,0x74,0xb7,0x74,0x97,0x6c,0x77,0x64,0xb2,0x53,
    0x0e,0x4b,0xee,0x4a,0x92,0x53,0x76,0x64,0x76,0x64,0x76,0x64,0x76,0x64,0x76,0x64,
    0x77,0x64,0x77,0x64,0x76,0x64,0x77,0x64,0x77,0x64,0x97,0x6c,0x97,0x6c,0x97,0x6c,
    0x97,0x6c,0x97,0x74,0xb7,0x74,0xb7,0x74,0xb7,0x74,0xb7,0x6c,0x97,0x6c,0x97,0x6c,
    0x76,0x64,0x50,0x4b,0xf5,0x8c,0xd3,0x8c,0xf4,0x9c,0xff,0xff,0xff,0xff,0xff,0xff,
    0xff,0xff,0xff,0xff,0xff,0xff,0xff,0xff,0xff,0xff,0xff,0xff,0xff,0xff,0xff,0xff,
    0xff,0xff,0xff,0xff,0xff,0xff,0xff,0xff,0xff,0xff,0xff,0xff,0xff,0xff,0xff,0xff,
    0xff,0xff,0xff,0xff,0xff,0xff,0xff,0xff,0xff,0xff,0xff,0xff,0xff,0xff,0xff,0xff,
    0xff,0xff,0xff,0xff,0xff,0xff,0xff,0xff,0xff,0xff,0xff,0xff,0xff,0xff,0xff,0xff,
    0xff,0xff,0xff,0xff,0xff,0xff,0xff,0xff,0xff,0xff,0xff,0xff,0xff,0xff,0xff,0xff,
    0xff,0xff,0xff,0xff,0xff,0xff,0xff,0xff,0xff,0xff,0xff,0xff,0xff,0xff,0xff,0xff,
    0xff,0xff,0xff,0xff,0xff,0xff,0xff,0xff,0xff,0xff,0xff,0xff,0xff,0xff,0xff,0xff,
    0xff,0xff,0xff,0xff,0xff,0xff,0xff,0xff,0xff,0xff,0xff,0xff,0xff,0xff,0xff,0xff,
    0xff,0xff,0xff,0xff,0xff,0xff,0xff,0xff,0xff,0xff,0xff,0xff,0xff,0xff,0xff,0xff,
    0xff,0xff,0xff,0xff,0xff,0xff,0xff,0xff,0xff,0xff,0xff,0xff,0xff,0xff,0xff,0xff,
    0xff,0xff,0xff,0xff,0xff,0xff,0xff,0xff,0xff,0xff,0xff,0xff,0xff,0xff,0xff,0xff,
    0xff,0xff,0xff,0xff,0xff,0xff,0xff,0xff,0xff,0xff,0xff,0xff,0xff,0xff,0xff,0xff,
    0xff,0xff,0xff,0xff,0xff,0xff,0xff,0xff,0xff,0xff,0xff,0xff,0xff,0xff,0xff,0xff,
    0xff,0xff,0xff,0xff,0xff,0xff,0xff,0xff,0xff,0xff,0xff,0xff,0xff,0xff,0xff,0xff,
    0xff,0xff,0xff,0xff,0xff,0xff,0xff,0xff,0xff,0xff,0xff,0xff,0xff,0xff,0xff,0xff,
    0xff,0xff,0xff,0xff,0xff,0xff,0xff,0xff,0xff,0xff,0xff,0xff,0xff,0xff,0xff,0xff,
    0xff,0xff,0xff,0xff,0xff,0xff,0xff,0xff,0xff,0xff,0xff,0xff,0xff,0xff,0xff,0xff,
    0xff,0xff,0xff,0xff,0xff,0xff,0xff,0xff,0xff,0xff,0xff,0xff,0xff,0xff,0xff,0xff,
    0xff,0xff,0xff,0xff,0xff,0xff,0xff,0xff,0xff,0xff,0xff,0xff,0xff,0xff,0xff,0xff,
    0xff,0xff,0xff,0xff,0xff,0xff,0xff,0xff,0xff,0xff,0xff,0xff,0xff,0xff,0xff,0xff,
    0xff,0xff,0xff,0xff,0xff,0xff,0xff,0xff,0xff,0xff,0xff,0xff,0xff,0xff,0xff,0xff,
    0xff,0xff,0xff,0xff,0xff,0xff,0xff,0xff,0xff,0xff,0xff,0xff,0xff,0xff,0xff,0xff,
    0xff,0xff,0xff,0xff,0xff,0xff,0xff,0xff,0xd3,0x94,0xa7,0x31,0xb8,0xa5,0xb1,0x63,
    0x55,0x6c,0x39,0x7d,0x34,0x6c,0x48,0x6a,0x8b,0xc3,0x2a,0xbb,0x0a,0xbb,0xea,0xba,
    0x0b,0xc3,0x49,0x82,0x50,0x5b,0x19,0x75,0xd8,0x74,0xd8,0x74,0xd8,0x6c,0xd8,0x6c,
    0xd8,0x6c,0x18,0x7d,0x79,0x8d,0x79,0x8d,0x99,0x8d,0x9a,0x8d,0x79,0x85,0x39,0x85,
    0xf9,0x7c,0x19,0x7d,0x59,0x85,0x5a,0x85,0x7a,0x85,0x7a,0x85,0x7a,0x85,0x9a,0x8d,
    0x9a,0x8d,0x9a,0x8d,0x9a,0x8d,0x9a,0x8d,0xba,0x8d,0xba,0x95,0xda,0x95,0xda,0x95,
    0xda,0x9d,0xfa,0x9d,0x1b,0x9e,0xfb,0x9d,0xbb,0x95,0x19,0x7d,0xb7,0x6c,0xb8,0x6c,
    0xd8,0x6c,0x55,0x64,0x32,0x74,0x55,0x9d,0x72,0x8c,0xff,0xff,0xff,0xff,0xff,0xff,
    0xff,0xff,0xff,0xff,0xff,0xff,0xff,0xff,0xff,0xff,0xff,0xff,0xff,0xff,0xff,0xff,
    0xff,0xff,0xff,0xff,0xff,0xff,0xff,0xff,0xff,0xff,0xff,0xff,0xff,0xff,0xff,0xff,
    0xff,0xff,0xff,0xff,0xff,0xff,0xff,0xff,0xff,0xff,0xff,0xff,0xff,0xff,0xff,0xff,
    0xff,0xff,0xff,0xff,0xff,0xff,0xff,0xff,0xff,0xff,0xff,0xff,0xff,0xff,0xff,0xff,
    0xff,0xff,0xff,0xff,0xff,0xff,0xff,0xff,0xff,0xff,0xff,0xff,0xff,0xff,0xff,0xff,
    0xff,0xff,0xff,0xff,0xff,0xff,0xff,0xff,0xff,0xff,0xff,0xff,0xff,0xff,0xff,0xff,
    0xff,0xff,0xff,0xff,0xff,0xff,0xff,0xff,0xff,0xff,0xff,0xff,0xff,0xff,0xff,0xff,
    0xff,0xff,0xff,0xff,0xff,0xff,0xff,0xff,0xff,0xff,0xff,0xff,0xff,0xff,0xff,0xff,
    0xff,0xff,0xff,0xff,0xff,0xff,0xff,0xff,0xff,0xff,0xff,0xff,0xff,0xff,0xff,0xff,
    0xff,0xff,0xff,0xff,0xff,0xff,0xff,0xff,0xff,0xff,0xff,0xff,0xff,0xff,0xff,0xff,
    0xff,0xff,0xff,0xff,0xff,0xff,0xff,0xff,0xff,0xff,0xff,0xff,0xff,0xff,0xff,0xff,
    0xff,0xff,0xff,0xff,0xff,0xff,0xff,0xff,0xff,0xff,0xff,0xff,0xff,0xff,0xff,0xff,
    0xff,0xff,0xff,0xff,0xff,0xff,0xff,0xff,0xff,0xff,0xff,0xff,0xff,0xff,0xff,0xff,
    0xff,0xff,0xff,0xff,0xff,0xff,0xff,0xff,0xff,0xff,0xff,0xff,0xff,0xff,0xff,0xff,
    0xff,0xff,0xff,0xff,0xff,0xff,0xff,0xff,0xff,0xff,0xff,0xff,0xff,0xff,0xff,0xff,
    0xff,0xff,0xff,0xff,0xff,0xff,0xff,0xff,0xff,0xff,0xff,0xff,0xff,0xff,0xff,0xff,
    0xff,0xff,0xff,0xff,0xff,0xff,0xff,0xff,0xff,0xff,0xff,0xff,0xff,0xff,0xff,0xff,
    0xff,0xff,0xff,0xff,0xff,0xff,0xff,0xff,0xff,0xff,0xff,0xff,0xff,0xff,0xff,0xff,
    0xff,0xff,0xff,0xff,0xff,0xff,0xff,0xff,0xff,0xff,0xff,0xff,0xff,0xff,0xff,0xff,
    0xff,0xff,0xff,0xff,0xff,0xff,0xff,0xff,0xff,0xff,0xff,0xff,0xff,0xff,0xff,0xff,
    0xff,0xff,0xff,0xff,0xff,0xff,0xff,0xff,0xff,0xff,0xff,0xff,0xff,0xff,0xff,0xff,
    0xff,0xff,0xff,0xff,0xff,0xff,0xff,0xff,0xff,0xff,0xff,0xff,0xff,0xff,0xff,0xff,
    0xff,0xff,0xff,0xff,0xff,0xff,0xff,0xff,0x10,0x7c,0x66,0x21,0x56,0x9d,0x12,0x6c,
    0x96,0x6c,0x19,0x7d,0xf2,0x63,0xc7,0x59,0x6c,0xc3,0x2a,0xbb,0x0a,0xbb,0xea,0xba,
    0x2a,0xbb,0xc9,0x92,0xcd,0x52,0x19,0x75,0xb8,0x6c,0xb8,0x74,0xd8,0x6c,0xd8,0x6c,
    0xb7,0x6c,0xba,0x8d,0xfa,0x9d,0xda,0x95,0xd9,0x95,0xb9,0x95,0x99,0x8d,0x79,0x85,
    0x59,0x85,0x59,0x85,0x59,0x85,0x59,0x85,0x59,0x85,0x58,0x85,0x58,0x85,0x38,0x85,
    0x38,0x85,0x37,0x85,0x37,0x85,0x37,0x85,0x37,0x85,0x17,0x85,0x17,0x85,0x37,0x8d,
    0x37,0x8d,0x37,0x8d,0x37,0x85,0x38,0x85,0x79,0x8d,0xbb,0x8d,0xb7,0x6c,0xb8,0x6c,
    0xd8,0x6c,0x76,0x6c,0x33,0x74,0x97,0xa5,0x10,0x7c,0xbe,0xf7,0xff,0xff,0xff,0xff,
    0xff,0xff,0xff,0xff,0xff,0xff,0xff,0xff,0xff,0xff,0xff,0xff,0xff,0xff,0xff,0xff,
    0xff,0xff,0xff,0xff,0xff,0xff,0xff,0xff,0xff,0xff,0xff,0xff,0xff,0xff,0xff,0xff,
    0xff,0xff,0xff,0xff,0xff,0xff,0xff,0xff,0xff,0xff,0xff,0xff,0xff,0xff,0xff,0xff,
    0xff,0xff,0xff,0xff,0xff,0xff,0xff,0xff,0xff,0xff,0xff,0xff,0xff,0xff,0xff,0xff,
    0xff,0xff,0xff,0xff,0xff,0xff,0xff,0xff,0xff,0xff,0xff,0xff,0xff,0xff,0xff,0xff,
    0xff,0xff,0xff,0xff,0xff,0xff,0xff,0xff,0xff,0xff,0xff,0xff,0xff,0xff,0xff,0xff,
    0xff,0xff,0xff,0xff,0xff,0xff,0xff,0xff,0xff,0xff,0xff,0xff,0xff,0xff,0xff,0xff,
    0xff,0xff,0xff,0xff,0xff,0xff,0xff,0xff,0xff,0xff,0xff,0xff,0xff,0xff,0xff,0xff,
    0xff,0xff,0xff,0xff,0xff,0xff,0xff,0xff,0xff,0xff,0xff,0xff,0xff,0xff,0xff,0xff,
    0xff,0xff,0xff,0xff,0xff,0xff,0xff,0xff,0xff,0xff,0xff,0xff,0xff,0xff,0xff,0xff,
    0xff,0xff,0xff,0xff,0xff,0xff,0xff,0xff,0xff,0xff,0xff,0xff,0xff,0xff,0xff,0xff,
    0xff,0xff,0xff,0xff,0xff,0xff,0xff,0xff,0xff,0xff,0xff,0xff,0xff,0xff,0xff,0xff,
    0xff,0xff,0xff,0xff,0xff,0xff,0xff,0xff,0xff,0xff,0xff,0xff,0xff,0xff,0xff,0xff,
    0xff,0xff,0xff,0xff,0xff,0xff,0xff,0xff,0xff,0xff,0xff,0xff,0xff,0xff,0xff,0xff,
    0xff,0xff,0xff,0xff,0xff,0xff,0xff,0xff,0xff,0xff,0xff,0xff,0xff,0xff,0xff,0xff,
    0xff,0xff,0xff,0xff,0xff,0xff,0xff,0xff,0xff,0xff,0xff,0xff,0xff,0xff,0xff,0xff,
    0xff,0xff,0xff,0xff,0xff,0xff,0xff,0xff,0xff,0xff,0xff,0xff,0xff,0xff,0xff,0xff,
    0xff,0xff,0xff,0xff,0xff,0xff,0xff,0xff,0xff,0xff,0xff,0xff,0xff,0xff,0xff,0xff,
    0xff,0xff,0xff,0xff,0xff,0xff,0xff,0xff,0xff,0xff,0xff,0xff,0xff,0xff,0xff,0xff,
    0xff,0xff,0xff,0xff,0xff,0xff,0xff,0xff,0xff,0xff,0xff,0xff,0xff,0xff,0xff,0xff,
    0xff,0xff,0xff,0xff,0xff,0xff,0xff,0xff,0xff,0xff,0xff,0xff,0xff,0xff,0xff,0xff,
    0xff,0xff,0xff,0xff,0xff,0xff,0xff,0xff,0xff,0xff,0xff,0xff,0xff,0xff,0xff,0xff,
    0xff,0xff,0xff,0xff,0xff,0xff,0xff,0xff,0xcf,0x73,0x67,0x21,0x36,0x95,0xf2,0x6b,
    0x34,0x64,0x18,0x75,0x95,0x74,0x66,0x39,0xe6,0x79,0xca,0xa2,0xea,0xaa,0xea,0xaa,
    0x6b,0xb3,0xc6,0x59,0x91,0x5b,0x19,0x75,0xb7,0x6c,0xb8,0x6c,0xb8,0x6c,0xb8,0x6c,
    0xb7,0x6c,0x9a,0x8d,0x59,0x85,0x71,0x4b,0x0d,0x43,0x4e,0x4b,0x0d,0x4b,0x0d,0x43,
    0xed,0x42,0xed,0x42,0xed,0x42,0xed,0x42,0xed,0x42,0xec,0x42,0xec,0x42,0xec,0x42,
    0xec,0x42,0xcc,0x42,0xec,0x42,0xec,0x42,0xec,0x42,0x0d,0x4b,0x0d,0x4b,0x0d,0x4b,
    0x2d,0x53,0x2d,0x53,0x0c,0x4b,0xcd,0x42,0x35,0x64,0xbb,0x8d,0xb7,0x6c,0xb7,0x6c,
    0xd8,0x6c,0x96,0x74,0x13,0x6c,0x97,0xad,0xaf,0x73,0x7d,0xef,0xff,0xff,0xff,0xff,
    0xff,0xff,0xff,0xff,0xff,0xff,0xff,0xff,0xff,0xff,0xff,0xff,0xff,0xff,0xff,0xff,
    0xff,0xff,0xff,0xff,0xff,0xff,0xff,0xff,0xff,0xff,0xff,0xff,0xff,0xff,0xff,0xff,
    0xff,0xff,0xff,0xff,0xff,0xff,0xff,0xff,0xff,0xff,0xff,0xff,0xff,0xff,0xff,0xff,
    0xff,0xff,0xff,0xff,0xff,0xff,0xff,0xff,0xff,0xff,0xff,0xff,0xff,0xff,0xff,0xff,
    0xff,0xff,0xff,0xff,0xff,0xff,0xff,0xff,0xff,0xff,0xff,0xff,0xff,0xff,0xff,0xff,
    0xff,0xff,0xff,0xff,0xff,0xff,0xff,0xff,0xff,0xff,0xff,0xff,0xff,0xff,0xff,0xff,
    0xff,0xff,0xff,0xff,0xff,0xff,0xff,0xff,0xff,0xff,0xff,0xff,0xff,0xff,0xff,0xff,
    0xff,0xff,0xff,0xff,0xff,0xff,0xff,0xff,0xff,0xff,0xff,0xff,0xff,0xff,0xff,0xff,
    0xff,0xff,0xff,0xff,0xff,0xff,0xff,0xff,0xff,0xff,0xff,0xff,0xff,0xff,0xff,0xff,
    0xff,0xff,0xff,0xff,0xff,0xff,0xff,0xff,0xff,0xff,0xff,0xff,0xff,0xff,0xff,0xff,
    0xff,0xff,0xff,0xff,0xff,0xff,0xff,0xff,0xff,0xff,0xff,0xff,0xff,0xff,0xff,0xff,
    0xff,0xff,0xff,0xff,0xff,0xff,0xff,0xff,0xff,0xff,0xff,0xff,0xff,0xff,0xff,0xff,
    0xff,0xff,0xff,0xff,0xff,0xff,0xff,0xff,0xff,0xff,0xff,0xff,0xff,0xff,0xff,0xff,
    0xff,0xff,0xff,0xff,0xff,0xff,0xff,0xff,0xff,0xff,0xff,0xff,0xff,0xff,0xff,0xff,
    0xff,0xff,0xff,0xff,0xff,0xff,0xff,0xff,0xff,0xff,0xff,0xff,0xff,0xff,0xff,0xff,
    0xff,0xff,0xff,0xff,0xff,0xff,0xff,0xff,0xff,0xff,0xff,0xff,0xff,0xff,0xff,0xff,
    0xff,0xff,0xff,0xff,0xff,0xff,0xff,0xff,0xff,0xff,0xff,0xff,0xff,0xff,0xff,0xff,
    0xff,0xff,0xff,0xff,0xff,0xff,0xff,0xff,0xff,0xff,0xff,0xff,0xff,0xff,0xff,0xff,
    0xff,0xff,0xff,0xff,0xff,0xff,0xff,0xff,0xff,0xff,0xff,0xff,0xff,0xff,0xff,0xff,
    0xff,0xff,0xff,0xff,0xff,0xff,0xff,0xff,0xff,0xff,0xff,0xff,0xff,0xff,0xff,0xff,
    0xff,0xff,0xff,0xff,0xff,0xff,0xff,0xff,0xff,0xff,0xff,0xff,0xff,0xff,0xff,0xff,
    0xff,0xff,0xff,0xff,0xff,0xff,0xff,0xff,0xff,0xff,0xff,0xff,0xff,0xff,0xff,0xff,
    0xff,0xff,0xff,0xff,0xff,0xff,0x7d,0xf7,0x2e,0x5b,0x88,0x21,0xf5,0x8c,0x33,0x74,
    0x14,0x64,0xf8,0x74,0xf8,0x7c,0xac,0x4a,0xa3,0x30,0x25,0x51,0x24,0x51,0xa6,0x61,
    0x45,0x49,0xe9,0x39,0xb7,0x74,0xb8,0x6c,0xb7,0x6c,0xb8,0x6c,0xb8,0x6c,0xd8,0x6c,
    0xb7,0x6c,0x79,0x8d,0x99,0x8d,0x0e,0x43,0x50,0x74,0xd2,0x84,0xd1,0x84,0xd1,0x84,
    0xd1,0x84,0xd1,0x84,0xd1,0x84,0xd1,0x84,0xd1,0x84,0xd1,0x84,0xd1,0x84,0xd1,0x84,
    0xd1,0x84,0xd1,0x84,0xd1,0x84,0xf1,0x84,0xf1,0x84,0xf1,0x8c,0xf2,0x8c,0x12,0x8d,
    0x12,0x8d,0xf2,0x8c,0x12,0x8d,0x0c,0x53,0xd3,0x5b,0xdb,0x95,0xd8,0x74,0xb7,0x6c,
    0xd8,0x74,0xd7,0x74,0xf2,0x6b,0x76,0xa5,0xaf,0x73,0xdb,0xde,0xff,0xff,0xff,0xff,
    0xff,0xff,0xff,0xff,0xff,0xff,0xff,0xff,0xff,0xff,0xff,0xff,0xff,0xff,0xff,0xff,
    0xff,0xff,0xff,0xff,0xff,0xff,0xff,0xff,0xff,0xff,0xff,0xff,0xff,0xff,0xff,0xff,
    0xff,0xff,0xff,0xff,0xff,0xff,0xff,0xff,0xff,0xff,0xff,0xff,0xff,0xff,0xff,0xff,
    0xff,0xff,0xff,0xff,0xff,0xff,0xff,0xff,0xff,0xff,0xff,0xff,0xff,0xff,0xff,0xff,
    0xff,0xff,0xff,0xff,0xff,0xff,0xff,0xff,0xff,0xff,0xff,0xff,0xff,0xff,0xff,0xff,
    0xff,0xff,0xff,0xff,0xff,0xff,0xff,0xff,0xff,0xff,0xff,0xff,0xff,0xff,0xff,0xff,
    0xff,0xff,0xff,0xff,0xff,0xff,0xff,0xff,0xff,0xff,0xff,0xff,0xff,0xff,0xff,0xff,
    0xff,0xff,0xff,0xff,0xff,0xff,0xff,0xff,0xff,0xff,0xff,0xff,0xff,0xff,0xff,0xff,
    0xff,0xff,0xff,0xff,0xff,0xff,0xff,0xff,0xff,0xff,0xff,0xff,0xff,0xff,0xff,0xff,
    0xff,0xff,0xff,0xff,0xff,0xff,0xff,0xff,0xff,0xff,0xff,0xff,0xff,0xff,0xff,0xff,
    0xff,0xff,0xff,0xff,0xff,0xff,0xff,0xff,0xff,0xff,0xff,0xff,0xff,0xff,0xff,0xff,
    0xff,0xff,0xff,0xff,0xff,0xff,0xff,0xff,0xff,0xff,0xff,0xff,0xff,0xff,0xff,0xff,
    0xff,0xff,0xff,0xff,0xff,0xff,0xff,0xff,0xff,0xff,0xff,0xff,0xff,0xff,0xff,0xff,
    0xff,0xff,0xff,0xff,0xff,0xff,0xff,0xff,0xff,0xff,0xff,0xff,0xff,0xff,0xff,0xff,
    0xff,0xff,0xff,0xff,0xff,0xff,0xff,0xff,0xff,0xff,0xff,0xff,0xff,0xff,0xff,0xff,
    0xff,0xff,0xff,0xff,0xff,0xff,0xff,0xff,0xff,0xff,0xff,0xff,0xff,0xff,0xff,0xff,
    0xff,0xff,0xff,0xff,0xff,0xff,0xff,0xff,0xff,0xff,0xff,0xff,0xff,0xff,0xff,0xff,
    0xff,0xff,0xff,0xff,0xff,0xff,0xff,0xff,0xff,0xff,0xff,0xff,0xff,0xff,0xff,0xff,
    0xff,0xff,0xff,0xff,0xff,0xff,0xff,0xff,0xff,0xff,0xff,0xff,0xff,0xff,0xff,0xff,
    0xff,0xff,0xff,0xff,0xff,0xff,0xff,0xff,0xff,0xff,0xff,0xff,0xff,0xff,0xff,0xff,
    0xff,0xff,0xff,0xff,0xff,0xff,0xff,0xff,0xff,0xff,0xff,0xff,0xff,0xff,0xff,0xff,
    0xff,0xff,0xff,0xff,0xff,0xff,0xff,0xff,0xff,0xff,0xff,0xff,0xff,0xff,0xff,0xff,
    0xff,0xff,0xff,0xff,0xff,0xff,0x1c,0xe7,0x8c,0x42,0xe9,0x29,0xd4,0x8c,0x73,0x7c,
    0xf3,0x5b,0xf9,0x74,0xd8,0x74,0x34,0x6c,0x4b,0x42,0x86,0x41,0x45,0x41,0x46,0x39,
    0xc9,0x31,0x35,0x6c,0xd8,0x74,0xb8,0x6c,0xb7,0x6c,0xb7,0x6c,0xb8,0x6c,0xd8,0x6c,
    0x97,0x64,0x79,0x85,0x9a,0x8d,0x2f,0x43,0x2f,0x74,0x12,0x8d,0xf2,0x84,0x12,0x85,
    0x12,0x8d,0x12,0x8d,0xf2,0x8c,0x12,0x8d,0x12,0x8d,0x12,0x8d,0xf2,0x8c,0xf2,0x8c,
    0xf2,0x8c,0xf2,0x8c,0xf2,0x8c,0xf2,0x8c,0xf2,0x8c,0xf2,0x8c,0xf2,0x8c,0xf2,0x8c,
    0xf2,0x8c,0xd2,0x84,0xf2,0x8c,0x4d,0x5b,0x91,0x53,0xbb,0x95,0xf8,0x7c,0xb8,0x6c,
    0xd7,0x74,0xf8,0x7c,0xd2,0x63,0x56,0x9d,0xd0,0x73,0x18,0xc6,0xff,0xff,0xff,0xff,
    0xff,0xff,0xff,0xff,0xff,0xff,0xff,0xff,0xff,0xff,0xff,0xff,0xff,0xff,0xff,0xff,
    0xff,0xff,0xff,0xff,0xff,0xff,0xff,0xff,0xff,0xff,0xff,0xff,0xff,0xff,0xff,0xff,
    0xff,0xff,0xff,0xff,0xff,0xff,0xff,0xff,0xff,0xff,0xff,0xff,0xff,0xff,0xff,0xff,
    0xff,0xff,0xff,0xff,0xff,0xff,0xff,0xff,0xff,0xff,0xff,0xff,0xff,0xff,0xff,0xff,
    0xff,0xff,0xff,0xff,0xff,0xff,0xff,0xff,0xff,0xff,0xff,0xff,0xff,0xff,0xff,0xff,
    0xff,0xff,0xff,0xff,0xff,0xff,0xff,0xff,0xff,0xff,0xff,0xff,0xff,0xff,0xff,0xff,
    0xff,0xff,0xff,0xff,0xff,0xff,0xff,0xff,0xff,0xff,0xff,0xff,0xff,0xff,0xff,0xff,
    0xff,0xff,0xff,0xff,0xff,0xff,0xff,0xff,0xff,0xff,0xff,0xff,0xff,0xff,0xff,0xff,
    0xff,0xff,0xff,0xff,0xff,0xff,0xff,0xff,0xff,0xff,0xff,0xff,0xff,0xff,0xff,0xff,
    0xff,0xff,0xff,0xff,0xff,0xff,0xff,0xff,0xff,0xff,0xff,0xff,0xff,0xff,0xff,0xff,
    0xff,0xff,0xff,0xff,0xff,0xff,0xff,0xff,0xff,0xff,0xff,0xff,0xff,0xff,0xff,0xff,
    0xff,0xff,0xff,0xff,0xff,0xff,0xff,0xff,0xff,0xff,0xff,0xff,0xff,0xff,0xff,0xff,
    0xff,0xff,0xff,0xff,0xff,0xff,0xff,0xff,0xff,0xff,0xff,0xff,0xff,0xff,0xff,0xff,
    0xff,0xff,0xff,0xff,0xff,0xff,0xff,0xff,0xff,0xff,0xff,0xff,0xff,0xff,0xff,0xff,
    0xff,0xff,0xff,0xff,0xff,0xff,0xff,0xff,0xff,0xff,0xff,0xff,0xff,0xff,0xff,0xff,
    0xff,0xff,0xff,0xff,0xff,0xff,0xff,0xff,0xff,0xff,0xff,0xff,0xff,0xff,0xff,0xff,
    0xff,0xff,0xff,0xff,0xff,0xff,0xff,0xff,0xff,0xff,0xff,0xff,0xff,0xff,0xff,0xff,
    0xff,0xff,0xff,0xff,0xff,0xff,0xff,0xff,0xff,0xff,0xff,0xff,0xff,0xff,0xff,0xff,
    0xff,0xff,0xff,0xff,0xff,0xff,0xff,0xff,0xff,0xff,0xff,0xff,0xff,0xff,0xff,0xff,
    0xff,0xff,0xff,0xff,0xff,0xff,0xff,0xff,0xff,0xff,0xff,0xff,0xff,0xff,0xff,0xff,
    0xff,0xff,0xff,0xff,0xff,0xff,0xff,0xff,0xff,0xff,0xff,0xff,0xff,0xff,0xff,0xff,
    0xff,0xff,0xff,0xff,0xff,0xff,0xff,0xff,0xff,0xff,0xff,0xff,0xff,0xff,0xff,0xff,
    0xff,0xff,0xff,0xff,0xff,0xff,0xba,0xd6,0x2a,0x32,0x0a,0x2a,0x93,0x84,0xb4,0x8c,
    0xd2,0x5b,0xf8,0x7c,0xd8,0x6c,0xf8,0x74,0x96,0x74,0xb1,0x5b,0x70,0x53,0xb2,0x5b,
    0x96,0x74,0xd8,0x74,0xb7,0x6c,0xd7,0x6c,0xb8,0x6c,0xb7,0x6c,0xd7,0x6c,0xd8,0x6c,
    0x97,0x64,0x79,0x85,0x9a,0x8d,0x50,0x4b,0x8e,0x63,0x12,0x8d,0xd1,0x84,0xf2,0x8c,
    0xf2,0x8c,0xf2,0x8c,0xf2,0x8c,0xf1,0x84,0xf2,0x8c,0xf1,0x84,0xf1,0x84,0xf2,0x84,
    0xf1,0x84,0xf2,0x8c,0xf2,0x8c,0xf2,0x84,0x12,0x8d,0xf2,0x8c,0xf2,0x8c,0xf1,0x8c,
    0xf1,0x84,0xd1,0x84,0xf1,0x8c,0xae,0x63,0x50,0x4b,0xdb,0x95,0x59,0x85,0xb8,0x6c,
    0xd7,0x74,0xf8,0x7c,0xd2,0x5b,0x15,0x95,0xd0,0x73,0x96,0xb5,0xff,0xff,0xff,0xff,
    0xff,0xff,0xff,0xff,0xff,0xff,0xff,0xff,0xff,0xff,0xff,0xff,0xff,0xff,0xff,0xff,
    0xff,0xff,0xff,0xff,0xff,0xff,0xff,0xff,0xff,0xff,0xff,0xff,0xff,0xff,0xff,0xff,
    0xff,0xff,0xff,0xff,0xff,0xff,0xff,0xff,0xff,0xff,0xff,0xff,0xff,0xff,0xff,0xff,
    0xff,0xff,0xff,0xff,0xff,0xff,0xff,0xff,0xff,0xff,0xff,0xff,0xff,0xff,0xff,0xff,
    0xff,0xff,0xff,0xff,0xff,0xff,0xff,0xff,0xff,0xff,0xff,0xff,0xff,0xff,0xff,0xff,
    0xff,0xff,0xff,0xff,0xff,0xff,0xff,0xff,0xff,0xff,0xff,0xff,0xff,0xff,0xff,0xff,
    0xff,0xff,0xff,0xff,0xff,0xff,0xff,0xff,0xff,0xff,0xff,0xff,0xff,0xff,0xff,0xff,
    0xff,0xff,0xff,0xff,0xff,0xff,0xff,0xff,0xff,0xff,0xff,0xff,0xff,0xff,0xff,0xff,
    0xff,0xff,0xff,0xff,0xff,0xff,0xff,0xff,0xff,0xff,0xff,0xff,0xff,0xff,0xff,0xff,
    0xff,0xff,0xff,0xff,0xff,0xff,0xff,0xff,0xff,0xff,0xff,0xff,0xff,0xff,0xff,0xff,
    0xff,0xff,0xff,0xff,0xff,0xff,0xff,0xff,0xff,0xff,0xff,0xff,0xff,0xff,0xff,0xff,
    0xff,0xff,0xff,0xff,0xff,0xff,0xff,0xff,0xff,0xff,0xff,0xff,0xff,0xff,0xff,0xff,
    0xff,0xff,0xff,0xff,0xff,0xff,0xff,0xff,0xff,0xff,0xff,0xff,0xff,0xff,0xff,0xff,
    0xff,0xff,0xff,0xff,0xff,0xff,0xff,0xff,0xff,0xff,0xff,0xff,0xff,0xff,0xff,0xff,
    0xff,0xff,0xff,0xff,0xff,0xff,0xff,0xff,0xff,0xff,0xff,0xff,0xff,0xff,0xff,0xff,
    0xff,0xff,0xff,0xff,0xff,0xff,0xff,0xff,0xff,0xff,0xff,0xff,0xff,0xff,0xff,0xff,
    0xff,0xff,0xff,0xff,0xff,0xff,0xff,0xff,0xff,0xff,0xff,0xff,0xff,0xff,0xff,0xff,
    0xff,0xff,0xff,0xff,0xff,0xff,0xff,0xff,0xff,0xff,0xff,0xff,0xff,0xff,0xff,0xff,
    0xff,0xff,0xff,0xff,0xff,0xff,0xff,0xff,0xff,0xff,0xff,0xff,0xff,0xff,0xff,0xff,
    0xff,0xff,0xff,0xff,0xff,0xff,0xff,0xff,0xff,0xff,0xff,0xff,0xff,0xff,0xff,0xff,
    0xff,0xff,0xff,0xff,0xff,0xff,0xff,0xff,0xff,0xff,0xff,0xff,0xff,0xff,0xff,0xff,
    0xff,0xff,0xff,0xff,0xff,0xff,0xff,0xff,0xff,0xff,0xff,0xff,0xff,0xff,0xff,0xff,
    0xff,0xff,0xff,0xff,0xff,0xff,0x39,0xc6,0x2b,0x32,0x4c,0x32,0x52,0x7c,0xb4,0x8c,
    0xb2,0x5b,0x19,0x75,0xd8,0x6c,0xd8,0x6c,0xd8,0x74,0xf8,0x74,0x75,0x64,0x55,0x64,
    0xd8,0x74,0xd8,0x6c,0xb7,0x6c,0xd8,0x6c,0xb8,0x6c,0xb8,0x6c,0xb8,0x6c,0xb8,0x6c,
    0x97,0x64,0x59,0x85,0x9a,0x8d,0x92,0x53,0x4d,0x5b,0x33,0x95,0x12,0x8d,0x33,0x8d,
    0x33,0x8d,0x33,0x95,0x33,0x95,0x33,0x95,0x33,0x95,0x33,0x95,0x13,0x95,0x33,0x8d,
    0x33,0x8d,0x32,0x8d,0x12,0x8d,0x12,0x8d,0x32,0x8d,0x12,0x8d,0x12,0x8d,0x12,0x8d,
    0xf2,0x8c,0xf2,0x84,0x12,0x8d,0x50,0x7c,0x2f,0x4b,0xdb,0x9d,0x79,0x8d,0xb7,0x6c,
    0xd7,0x74,0xf9,0x74,0xf3,0x5b,0xb4,0x84,0x11,0x7c,0x34,0xa5,0xff,0xff,0xff,0xff,
    0xff,0xff,0xff,0xff,0xff,0xff,0xff,0xff,0xff,0xff,0xff,0xff,0xff,0xff,0xff,0xff,
    0xff,0xff,0xff,0xff,0xff,0xff,0xff,0xff,0xff,0xff,0xff,0xff,0xff,0xff,0xff,0xff,
    0xff,0xff,0xff,0xff,0xff,0xff,0xff,0xff,0xff,0xff,0xff,0xff,0xff,0xff,0xff,0xff,
    0xff,0xff,0xff,0xff,0xff,0xff,0xff,0xff,0xff,0xff,0xff,0xff,0xff,0xff,0xff,0xff,
    0xff,0xff,0xff,0xff,0xff,0xff,0xff,0xff,0xff,0xff,0xff,0xff,0xff,0xff,0xff,0xff,
    0xff,0xff,0xff,0xff,0xff,0xff,0xff,0xff,0xff,0xff,0xff,0xff,0xff,0xff,0xff,0xff,
    0xff,0xff,0xff,0xff,0xff,0xff,0xff,0xff,0xff,0xff,0xff,0xff,0xff,0xff,0xff,0xff,
    0xff,0xff,0xff,0xff,0xff,0xff,0xff,0xff,0xff,0xff,0xff,0xff,0xff,0xff,0xff,0xff,
    0xff,0xff,0xff,0xff,0xff,0xff,0xff,0xff,0xff,0xff,0xff,0xff,0xff,0xff,0xff,0xff,
    0xff,0xff,0xff,0xff,0xff,0xff,0xff,0xff,0xff,0xff,0xff,0xff,0xff,0xff,0xff,0xff,
    0xff,0xff,0xff,0xff,0xff,0xff,0xff,0xff,0xff,0xff,0xff,0xff,0xff,0xff,0xff,0xff,
    0xff,0xff,0xff,0xff,0xff,0xff,0xff,0xff,0xff,0xff,0xff,0xff,0xff,0xff,0xff,0xff,
    0xff,0xff,0xff,0xff,0xff,0xff,0xff,0xff,0xff,0xff,0xff,0xff,0xff,0xff,0xff,0xff,
    0xff,0xff,0xff,0xff,0xff,0xff,0xff,0xff,0xff,0xff,0xff,0xff,0xff,0xff,0xff,0xff,
    0xff,0xff,0xff,0xff,0xff,0xff,0xff,0xff,0xff,0xff,0xff,0xff,0xff,0xff,0xff,0xff,
    0xff,0xff,0xff,0xff,0xff,0xff,0xff,0xff,0xff,0xff,0xff,0xff,0xff,0xff,0xff,0xff,
    0xff,0xff,0xff,0xff,0xff,0xff,0xff,0xff,0xff,0xff,0xff,0xff,0xff,0xff,0xff,0xff,
    0xff,0xff,0xff,0xff,0xff,0xff,0xff,0xff,0xff,0xff,0xff,0xff,0xff,0xff,0xff,0xff,
    0xff,0xff,0xff,0xff,0xff,0xff,0xff,0xff,0xff,0xff,0xff,0xff,0xff,0xff,0xff,0xff,
    0xff,0xff,0xff,0xff,0xff,0xff,0xff,0xff,0xff,0xff,0xff,0xff,0xff,0xff,0xff,0xff,
    0xff,0xff,0xff,0xff,0xff,0xff,0xff,0xff,0xff,0xff,0xff,0xff,0xff,0xff,0xff,0xff,
    0xff,0xff,0xff,0xff,0xff,0xff,0xff,0xff,0xff,0xff,0xff,0xff,0xff,0xff,0xff,0xff,
    0xff,0xff,0xff,0xff,0xff,0xff,0x38,0xc6,0x4b,0x32,0x6d,0x32,0x11,0x74,0xf5,0x94,
    0xb1,0x5b,0xf9,0x74,0xb8,0x6c,0xb8,0x6c,0xd8,0x6c,0x71,0x53,0x87,0x21,0xc8,0x29,
    0x14,0x64,0xd8,0x74,0xb8,0x6c,0xb8,0x6c,0xb8,0x6c,0xb8,0x6c,0xb8,0x6c,0xb8,0x6c,
    0x97,0x6c,0x19,0x7d,0x9a,0x8d,0xd3,0x5b,0x6a,0x3a,0xef,0x6b,0xce,0x6b,0xef,0x6b,
    0xef,0x6b,0xee,0x6b,0xee,0x6b,0x0f,0x6c,0xef,0x6b,0xee,0x6b,0xef,0x6b,0xce,0x6b,
    0xce,0x63,0xae,0x63,0xae,0x63,0x8d,0x5b,0x8d,0x5b,0x6d,0x5b,0x6d,0x5b,0x6d,0x5b,
    0x6d,0x63,0x6d,0x63,0xae,0x63,0x6e,0x5b,0xce,0x42,0xba,0x95,0x9a,0x8d,0x98,0x6c,
    0xd8,0x74,0xf8,0x74,0x14,0x5c,0x32,0x74,0x52,0x84,0xb2,0x94,0xff,0xff,0xff,0xff,
    0xff,0xff,0xff,0xff,0xff,0xff,0xff,0xff,0xff,0xff,0xff,0xff,0xff,0xff,0xff,0xff,
    0xff,0xff,0xff,0xff,0xff,0xff,0xff,0xff,0xff,0xff,0xff,0xff,0xff,0xff,0xff,0xff,
    0xff,0xff,0xff,0xff,0xff,0xff,0xff,0xff,0xff,0xff,0xff,0xff,0xff,0xff,0xff,0xff,
    0xff,0xff,0xff,0xff,0xff,0xff,0xff,0xff,0xff,0xff,0xff,0xff,0xff,0xff,0xff,0xff,
    0xff,0xff,0xff,0xff,0xff,0xff,0xff,0xff,0xff,0xff,0xff,0xff,0xff,0xff,0xff,0xff,
    0xff,0xff,0xff,0xff,0xff,0xff,0xff,0xff,0xff,0xff,0xff,0xff,0xff,0xff,0xff,0xff,
    0xff,0xff,0xff,0xff,0xff,0xff,0xff,0xff,0xff,0xff,0xff,0xff,0xff,0xff,0xff,0xff,
    0xff,0xff,0xff,0xff,0xff,0xff,0xff,0xff,0xff,0xff,0xff,0xff,0xff,0xff,0xff,0xff,
    0xff,0xff,0xff,0xff,0xff,0xff,0xff,0xff,0xff,0xff,0xff,0xff,0xff,0xff,0xff,0xff,
    0xff,0xff,0xff,0xff,0xff,0xff,0xff,0xff,0xff,0xff,0xff,0xff,0xff,0xff,0xff,0xff,
    0xff,0xff,0xff,0xff,0xff,0xff,0xff,0xff,0xff,0xff,0xff,0xff,0xff,0xff,0xff,0xff,
    0xff,0xff,0xff,0xff,0xff,0xff,0xff,0xff,0xff,0xff,0xff,0xff,0xff,0xff,0xff,0xff,
    0xff,0xff,0xff,0xff,0xff,0xff,0xff,0xff,0xff,0xff,0xff,0xff,0xff,0xff,0xff,0xff,
    0xff,0xff,0xff,0xff,0xff,0xff,0xba,0xd6,0x79,0xce,0xdf,0xff,0xff,0xff,0xff,0xff,
    0xff,0xff,0xff,0xff,0xff,0xff,0xff,0xff,0xff,0xff,0xff,0xff,0xff,0xff,0xff,0xff,
    0xff,0xff,0xff,0xff,0xff,0xff,0xff,0xff,0xff,0xff,0xff,0xff,0xff,0xff,0xff,0xff,
    0xff,0xff,0xff,0xff,0xff,0xff,0xff,0xff,0xff,0xff,0xff,0xff,0xff,0xff,0xff,0xff,
    0xff,0xff,0xff,0xff,0xff,0xff,0xff,0xff,0xff,0xff,0xff,0xff,0xff,0xff,0xff,0xff,
    0xff,0xff,0xff,0xff,0xff,0xff,0xff,0xff,0xff,0xff,0xff,0xff,0xff,0xff,0xff,0xff,
    0xff,0xff,0xff,0xff,0xff,0xff,0xff,0xff,0xff,0xff,0xff,0xff,0xff,0xff,0xff,0xff,
    0xff,0xff,0xff,0xff,0xff,0xff,0xff,0xff,0xff,0xff,0xff,0xff,0xff,0xff,0xff,0xff,
    0xff,0xff,0xff,0xff,0xff,0xff,0xff,0xff,0xff,0xff,0xff,0xff,0xff,0xff,0xff,0xff,
    0xff,0xff,0xff,0xff,0xff,0xff,0x9a,0xd6,0x4b,0x3a,0x8d,0x32,0xd0,0x6b,0x36,0x9d,
    0xb2,0x5b,0xf8,0x74,0xb8,0x6c,0xd8,0x6c,0x56,0x64,0x0e,0x53,0x86,0x31,0x66,0x21,
    0x2f,0x4b,0xd8,0x74,0xb8,0x6c,0xb8,0x6c,0xb8,0x6c,0xb8,0x6c,0xb8,0x6c,0xb8,0x6c,
    0xb7,0x6c,0xf8,0x74,0xba,0x95,0x75,0x6c,0x2f,0x4b,0x0e,0x53,0x4f,0x53,0x70,0x5b,
    0x90,0x5b,0x90,0x5b,0x90,0x5b,0x90,0x5b,0x90,0x5b,0xb0,0x63,0xb0,0x63,0xb0,0x63,
    0xb0,0x63,0x90,0x5b,0x90,0x5b,0x90,0x5b,0x90,0x5b,0x70,0x5b,0x90,0x5b,0x90,0x5b,
    0x91,0x5b,0xd2,0x63,0xf2,0x6b,0x12,0x6c,0x95,0x74,0xda,0x9d,0xda,0x9d,0xb7,0x6c,
    0xd8,0x74,0xd8,0x6c,0x35,0x64,0xd1,0x6b,0x93,0x8c,0x51,0x8c,0xff,0xff,0xff,0xff,
    0xff,0xff,0xff,0xff,0xff,0xff,0xff,0xff,0xff,0xff,0xff,0xff,0xff,0xff,0xff,0xff,
    0xff,0xff,0xff,0xff,0xff,0xff,0xff,0xff,0xff,0xff,0xff,0xff,0xff,0xff,0xff,0xff,
    0xff,0xff,0xff,0xff,0xff,0xff,0xff,0xff,0xff,0xff,0xff,0xff,0xff,0xff,0xff,0xff,
    0xff,0xff,0xff,0xff,0xff,0xff,0xff,0xff,0xff,0xff,0xff,0xff,0xff,0xff,0xff,0xff,
    0xff,0xff,0xff,0xff,0xff,0xff,0xff,0xff,0xff,0xff,0xff,0xff,0xff,0xff,0xff,0xff,
    0xff,0xff,0xff,0xff,0xff,0xff,0xff,0xff,0xff,0xff,0xff,0xff,0xff,0xff,0xff,0xff,
    0xff,0xff,0xff,0xff,0xff,0xff,0xff,0xff,0xff,0xff,0xff,0xff,0xff,0xff,0xff,0xff,
    0xff,0xff,0xff,0xff,0xff,0xff,0xff,0xff,0xff,0xff,0xff,0xff,0xff,0xff,0xff,0xff,
    0xff,0xff,0xff,0xff,0xff,0xff,0xff,0xff,0xff,0xff,0xff,0xff,0xff,0xff,0xff,0xff,
    0xff,0xff,0xff,0xff,0xff,0xff,0xff,0xff,0xff,0xff,0xff,0xff,0xff,0xff,0xff,0xff,
    0xff,0xff,0xff,0xff,0xff,0xff,0xff,0xff,0xff,0xff,0xff,0xff,0xff,0xff,0xff,0xff,
    0xff,0xff,0xff,0xff,0xff,0xff,0xff,0xff,0xff,0xff,0xff,0xff,0xff,0xff,0xff,0xff,
    0xff,0xff,0xff,0xff,0xff,0xff,0xff,0xff,0xff,0xff,0xff,0xff,0xff,0xff,0xff,0xff,
    0xff,0xff,0xff,0xff,0x1c,0xdf,0xcf,0x73,0x8e,0x73,0x18,0xbe,0xff,0xff,0xff,0xff,
    0xff,0xff,0xff,0xff,0xff,0xff,0xff,0xff,0xff,0xff,0xff,0xff,0xff,0xff,0xff,0xff,
    0xff,0xff,0xff,0xff,0xff,0xff,0xff,0xff,0xff,0xff,0xff,0xff,0xff,0xff,0xff,0xff,
    0xff,0xff,0xff,0xff,0xff,0xff,0xff,0xff,0xff,0xff,0xff,0xff,0xff,0xff,0xff,0xff,
    0xff,0xff,0xff,0xff,0xff,0xff,0xff,0xff,0xff,0xff,0xff,0xff,0xff,0xff,0xff,0xff,
    0xff,0xff,0xff,0xff,0xff,0xff,0xff,0xff,0xff,0xff,0xff,0xff,0xff,0xff,0xff,0xff,
    0xff,0xff,0xff,0xff,0xff,0xff,0xff,0xff,0xff,0xff,0xff,0xff,0xff,0xff,0xff,0xff,
    0xff,0xff,0xff,0xff,0xff,0xff,0xff,0xff,0xff,0xff,0xff,0xff,0xff,0xff,0xff,0xff,
    0xff,0xff,0xff,0xff,0xff,0xff,0xff,0xff,0xff,0xff,0xff,0xff,0xff,0xff,0xff,0xff,
    0xff,0xff,0xff,0xff,0xff,0xff,0xfb,0xde,0x8c,0x42,0x8d,0x32,0x6f,0x63,0x56,0x9d,
    0xb1,0x5b,0xd8,0x74,0xb8,0x6c,0xd8,0x74,0x14,0x64,0xd1,0x6b,0x92,0x84,0x6e,0x63,
    0x50,0x53,0xb8,0x6c,0xb8,0x6c,0xb8,0x6c,0xb8,0x6c,0xb8,0x6c,0xb8,0x6c,0xb8,0x6c,
    0xb8,0x6c,0xb7,0x6c,0xdb,0x95,0xba,0x95,0xda,0x95,0xda,0x9d,0xfa,0xa5,0xda,0x9d,
    0xfa,0xa5,0x1b,0xa6,0x1b,0xa6,0xfb,0xa5,0x1b,0xa6,0xfa,0xa5,0xfa,0xa5,0x1b,0xa6,
    0xfb,0x9d,0xdb,0x9d,0xb9,0x95,0x79,0x95,0x9a,0x95,0xbb,0x95,0x9b,0x95,0x9b,0x95,
    0x9a,0x95,0x9a,0x95,0xfb,0xa5,0x1b,0xa6,0x1b,0x9e,0x3b,0xa6,0x79,0x8d,0xd7,0x74,
    0xd8,0x74,0xd8,0x6c,0x56,0x64,0x91,0x5b,0xd4,0x94,0x10,0x84,0xdf,0xf7,0xff,0xff,
    0xff,0xff,0xff,0xff,0xff,0xff,0xff,0xff,0xff,0xff,0xff,0xff,0xff,0xff,0xff,0xff,
    0xff,0xff,0xff,0xff,0xff,0xff,0xff,0xff,0xff,0xff,0xff,0xff,0xff,0xff,0xff,0xff,
    0xff,0xff,0xff,0xff,0xff,0xff,0xff,0xff,0xff,0xff,0xff,0xff,0xff,0xff,0xff,0xff,
    0xff,0xff,0xff,0xff,0xff,0xff,0xff,0xff,0xff,0xff,0xff,0xff,0xff,0xff,0xff,0xff,
    0xff,0xff,0xff,0xff,0xff,0xff,0xff,0xff,0xff,0xff,0xff,0xff,0xff,0xff,0xff,0xff,
    0xff,0xff,0xff,0xff,0xff,0xff,0xff,0xff,0xff,0xff,0xff,0xff,0xff,0xff,0xff,0xff,
    0xff,0xff,0xff,0xff,0xff,0xff,0xff,0xff,0xff,0xff,0xff,0xff,0xff,0xff,0xff,0xff,
    0xff,0xff,0xff,0xff,0xff,0xff,0xff,0xff,0xff,0xff,0xff,0xff,0xff,0xff,0xff,0xff,
    0xff,0xff,0xff,0xff,0xff,0xff,0xff,0xff,0xff,0xff,0xff,0xff,0xff,0xff,0xff,0xff,
    0xff,0xff,0xff,0xff,0xff,0xff,0xff,0xff,0xff,0xff,0xff,0xff,0xff,0xff,0xff,0xff,
    0xff,0xff,0xff,0xff,0xff,0xff,0xff,0xff,0xff,0xff,0xff,0xff,0xff,0xff,0xff,0xff,
    0xff,0xff,0xff,0xff,0xff,0xff,0xff,0xff,0xff,0xff,0xff,0xff,0xff,0xff,0xff,0xff,
    0xff,0xff,0xff,0xff,0xff,0xff,0xff,0xff,0xff,0xff,0xff,0xff,0xff,0xff,0xff,0xff,
    0xff,0xff,0xff,0xff,0x79,0xce,0x71,0x8c,0x71,0x8c,0x14,0xa5,0xff,0xff,0xff,0xff,
    0xff,0xff,0xff,0xff,0xff,0xff,0xff,0xff,0xff,0xff,0xff,0xff,0xff,0xff,0xff,0xff,
    0xff,0xff,0xff,0xff,0xff,0xff,0xff,0xff,0xff,0xff,0xff,0xff,0xff,0xff,0xff,0xff,
    0xff,0xff,0xff,0xff,0xff,0xff,0xff,0xff,0xff,0xff,0xff,0xff,0xff,0xff,0xff,0xff,
    0xff,0xff,0xff,0xff,0xff,0xff,0xff,0xff,0xff,0xff,0xff,0xff,0xff,0xff,0xff,0xff,
    0xff,0xff,0xff,0xff,0xff,0xff,0xff,0xff,0xff,0xff,0xff,0xff,0xff,0xff,0xff,0xff,
    0xff,0xff,0xff,0xff,0xff,0xff,0xff,0xff,0xff,0xff,0xff,0xff,0xff,0xff,0xff,0xff,
    0xff,0xff,0xff,0xff,0xff,0xff,0xff,0xff,0xff,0xff,0xff,0xff,0xff,0xff,0xff,0xff,
    0xff,0xff,0xff,0xff,0xff,0xff,0xff,0xff,0xff,0xff,0xff,0xff,0xff,0xff,0xff,0xff,
    0xff,0xff,0xff,0xff,0xff,0xff,0x1c,0xe7,0xad,0x4a,0x8d,0x32,0x2e,0x5b,0x56,0xa5,
    0x70,0x53,0xb8,0x6c,0xb8,0x6c,0xb8,0x6c,0xb7,0x6c,0xb2,0x53,0x50,0x53,0x91,0x53,
    0x55,0x64,0xb8,0x6c,0xb8,0x6c,0xb8,0x6c,0xb8,0x6c,0xb8,0x6c,0xb8,0x6c,0xb8,0x6c,
    0xb8,0x6c,0xb7,0x6c,0xd8,0x6c,0xd8,0x74,0xd8,0x74,0xf8,0x74,0x54,0x74,0xf2,0x6b,
    0xb1,0x63,0x75,0x6c,0x18,0x7d,0xf8,0x7c,0x13,0x64,0x12,0x64,0xf2,0x63,0x96,0x74,
    0xf8,0x7c,0x55,0x64,0x92,0x5b,0xb1,0x63,0x50,0x4b,0x76,0x64,0x97,0x64,0xf4,0x5b,
    0xed,0x52,0xcc,0x62,0x50,0x63,0xb7,0x74,0xb8,0x6c,0xb7,0x74,0xb8,0x74,0xd8,0x6c,
    0xb8,0x6c,0xd8,0x6c,0x76,0x64,0x90,0x5b,0x15,0x95,0xf0,0x7b,0x9e,0xf7,0xff,0xff,
    0xff,0xff,0xff,0xff,0xff,0xff,0xff,0xff,0xff,0xff,0xff,0xff,0xff,0xff,0xff,0xff,
    0xff,0xff,0xff,0xff,0xff,0xff,0xff,0xff,0xff,0xff,0xff,0xff,0xff,0xff,0xff,0xff,
    0xff,0xff,0xff,0xff,0xff,0xff,0xff,0xff,0xff,0xff,0xff,0xff,0xff,0xff,0xff,0xff,
    0xff,0xff,0xff,0xff,0xff,0xff,0xff,0xff,0xff,0xff,0xff,0xff,0xff,0xff,0xff,0xff,
    0xff,0xff,0xff,0xff,0xff,0xff,0xff,0xff,0xff,0xff,0xff,0xff,0xff,0xff,0xff,0xff,
    0xff,0xff,0xff,0xff,0xff,0xff,0xff,0xff,0xff,0xff,0xff,0xff,0xff,0xff,0xff,0xff,
    0xff,0xff,0xff,0xff,0xff,0xff,0xff,0xff,0xff,0xff,0xff,0xff,0xff,0xff,0xff,0xff,
    0xff,0xff,0xff,0xff,0xff,0xff,0xff,0xff,0xff,0xff,0xff,0xff,0xff,0xff,0xff,0xff,
    0xff,0xff,0xff,0xff,0xff,0xff,0xff,0xff,0xff,0xff,0xff,0xff,0xff,0xff,0xff,0xff,
    0xff,0xff,0xff,0xff,0xff,0xff,0xff,0xff,0xff,0xff,0xff,0xff,0xff,0xff,0xff,0xff,
    0xff,0xff,0xff,0xff,0xff,0xff,0xff,0xff,0xff,0xff,0xff,0xff,0xff,0xff,0xff,0xff,
    0xff,0xff,0xff,0xff,0xff,0xff,0xff,0xff,0xff,0xff,0xff,0xff,0xff,0xff,0xff,0xff,
    0xff,0xff,0xff,0xff,0xff,0xff,0xff,0xff,0xff,0xff,0xff,0xff,0xff,0xff,0xff,0xff,
    0xff,0xff,0xff,0xff,0x79,0xce,0x51,0x84,0x71,0x8c,0xd3,0x9c,0xff,0xff,0xff,0xff,
    0xff,0xff,0xff,0xff,0xff,0xff,0xff,0xff,0xff,0xff,0xff,0xff,0xff,0xff,0xff,0xff,
    0xff,0xff,0xff,0xff,0xff,0xff,0xff,0xff,0xff,0xff,0xff,0xff,0xff,0xff,0xff,0xff,
    0xff,0xff,0xff,0xff,0xff,0xff,0xff,0xff,0xff,0xff,0xff,0xff,0xff,0xff,0xff,0xff,
    0xff,0xff,0xff,0xff,0xff,0xff,0xff,0xff,0xff,0xff,0xff,0xff,0xff,0xff,0xff,0xff,
    0xff,0xff,0xff,0xff,0xff,0xff,0xff,0xff,0xff,0xff,0xff,0xff,0xff,0xff,0xff,0xff,
    0xff,0xff,0xff,0xff,0xff,0xff,0xff,0xff,0xff,0xff,0xff,0xff,0xff,0xff,0xff,0xff,
    0xff,0xff,0xff,0xff,0xff,0xff,0xff,0xff,0xff,0xff,0xff,0xff,0xff,0xff,0xff,0xff,
    0xff,0xff,0xff,0xff,0xff,0xff,0xff,0xff,0xff,0xff,0xff,0xff,0xff,0xff,0xff,0xff,
    0xff,0xff,0xff,0xff,0xff,0xff,0x5d,0xef,0x0d,0x53,0x8d,0x32,0xed,0x52,0x56,0xa5,
    0x50,0x53,0x97,0x6c,0xb8,0x6c,0xb8,0x6c,0xb8,0x6c,0xb8,0x6c,0x77,0x64,0x97,0x6c,
    0xb7,0x6c,0xd7,0x6c,0xb7,0x6c,0xb8,0x6c,0xd7,0x6c,0xd8,0x6c,0xb8,0x6c,0xb7,0x6c,
    0xb7,0x6c,0xb7,0x6c,0xb7,0x6c,0x97,0x6c,0xb8,0x6c,0x97,0x6c,0xd2,0x63,0x5a,0xc6,
    0x98,0xad,0xd2,0x63,0xf8,0x74,0xb7,0x74,0xb1,0x63,0x7a,0xc6,0x76,0x9d,0xb2,0x5b,
    0x18,0x7d,0xf4,0x5b,0x33,0x74,0x5a,0xc6,0xd1,0x6b,0xf4,0x5b,0xd9,0x6c,0xd3,0x5b,
    0xec,0x7a,0xad,0xbb,0x8b,0x62,0x55,0x64,0xd8,0x6c,0xb8,0x6c,0xd8,0x6c,0xd8,0x6c,
    0xb8,0x6c,0xd8,0x6c,0x97,0x6c,0x71,0x53,0x15,0x9d,0xf0,0x7b,0x5d,0xef,0xff,0xff,
    0xff,0xff,0xff,0xff,0xff,0xff,0xff,0xff,0xff,0xff,0xff,0xff,0xff,0xff,0xff,0xff,
    0xff,0xff,0xff,0xff,0xff,0xff,0xff,0xff,0xff,0xff,0xff,0xff,0xff,0xff,0xff,0xff,
    0xff,0xff,0xff,0xff,0xff,0xff,0xff,0xff,0xff,0xff,0xff,0xff,0xff,0xff,0xff,0xff,
    0xff,0xff,0xff,0xff,0xff,0xff,0xff,0xff,0xff,0xff,0xff,0xff,0xff,0xff,0xff,0xff,
    0xff,0xff,0xff,0xff,0xff,0xff,0xff,0xff,0xff,0xff,0xff,0xff,0xff,0xff,0xff,0xff,
    0xff,0xff,0xff,0xff,0xff,0xff,0xff,0xff,0xff,0xff,0xff,0xff,0xff,0xff,0xff,0xff,
    0xff,0xff,0xff,0xff,0xff,0xff,0xff,0xff,0xff,0xff,0xff,0xff,0xff,0xff,0xff,0xff,
    0xff,0xff,0xff,0xff,0xff,0xff,0xff,0xff,0xff,0xff,0xff,0xff,0xff,0xff,0xff,0xff,
    0xff,0xff,0xff,0xff,0xff,0xff,0xff,0xff,0xff,0xff,0xff,0xff,0xff,0xff,0xff,0xff,
    0xff,0xff,0xff,0xff,0xff,0xff,0xff,0xff,0xff,0xff,0xff,0xff,0xff,0xff,0xff,0xff,
    0xff,0xff,0xff,0xff,0xff,0xff,0xff,0xff,0xff,0xff,0xff,0xff,0xff,0xff,0xff,0xff,
    0xff,0xff,0xff,0xff,0xff,0xff,0xff,0xff,0xff,0xff,0xff,0xff,0xff,0xff,0xff,0xff,
    0xff,0xff,0xff,0xff,0xff,0xff,0xff,0xff,0xff,0xff,0xff,0xff,0xff,0xff,0xff,0xff,
    0xff,0xff,0xff,0xff,0x79,0xce,0x31,0x84,0x51,0x8c,0xd3,0x9c,0xff,0xff,0xff,0xff,
    0xff,0xff,0xff,0xff,0xff,0xff,0xff,0xff,0xff,0xff,0xff,0xff,0xff,0xff,0xff,0xff,
    0xff,0xff,0xff,0xff,0xff,0xff,0xff,0xff,0xff,0xff,0xff,0xff,0xff,0xff,0xff,0xff,
    0xff,0xff,0xff,0xff,0xff,0xff,0xff,0xff,0xff,0xff,0xff,0xff,0xff,0xff,0xff,0xff,
    0xff,0xff,0xff,0xff,0xff,0xff,0xff,0xff,0xff,0xff,0xff,0xff,0xff,0xff,0xff,0xff,
    0xff,0xff,0xff,0xff,0xff,0xff,0xff,0xff,0xff,0xff,0xff,0xff,0xff,0xff,0xff,0xff,
    0xff,0xff,0xff,0xff,0xff,0xff,0xff,0xff,0xff,0xff,0xff,0xff,0xff,0xff,0xff,0xff,
    0xff,0xff,0xff,0xff,0xff,0xff,0xff,0xff,0xff,0xff,0xff,0xff,0xff,0xff,0xff,0xff,
    0xff,0xff,0xff,0xff,0xff,0xff,0xff,0xff,0xff,0xff,0xff,0xff,0xff,0xff,0xff,0xff,
    0xff,0xff,0xff,0xff,0xff,0xff,0x7d,0xef,0x4e,0x63,0x8d,0x32,0xac,0x42,0x56,0x9d,
    0x50,0x5b,0x97,0x6c,0xb8,0x6c,0xb8,0x6c,0xb8,0x6c,0xb8,0x6c,0xb8,0x6c,0xb8,0x6c,
    0xd8,0x6c,0xd8,0x74,0xd8,0x74,0xd8,0x6c,0xb8,0x6c,0xb8,0x6c,0xb8,0x6c,0xb8,0x6c,
    0xb8,0x6c,0xb8,0x6c,0xb8,0x6c,0xb8,0x6c,0xb8,0x6c,0xb7,0x6c,0xd2,0x63,0x56,0x9d,
    0x16,0x95,0xd2,0x5b,0xd8,0x6c,0xd8,0x74,0xb1,0x5b,0x77,0xa5,0xf5,0x8c,0xb2,0x5b,
    0x19,0x75,0x77,0x64,0x70,0x5b,0x93,0x84,0xb1,0x63,0xd4,0x5b,0xd9,0x6c,0x97,0x6c,
    0xee,0x5a,0x8b,0x6a,0xed,0x5a,0x96,0x6c,0xd8,0x6c,0xb8,0x6c,0xb8,0x6c,0xb8,0x6c,
    0xb8,0x6c,0xd8,0x6c,0xb8,0x6c,0x91,0x5b,0x15,0x95,0xf0,0x73,0xfc,0xe6,0xff,0xff,
    0xff,0xff,0xff,0xff,0xff,0xff,0xff,0xff,0xff,0xff,0xff,0xff,0xff,0xff,0xff,0xff,
    0xff,0xff,0xff,0xff,0xff,0xff,0xff,0xff,0xff,0xff,0xff,0xff,0xff,0xff,0xff,0xff,
    0xff,0xff,0xff,0xff,0xff,0xff,0xff,0xff,0xff,0xff,0xff,0xff,0xff,0xff,0xff,0xff,
    0xff,0xff,0xff,0xff,0xff,0xff,0xff,0xff,0xff,0xff,0xff,0xff,0xff,0xff,0xff,0xff,
    0xff,0xff,0xff,0xff,0xff,0xff,0xff,0xff,0xff,0xff,0xff,0xff,0xff,0xff,0xff,0xff,
    0xff,0xff,0xff,0xff,0xff,0xff,0xff,0xff,0xff,0xff,0xff,0xff,0xff,0xff,0xff,0xff,
    0xff,0xff,0xff,0xff,0xff,0xff,0xff,0xff,0xff,0xff,0xff,0xff,0xff,0xff,0xff,0xff,
    0xff,0xff,0xff,0xff,0xff,0xff,0xff,0xff,0xff,0xff,0xff,0xff,0xff,0xff,0xff,0xff,
    0xff,0xff,0xff,0xff,0xff,0xff,0xff,0xff,0xff,0xff,0xff,0xff,0xff,0xff,0xff,0xff,
    0xff,0xff,0xff,0xff,0xff,0xff,0xff,0xff,0xff,0xff,0xff,0xff,0xff,0xff,0xff,0xff,
    0xff,0xff,0xff,0xff,0xff,0xff,0xff,0xff,0xff,0xff,0xff,0xff,0xff,0xff,0xff,0xff,
    0xff,0xff,0xff,0xff,0xff,0xff,0xff,0xff,0xff,0xff,0xff,0xff,0xff,0xff,0xff,0xff,
    0xff,0xff,0xff,0xff,0xff,0xff,0xff,0xff,0xff,0xff,0xff,0xff,0xff,0xff,0xff,0xff,
    0xff,0xff,0xff,0xff,0x79,0xce,0x31,0x84,0x71,0x8c,0xf3,0x9c,0xff,0xff,0xff,0xff,
    0xff,0xff,0xff,0xff,0xff,0xff,0xff,0xff,0xff,0xff,0xff,0xff,0xff,0xff,0xff,0xff,
    0xff,0xff,0xff,0xff,0xff,0xff,0xff,0xff,0xff,0xff,0xff,0xff,0xff,0xff,0xff,0xff,
    0xff,0xff,0xff,0xff,0xff,0xff,0xff,0xff,0xff,0xff,0xff,0xff,0xff,0xff,0xff,0xff,
    0xff,0xff,0xff,0xff,0xff,0xff,0xff,0xff,0xff,0xff,0xff,0xff,0xff,0xff,0xff,0xff,
    0xff,0xff,0xff,0xff,0xff,0xff,0xff,0xff,0xff,0xff,0xff,0xff,0xff,0xff,0xff,0xff,
    0xff,0xff,0xff,0xff,0xff,0xff,0xff,0xff,0xff,0xff,0xff,0xff,0xff,0xff,0xff,0xff,
    0xff,0xff,0xff,0xff,0xff,0xff,0xff,0xff,0xff,0xff,0xff,0xff,0xff,0xff,0xff,0xff,
    0xff,0xff,0xff,0xff,0xff,0xff,0xff,0xff,0xff,0xff,0xff,0xff,0xff,0xff,0xff,0xff,
    0xff,0xff,0xff,0xff,0xff,0xff,0xbe,0xf7,0x8f,0x6b,0x4c,0x32,0x4b,0x3a,0x36,0x9d,
    0x4f,0x5b,0x97,0x64,0xd8,0x6c,0xb8,0x6c,0xb8,0x6c,0xd7,0x6c,0xd7,0x6c,0x75,0x6c,
    0x14,0x64,0x14,0x64,0xf3,0x63,0xf3,0x63,0xb6,0x6c,0xd8,0x6c,0xb8,0x6c,0xb8,0x6c,
    0xb8,0x6c,0xb8,0x6c,0xb8,0x6c,0xb8,0x6c,0xb8,0x6c,0xb7,0x6c,0x35,0x64,0x0f,0x4b,
    0x2f,0x4b,0x14,0x5c,0xb8,0x6c,0xd8,0x74,0x55,0x64,0x50,0x53,0x91,0x53,0x75,0x6c,
    0xf8,0x74,0xd8,0x74,0x14,0x64,0x70,0x53,0x91,0x53,0x76,0x64,0xb8,0x6c,0xb8,0x6c,
    0x55,0x64,0xd2,0x63,0x34,0x6c,0xb7,0x74,0xb8,0x6c,0xb8,0x6c,0xb8,0x6c,0xb8,0x6c,
    0xb8,0x6c,0xb8,0x6c,0xd8,0x74,0xb2,0x5b,0x15,0x95,0x10,0x7c,0x9a,0xd6,0xff,0xff,
    0xff,0xff,0xff,0xff,0xff,0xff,0xff,0xff,0xff,0xff,0xff,0xff,0xff,0xff,0xff,0xff,
    0xff,0xff,0xff,0xff,0xff,0xff,0xff,0xff,0xff,0xff,0xff,0xff,0xff,0xff,0xff,0xff,
    0xff,0xff,0xff,0xff,0xff,0xff,0xff,0xff,0xff,0xff,0xff,0xff,0xff,0xff,0xff,0xff,
    0xff,0xff,0xff,0xff,0xff,0xff,0xff,0xff,0xff,0xff,0xff,0xff,0xff,0xff,0xff,0xff,
    0xff,0xff,0xff,0xff,0xff,0xff,0xff,0xff,0xff,0xff,0xff,0xff,0xff,0xff,0xff,0xff,
    0xff,0xff,0xff,0xff,0xff,0xff,0xff,0xff,0xff,0xff,0xff,0xff,0xff,0xff,0xff,0xff,
    0xff,0xff,0xff,0xff,0xff,0xff,0xff,0xff,0xff,0xff,0xff,0xff,0xff,0xff,0xff,0xff,
    0xff,0xff,0xff,0xff,0xff,0xff,0xff,0xff,0xff,0xff,0xff,0xff,0xff,0xff,0xff,0xff,
    0xff,0xff,0xff,0xff,0xff,0xff,0xff,0xff,0xff,0xff,0xff,0xff,0xff,0xff,0xff,0xff,
    0xff,0xff,0xff,0xff,0xff,0xff,0xff,0xff,0xff,0xff,0xff,0xff,0xff,0xff,0xff,0xff,
    0xff,0xff,0xff,0xff,0xff,0xff,0xff,0xff,0xff,0xff,0xff,0xff,0xff,0xff,0xff,0xff,
    0xff,0xff,0xff,0xff,0xff,0xff,0xff,0xff,0xff,0xff,0xff,0xff,0xff,0xff,0xff,0xff,
    0xff,0xff,0xff,0xff,0xff,0xff,0xff,0xff,0xff,0xff,0xff,0xff,0xff,0xff,0xff,0xff,
    0xff,0xff,0xff,0xff,0x79,0xce,0x51,0x84,0x71,0x8c,0xf3,0x9c,0xff,0xff,0xff,0xff,
    0xff,0xff,0xff,0xff,0xff,0xff,0xff,0xff,0xff,0xff,0xff,0xff,0xff,0xff,0xff,0xff,
    0xff,0xff,0xff,0xff,0xff,0xff,0xff,0xff,0xff,0xff,0xff,0xff,0xff,0xff,0xff,0xff,
    0xff,0xff,0xff,0xff,0xff,0xff,0xff,0xff,0xff,0xff,0xff,0xff,0xff,0xff,0xff,0xff,
    0xff,0xff,0xff,0xff,0xff,0xff,0xff,0xff,0xff,0xff,0xff,0xff,0xff,0xff,0xff,0xff,
    0xff,0xff,0xff,0xff,0xff,0xff,0xff,0xff,0xff,0xff,0xff,0xff,0xff,0xff,0xff,0xff,
    0xff,0xff,0xff,0xff,0xff,0xff,0xff,0xff,0xff,0xff,0xff,0xff,0xff,0xff,0xff,0xff,
    0xff,0xff,0xff,0xff,0xff,0xff,0xff,0xff,0xff,0xff,0xff,0xff,0xff,0xff,0xff,0xff,
    0xff,0xff,0xff,0xff,0xff,0xff,0xff,0xff,0xff,0xff,0xff,0xff,0xff,0xff,0xff,0xff,
    0xff,0xff,0xff,0xff,0xff,0xff,0xff,0xff,0xaf,0x73,0x2b,0x2a,0x2b,0x3a,0x56,0x9d,
    0x4f,0x53,0x96,0x64,0xd8,0x6c,0xd8,0x6c,0xd8,0x74,0xf8,0x6c,0xf8,0x74,0xee,0x4a,
    0xe8,0x51,0x28,0x6a,0x27,0x6a,0xc7,0x49,0x70,0x53,0x19,0x75,0xb8,0x6c,0xb8,0x6c,
    0xb8,0x6c,0xb8,0x6c,0xb8,0x6c,0xb8,0x6c,0xb7,0x6c,0xb7,0x6c,0xd2,0x5b,0xd1,0x63,
    0x94,0x84,0xb1,0x5b,0x56,0x64,0xd8,0x6c,0xd3,0x5b,0xf1,0x6b,0x73,0x7c,0xb1,0x5b,
    0xb7,0x74,0xb8,0x6c,0xb2,0x5b,0xd4,0x84,0x74,0x7c,0xd3,0x5b,0xf8,0x74,0xb7,0x6c,
    0x91,0x5b,0xf5,0x94,0x93,0x7c,0xf3,0x5b,0xd8,0x6c,0xb8,0x6c,0xb8,0x6c,0xb8,0x6c,
    0xb8,0x6c,0xd8,0x6c,0xf8,0x74,0xb2,0x5b,0xf5,0x8c,0x72,0x84,0x18,0xc6,0xff,0xff,
    0xff,0xff,0xff,0xff,0xff,0xff,0xff,0xff,0xff,0xff,0xff,0xff,0xff,0xff,0xff,0xff,
    0xff,0xff,0xff,0xff,0xff,0xff,0xff,0xff,0xff,0xff,0xff,0xff,0xff,0xff,0xff,0xff,
    0xff,0xff,0xff,0xff,0xff,0xff,0xff,0xff,0xff,0xff,0xff,0xff,0xff,0xff,0xff,0xff,
    0xff,0xff,0xff,0xff,0xff,0xff,0xff,0xff,0xff,0xff,0xff,0xff,0xff,0xff,0xff,0xff,
    0xff,0xff,0xff,0xff,0xff,0xff,0xff,0xff,0xff,0xff,0xff,0xff,0xff,0xff,0xff,0xff,
    0xff,0xff,0xff,0xff,0xff,0xff,0xff,0xff,0xff,0xff,0xff,0xff,0xff,0xff,0xff,0xff,
    0xff,0xff,0xff,0xff,0xff,0xff,0xff,0xff,0xff,0xff,0xff,0xff,0xff,0xff,0xff,0xff,
    0xff,0xff,0xff,0xff,0xff,0xff,0xff,0xff,0xff,0xff,0xff,0xff,0xff,0xff,0xff,0xff,
    0xff,0xff,0xff,0xff,0xff,0xff,0xff,0xff,0xff,0xff,0xff,0xff,0xff,0xff,0xff,0xff,
    0xff,0xff,0xff,0xff,0xff,0xff,0xff,0xff,0xff,0xff,0xff,0xff,0xff,0xff,0xff,0xff,
    0xff,0xff,0xff,0xff,0xff,0xff,0xff,0xff,0xff,0xff,0xff,0xff,0xff,0xff,0xff,0xff,
    0xff,0xff,0xff,0xff,0xff,0xff,0xff,0xff,0xff,0xff,0xff,0xff,0xff,0xff,0xff,0xff,
    0xff,0xff,0xff,0xff,0xff,0xff,0xff,0xff,0xff,0xff,0xff,0xff,0xff,0xff,0xff,0xff,
    0xff,0xff,0xff,0xff,0x79,0xce,0x51,0x84,0x51,0x8c,0xf3,0x9c,0xff,0xff,0xff,0xff,
    0xff,0xff,0xff,0xff,0xff,0xff,0xff,0xff,0xff,0xff,0xff,0xff,0xff,0xff,0xff,0xff,
    0xff,0xff,0xff,0xff,0xff,0xff,0xff,0xff,0xff,0xff,0xff,0xff,0xff,0xff,0xff,0xff,
    0xff,0xff,0xff,0xff,0xff,0xff,0xff,0xff,0xff,0xff,0xff,0xff,0xff,0xff,0xff,0xff,
    0xff,0xff,0xff,0xff,0xff,0xff,0xff,0xff,0xff,0xff,0xff,0xff,0xff,0xff,0xff,0xff,
    0xff,0xff,0xff,0xff,0xff,0xff,0xff,0xff,0xff,0xff,0xff,0xff,0xff,0xff,0xff,0xff,
    0xff,0xff,0xff,0xff,0xff,0xff,0xff,0xff,0xff,0xff,0xff,0xff,0xff,0xff,0xff,0xff,
    0xff,0xff,0xff,0xff,0xff,0xff,0xff,0xff,0xff,0xff,0xff,0xff,0xff,0xff,0xff,0xff,
    0xff,0xff,0xff,0xff,0xff,0xff,0xff,0xff,0xff,0xff,0xff,0xff,0xff,0xff,0xff,0xff,
    0xff,0xff,0xff,0xff,0xff,0xff,0xff,0xff,0xf0,0x7b,0x2b,0x2a,0x2b,0x32,0x35,0x9d,
    0x4f,0x53,0x76,0x6c,0xd8,0x6c,0xb7,0x6c,0x76,0x64,0xb6,0x6c,0x18,0x7d,0xad,0x4a,
    0x88,0x82,0x6a,0xb3,0x4a,0xbb,0x88,0x8a,0xad,0x4a,0xf9,0x74,0xb8,0x6c,0xb8,0x6c,
    0xb8,0x6c,0xb8,0x6c,0xb8,0x6c,0xb8,0x6c,0xb8,0x6c,0xd8,0x6c,0xd2,0x5b,0xf5,0x94,
    0xbb,0xce,0x32,0x74,0x15,0x5c,0xf9,0x6c,0x91,0x53,0xd4,0x8c,0x59,0xbe,0xf1,0x6b,
    0x35,0x64,0xd8,0x74,0xf2,0x63,0xd8,0xb5,0xd8,0xad,0x91,0x53,0xf8,0x74,0xb7,0x74,
    0xf1,0x63,0xb7,0xad,0x35,0x9d,0xb2,0x5b,0xb8,0x6c,0xb8,0x6c,0xb8,0x6c,0xb8,0x6c,
    0xb8,0x6c,0xb7,0x6c,0xf8,0x74,0xd3,0x5b,0xb4,0x84,0xb3,0x8c,0x96,0xb5,0xff,0xff,
    0xff,0xff,0xff,0xff,0xff,0xff,0xff,0xff,0xff,0xff,0xff,0xff,0xff,0xff,0xff,0xff,
    0xff,0xff,0xff,0xff,0xff,0xff,0xff,0xff,0xff,0xff,0xff,0xff,0xff,0xff,0xff,0xff,
    0xff,0xff,0xff,0xff,0xff,0xff,0xff,0xff,0xff,0xff,0xff,0xff,0xff,0xff,0xff,0xff,
    0xff,0xff,0xff,0xff,0xff,0xff,0xff,0xff,0xff,0xff,0xff,0xff,0xff,0xff,0xff,0xff,
    0xff,0xff,0xff,0xff,0xff,0xff,0xff,0xff,0xff,0xff,0xff,0xff,0xff,0xff,0xff,0xff,
    0xff,0xff,0xff,0xff,0xff,0xff,0xff,0xff,0xff,0xff,0xff,0xff,0xff,0xff,0xff,0xff,
    0xff,0xff,0xff,0xff,0xff,0xff,0xff,0xff,0xff,0xff,0xff,0xff,0xff,0xff,0xff,0xff,
    0xff,0xff,0xff,0xff,0xff,0xff,0xff,0xff,0xff,0xff,0xff,0xff,0xff,0xff,0xff,0xff,
    0xff,0xff,0xff,0xff,0xff,0xff,0xff,0xff,0xff,0xff,0xff,0xff,0xff,0xff,0xff,0xff,
    0xff,0xff,0xff,0xff,0xff,0xff,0xff,0xff,0xff,0xff,0xff,0xff,0xff,0xff,0xff,0xff,
    0xff,0xff,0xff,0xff,0xff,0xff,0xff,0xff,0xff,0xff,0xff,0xff,0xff,0xff,0xff,0xff,
    0xff,0xff,0xff,0xff,0xff,0xff,0xff,0xff,0xff,0xff,0xff,0xff,0xff,0xff,0xff,0xff,
    0xff,0xff,0xff,0xff,0xff,0xff,0xff,0xff,0xff,0xff,0xff,0xff,0xff,0xff,0xff,0xff,
    0xff,0xff,0xff,0xff,0x59,0xce,0x51,0x84,0x51,0x8c,0xf3,0x9c,0xff,0xff,0xff,0xff,
    0xff,0xff,0xff,0xff,0xff,0xff,0xff,0xff,0xff,0xff,0xff,0xff,0xff,0xff,0xff,0xff,
    0xff,0xff,0xff,0xff,0xff,0xff,0xff,0xff,0xff,0xff,0xff,0xff,0xff,0xff,0xff,0xff,
    0xff,0xff,0xff,0xff,0xff,0xff,0xff,0xff,0xff,0xff,0xff,0xff,0xff,0xff,0xff,0xff,
    0xff,0xff,0xff,0xff,0xff,0xff,0xff,0xff,0xff,0xff,0xff,0xff,0xff,0xff,0xff,0xff,
    0xff,0xff,0xff,0xff,0xff,0xff,0xff,0xff,0xff,0xff,0xff,0xff,0xff,0xff,0xff,0xff,
    0xff,0xff,0xff,0xff,0xff,0xff,0xff,0xff,0xff,0xff,0xff,0xff,0xff,0xff,0xff,0xff,
    0xff,0xff,0xff,0xff,0xff,0xff,0xff,0xff,0xff,0xff,0xff,0xff,0xff,0xff,0xff,0xff,
    0xff,0xff,0xff,0xff,0xff,0xff,0xff,0xff,0xff,0xff,0xff,0xff,0xff,0xff,0xff,0xff,
    0xff,0xff,0xff,0xff,0xff,0xff,0xff,0xff,0x31,0x84,0x2b,0x2a,0x0b,0x32,0x15,0x9d,
    0x90,0x5b,0x96,0x6c,0xd8,0x6c,0xb1,0x53,0xd1,0x63,0xb1,0x63,0x96,0x6c,0x0f,0x53,
    0x07,0x6a,0x4a,0xb3,0x29,0xbb,0xc9,0x9a,0x8b,0x4a,0xd8,0x6c,0xd8,0x6c,0xb8,0x6c,
    0xb8,0x6c,0xb8,0x6c,0xb8,0x6c,0xb8,0x6c,0xb8,0x6c,0xd8,0x6c,0x14,0x5c,0xd1,0x63,
    0x73,0x7c,0xb1,0x5b,0x56,0x64,0xd9,0x6c,0x34,0x64,0x70,0x53,0xd1,0x63,0x91,0x53,
    0x76,0x64,0xd8,0x6c,0x55,0x64,0xd1,0x63,0xb1,0x63,0x13,0x64,0xf8,0x74,0xd8,0x6c,
    0x34,0x64,0x6f,0x53,0x2f,0x53,0xf3,0x5b,0xd8,0x6c,0xb8,0x6c,0xb8,0x6c,0xb8,0x6c,
    0xb8,0x6c,0xb8,0x6c,0xd8,0x74,0x14,0x64,0x73,0x7c,0xb3,0x8c,0x34,0xa5,0xff,0xff,
    0xff,0xff,0xff,0xff,0xff,0xff,0xff,0xff,0xff,0xff,0xff,0xff,0xff,0xff,0xff,0xff,
    0xff,0xff,0xff,0xff,0xff,0xff,0xff,0xff,0xff,0xff,0xff,0xff,0xff,0xff,0xff,0xff,
    0xff,0xff,0xff,0xff,0xff,0xff,0xff,0xff,0xff,0xff,0xff,0xff,0xff,0xff,0xff,0xff,
    0xff,0xff,0xff,0xff,0xff,0xff,0xff,0xff,0xff,0xff,0xff,0xff,0xff,0xff,0xff,0xff,
    0xff,0xff,0xff,0xff,0xff,0xff,0xff,0xff,0xff,0xff,0xff,0xff,0xff,0xff,0xff,0xff,
    0xff,0xff,0xff,0xff,0xff,0xff,0xff,0xff,0xff,0xff,0xff,0xff,0xff,0xff,0xff,0xff,
    0xff,0xff,0xff,0xff,0xff,0xff,0xff,0xff,0xff,0xff,0xff,0xff,0xff,0xff,0xff,0xff,
    0xff,0xff,0xff,0xff,0xff,0xff,0xff,0xff,0xff,0xff,0xff,0xff,0xff,0xff,0xff,0xff,
    0xff,0xff,0xff,0xff,0xff,0xff,0xff,0xff,0xff,0xff,0xff,0xff,0xff,0xff,0xff,0xff,
    0xff,0xff,0xff,0xff,0xff,0xff,0xff,0xff,0xff,0xff,0xff,0xff,0xff,0xff,0xff,0xff,
    0xff,0xff,0xff,0xff,0xff,0xff,0xff,0xff,0xff,0xff,0xff,0xff,0xff,0xff,0xff,0xff,
    0xff,0xff,0xff,0xff,0xff,0xff,0xff,0xff,0xff,0xff,0xff,0xff,0xff,0xff,0xff,0xff,
    0xff,0xff,0xff,0xff,0xff,0xff,0xff,0xff,0xff,0xff,0xff,0xff,0xff,0xff,0xff,0xff,
    0xff,0xff,0xff,0xff,0x59,0xce,0x51,0x84,0x51,0x8c,0xf3,0x9c,0xff,0xff,0xff,0xff,
    0xff,0xff,0xff,0xff,0xff,0xff,0xff,0xff,0xff,0xff,0xff,0xff,0xff,0xff,0xff,0xff,
    0xff,0xff,0xff,0xff,0xff,0xff,0xff,0xff,0xff,0xff,0xff,0xff,0xff,0xff,0xff,0xff,
    0xff,0xff,0xff,0xff,0xff,0xff,0xff,0xff,0xff,0xff,0xff,0xff,0xff,0xff,0xff,0xff,
    0xff,0xff,0xff,0xff,0xff,0xff,0xff,0xff,0xff,0xff,0xff,0xff,0xff,0xff,0xff,0xff,
    0xff,0xff,0xff,0xff,0xff,0xff,0xff,0xff,0xff,0xff,0xff,0xff,0xff,0xff,0xff,0xff,
    0xff,0xff,0xff,0xff,0xff,0xff,0xff,0xff,0xff,0xff,0xff,0xff,0xff,0xff,0xff,0xff,
    0xff,0xff,0xff,0xff,0xff,0xff,0xff,0xff,0xff,0xff,0xff,0xff,0xff,0xff,0xff,0xff,
    0xff,0xff,0xff,0xff,0xff,0xff,0xff,0xff,0xff,0xff,0xff,0xff,0xff,0xff,0xff,0xff,
    0xff,0xff,0xff,0xff,0xff,0xff,0xff,0xff,0x92,0x8c,0x2b,0x2a,0x0b,0x2a,0x15,0x9d,
    0xd1,0x6b,0x75,0x6c,0xb7,0x6c,0xb1,0x63,0x59,0xc6,0xb7,0xa5,0x14,0x5c,0x91,0x5b,
    0x45,0x49,0x67,0x82,0x68,0x92,0x68,0x82,0xe9,0x41,0x96,0x6c,0xd8,0x6c,0xb8,0x6c,
    0xb8,0x6c,0xb8,0x6c,0xb8,0x6c,0xb8,0x6c,0xb8,0x6c,0xb8,0x6c,0xb7,0x6c,0x13,0x64,
    0xb1,0x5b,0xd2,0x5b,0x76,0x64,0xd8,0x6c,0xb7,0x6c,0xd2,0x5b,0x91,0x53,0xd2,0x5b,
    0x97,0x6c,0xd8,0x6c,0xb7,0x6c,0x13,0x64,0xf2,0x63,0x33,0x64,0xd8,0x74,0xd8,0x6c,
    0x55,0x64,0x4f,0x53,0x4f,0x53,0x91,0x53,0x76,0x64,0xb7,0x6c,0xb7,0x6c,0xb8,0x6c,
    0xb8,0x6c,0xb8,0x6c,0xd8,0x6c,0x56,0x64,0x12,0x6c,0xd4,0x8c,0xb3,0x94,0xff,0xff,
    0xff,0xff,0xff,0xff,0xff,0xff,0xff,0xff,0xff,0xff,0xff,0xff,0xff,0xff,0xff,0xff,
    0xff,0xff,0xff,0xff,0xff,0xff,0xff,0xff,0xff,0xff,0xff,0xff,0xff,0xff,0xff,0xff,
    0xff,0xff,0xff,0xff,0xff,0xff,0xff,0xff,0xff,0xff,0xff,0xff,0xff,0xff,0xff,0xff,
    0xff,0xff,0xff,0xff,0xff,0xff,0xff,0xff,0xff,0xff,0xff,0xff,0xff,0xff,0xff,0xff,
    0xff,0xff,0xff,0xff,0xff,0xff,0xff,0xff,0xff,0xff,0xff,0xff,0xff,0xff,0xff,0xff,
    0xff,0xff,0xff,0xff,0xff,0xff,0xff,0xff,0xff,0xff,0xff,0xff,0xff,0xff,0xff,0xff,
    0xff,0xff,0xff,0xff,0xff,0xff,0xff,0xff,0xff,0xff,0xff,0xff,0xff,0xff,0xff,0xff,
    0xff,0xff,0xff,0xff,0xff,0xff,0xff,0xff,0xff,0xff,0xff,0xff,0xff,0xff,0xff,0xff,
    0xff,0xff,0xff,0xff,0xff,0xff,0xff,0xff,0xff,0xff,0xff,0xff,0xff,0xff,0xff,0xff,
    0xff,0xff,0xff,0xff,0xff,0xff,0xff,0xff,0xff,0xff,0xff,0xff,0xff,0xff,0xff,0xff,
    0xff,0xff,0xff,0xff,0xff,0xff,0xff,0xff,0xff,0xff,0xff,0xff,0xff,0xff,0xff,0xff,
    0xff,0xff,0xff,0xff,0xff,0xff,0xff,0xff,0xff,0xff,0xff,0xff,0xff,0xff,0xff,0xff,
    0xff,0xff,0xff,0xff,0xff,0xff,0xff,0xff,0xff,0xff,0xff,0xff,0xff,0xff,0xff,0xff,
    0xff,0xff,0xff,0xff,0x59,0xce,0x51,0x84,0x51,0x84,0x14,0x9d,0xff,0xff,0xff,0xff,
    0xff,0xff,0xff,0xff,0xff,0xff,0xff,0xff,0xff,0xff,0xff,0xff,0xff,0xff,0xff,0xff,
    0xff,0xff,0xff,0xff,0xff,0xff,0xff,0xff,0xff,0xff,0xff,0xff,0xff,0xff,0xff,0xff,
    0xff,0xff,0xff,0xff,0xff,0xff,0xff,0xff,0xff,0xff,0xff,0xff,0xff,0xff,0xff,0xff,
    0xff,0xff,0xff,0xff,0xff,0xff,0xff,0xff,0xff,0xff,0xff,0xff,0xff,0xff,0xff,0xff,
    0xff,0xff,0xff,0xff,0xff,0xff,0xff,0xff,0xff,0xff,0xff,0xff,0xff,0xff,0xff,0xff,
    0xff,0xff,0xff,0xff,0xff,0xff,0xff,0xff,0xff,0xff,0xff,0xff,0xff,0xff,0xff,0xff,
    0xff,0xff,0xff,0xff,0xff,0xff,0xff,0xff,0xff,0xff,0xff,0xff,0xff,0xff,0xff,0xff,
    0xff,0xff,0xff,0xff,0xff,0xff,0xff,0xff,0xff,0xff,0xff,0xff,0xff,0xff,0xff,0xff,
    0xff,0xff,0xff,0xff,0xff,0xff,0xff,0xff,0xf3,0x9c,0x2c,0x32,0x2b,0x2a,0x35,0x9d,
    0x32,0x7c,0x75,0x6c,0xd8,0x6c,0x91,0x5b,0x56,0x9d,0xf5,0x94,0xf3,0x5b,0x14,0x5c,
    0x87,0x29,0x46,0x39,0x46,0x39,0x65,0x39,0xc9,0x29,0x76,0x6c,0xd8,0x6c,0xb7,0x6c,
    0xb8,0x6c,0xb8,0x6c,0xb8,0x6c,0xb8,0x6c,0xb7,0x6c,0xd8,0x6c,0x55,0x64,0xaf,0x53,
    0x90,0x6c,0xef,0x5b,0xd2,0x53,0xf9,0x74,0x55,0x5c,0xd1,0x63,0x56,0x9d,0xf1,0x6b,
    0xf4,0x5b,0xf9,0x74,0x14,0x5c,0x94,0x7c,0x3a,0xbe,0xf1,0x63,0x76,0x6c,0x19,0x75,
    0xf2,0x53,0x51,0x74,0xd7,0xad,0xb0,0x63,0x35,0x5c,0xd8,0x6c,0xb7,0x6c,0xb8,0x6c,
    0xb8,0x6c,0xb8,0x6c,0xd8,0x6c,0x76,0x6c,0xb1,0x63,0x15,0x95,0x72,0x8c,0xff,0xff,
    0xff,0xff,0xff,0xff,0xff,0xff,0xff,0xff,0xff,0xff,0xff,0xff,0xff,0xff,0xff,0xff,
    0xff,0xff,0xff,0xff,0xff,0xff,0xff,0xff,0xff,0xff,0xff,0xff,0xff,0xff,0xff,0xff,
    0xff,0xff,0xff,0xff,0xff,0xff,0xff,0xff,0xff,0xff,0xff,0xff,0xff,0xff,0xff,0xff,
    0xff,0xff,0xff,0xff,0xff,0xff,0xff,0xff,0xff,0xff,0xff,0xff,0xff,0xff,0xff,0xff,
    0xff,0xff,0xff,0xff,0xff,0xff,0xff,0xff,0xff,0xff,0xff,0xff,0xff,0xff,0xff,0xff,
    0xff,0xff,0xff,0xff,0xff,0xff,0xff,0xff,0xff,0xff,0xff,0xff,0xff,0xff,0xff,0xff,
    0xff,0xff,0xff,0xff,0xff,0xff,0xff,0xff,0xff,0xff,0xff,0xff,0xff,0xff,0xff,0xff,
    0xff,0xff,0xff,0xff,0xff,0xff,0xff,0xff,0xff,0xff,0xff,0xff,0xff,0xff,0xff,0xff,
    0xff,0xff,0xff,0xff,0xff,0xff,0xff,0xff,0xff,0xff,0xff,0xff,0xff,0xff,0xff,0xff,
    0xff,0xff,0xff,0xff,0xff,0xff,0xff,0xff,0xff,0xff,0xff,0xff,0xff,0xff,0xff,0xff,
    0xff,0xff,0xff,0xff,0xff,0xff,0xff,0xff,0xff,0xff,0xff,0xff,0xff,0xff,0xff,0xff,
    0xff,0xff,0xff,0xff,0xff,0xff,0xff,0xff,0xff,0xff,0xff,0xff,0xff,0xff,0xff,0xff,
    0xff,0xff,0xff,0xff,0xff,0xff,0xff,0xff,0xff,0xff,0xff,0xff,0xff,0xff,0xff,0xff,
    0xff,0xff,0xff,0xff,0x59,0xc6,0x51,0x8c,0x51,0x8c,0xf4,0x9c,0xff,0xff,0xff,0xff,
    0xff,0xff,0xff,0xff,0xff,0xff,0xff,0xff,0xff,0xff,0xff,0xff,0xff,0xff,0xff,0xff,
    0xff,0xff,0xff,0xff,0xff,0xff,0xff,0xff,0xff,0xff,0xff,0xff,0xff,0xff,0xff,0xff,
    0xff,0xff,0xff,0xff,0xff,0xff,0xff,0xff,0xff,0xff,0xff,0xff,0xff,0xff,0xff,0xff,
    0xff,0xff,0xff,0xff,0xff,0xff,0xff,0xff,0xff,0xff,0xff,0xff,0xff,0xff,0xff,0xff,
    0xff,0xff,0xff,0xff,0xff,0xff,0xff,0xff,0xff,0xff,0xff,0xff,0xff,0xff,0xff,0xff,
    0xff,0xff,0xff,0xff,0xff,0xff,0xff,0xff,0xff,0xff,0xff,0xff,0xff,0xff,0xff,0xff,
    0xff,0xff,0xff,0xff,0xff,0xff,0xff,0xff,0xff,0xff,0xff,0xff,0xff,0xff,0xff,0xff,
    0xff,0xff,0xff,0xff,0xff,0xff,0xff,0xff,0xff,0xff,0xff,0xff,0xff,0xff,0xff,0xff,
    0xff,0xff,0xff,0xff,0xff,0xff,0xff,0xff,0x55,0xa5,0x4c,0x32,0x2c,0x2a,0x15,0x95,
    0x73,0x7c,0x35,0x64,0xf8,0x74,0x34,0x64,0xd2,0x5b,0xd3,0x5b,0x36,0x64,0x97,0x6c,
    0x14,0x5c,0xf4,0x5b,0xf4,0x5b,0xf3,0x5b,0x35,0x64,0xb7,0x6c,0xb7,0x6c,0xb7,0x6c,
    0xb7,0x6c,0xb7,0x6c,0xb7,0x6c,0xb8,0x6c,0xb7,0x6c,0xd8,0x6c,0x76,0x64,0x6e,0x4b,
    0x6f,0x64,0xce,0x5b,0x70,0x4b,0xd8,0x6c,0x96,0x6c,0xb1,0x63,0x77,0xad,0x32,0x7c,
    0x92,0x53,0xf9,0x74,0x55,0x64,0x93,0x84,0x39,0xbe,0xd1,0x6b,0x54,0x64,0x19,0x75,
    0x14,0x5c,0x6f,0x5b,0x11,0x74,0x0e,0x4b,0x35,0x5c,0xd8,0x6c,0xb7,0x6c,0xb8,0x6c,
    0xb8,0x6c,0xb7,0x6c,0xd8,0x6c,0x97,0x6c,0x90,0x5b,0x56,0x9d,0x51,0x84,0xbe,0xf7,
    0xff,0xff,0xff,0xff,0xff,0xff,0xff,0xff,0xff,0xff,0xff,0xff,0xff,0xff,0xff,0xff,
    0xff,0xff,0xff,0xff,0xff,0xff,0xff,0xff,0xff,0xff,0xff,0xff,0xff,0xff,0xff,0xff,
    0xff,0xff,0xff,0xff,0xff,0xff,0xff,0xff,0xff,0xff,0xff,0xff,0xff,0xff,0xff,0xff,
    0xff,0xff,0xff,0xff,0xff,0xff,0xff,0xff,0xff,0xff,0xff,0xff,0xff,0xff,0xff,0xff,
    0xff,0xff,0xff,0xff,0xff,0xff,0xff,0xff,0xff,0xff,0xff,0xff,0xff,0xff,0xff,0xff,
    0xff,0xff,0xff,0xff,0xff,0xff,0xff,0xff,0xff,0xff,0xff,0xff,0xff,0xff,0xff,0xff,
    0xff,0xff,0xff,0xff,0xff,0xff,0xff,0xff,0xff,0xff,0xff,0xff,0xff,0xff,0xff,0xff,
    0xff,0xff,0xff,0xff,0xff,0xff,0xff,0xff,0xff,0xff,0xff,0xff,0xff,0xff,0xff,0xff,
    0xff,0xff,0xff,0xff,0xff,0xff,0xff,0xff,0xff,0xff,0xff,0xff,0xff,0xff,0xff,0xff,
    0xff,0xff,0xff,0xff,0xff,0xff,0xff,0xff,0xff,0xff,0xff,0xff,0xff,0xff,0xff,0xff,
    0xff,0xff,0xff,0xff,0xff,0xff,0xff,0xff,0xff,0xff,0xff,0xff,0xff,0xff,0xff,0xff,
    0xff,0xff,0xff,0xff,0xff,0xff,0xff,0xff,0xff,0xff,0xff,0xff,0xff,0xff,0xff,0xff,
    0xff,0xff,0xff,0xff,0xff,0xff,0xff,0xff,0xff,0xff,0xff,0xff,0xff,0xff,0xff,0xff,
    0xff,0xff,0xff,0xff,0x39,0xc6,0x51,0x8c,0x51,0x8c,0x14,0xa5,0xff,0xff,0xff,0xff,
    0xff,0xff,0xff,0xff,0xff,0xff,0xff,0xff,0xff,0xff,0xff,0xff,0xff,0xff,0xff,0xff,
    0xff,0xff,0xff,0xff,0xff,0xff,0xff,0xff,0xff,0xff,0xff,0xff,0xff,0xff,0xff,0xff,
    0xff,0xff,0xff,0xff,0xff,0xff,0xff,0xff,0xff,0xff,0xff,0xff,0xff,0xff,0xff,0xff,
    0xff,0xff,0xff,0xff,0xff,0xff,0xff,0xff,0xff,0xff,0xff,0xff,0xff,0xff,0xff,0xff,
    0xff,0xff,0xff,0xff,0xff,0xff,0xff,0xff,0xff,0xff,0xff,0xff,0xff,0xff,0xff,0xff,
    0xff,0xff,0xff,0xff,0xff,0xff,0xff,0xff,0xff,0xff,0xff,0xff,0xff,0xff,0xff,0xff,
    0xff,0xff,0xff,0xff,0xff,0xff,0xff,0xff,0xff,0xff,0xff,0xff,0xff,0xff,0xff,0xff,
    0xff,0xff,0xff,0xff,0xff,0xff,0xff,0xff,0xff,0xff,0xff,0xff,0xff,0xff,0xff,0xff,
    0xff,0xff,0xff,0xff,0xff,0xff,0xff,0xff,0xd7,0xb5,0x8c,0x3a,0x4c,0x32,0xf4,0x94,
    0xb4,0x84,0x35,0x6c,0xf9,0x74,0xd8,0x6c,0xb8,0x6c,0xb8,0x6c,0xb8,0x6c,0x97,0x6c,
    0xb8,0x6c,0xb8,0x6c,0xb8,0x6c,0xb8,0x6c,0xb7,0x6c,0xb7,0x6c,0xb7,0x6c,0xb7,0x6c,
    0xb7,0x6c,0xb7,0x6c,0xb7,0x6c,0xb7,0x6c,0xb7,0x6c,0xb7,0x6c,0xd7,0x6c,0xb2,0x53,
    0x0e,0x43,0x2f,0x43,0x55,0x64,0xf9,0x74,0xd8,0x6c,0xf4,0x53,0x50,0x4b,0x51,0x4b,
    0x56,0x64,0xb8,0x6c,0xd8,0x74,0x13,0x64,0xb1,0x5b,0xd2,0x5b,0xd7,0x74,0xd8,0x6c,
    0xb7,0x6c,0x34,0x64,0xd3,0x5b,0x14,0x64,0x97,0x6c,0xb7,0x6c,0xb7,0x6c,0x97,0x6c,
    0xb8,0x6c,0xb8,0x6c,0xd8,0x6c,0xb7,0x6c,0x90,0x5b,0x77,0xa5,0xf0,0x73,0x7d,0xef,
    0xff,0xff,0xff,0xff,0xff,0xff,0xff,0xff,0xff,0xff,0xff,0xff,0xff,0xff,0xff,0xff,
    0xff,0xff,0xff,0xff,0xff,0xff,0xff,0xff,0xff,0xff,0xff,0xff,0xff,0xff,0xff,0xff,
    0xff,0xff,0xff,0xff,0xff,0xff,0xff,0xff,0xff,0xff,0xff,0xff,0xff,0xff,0xff,0xff,
    0xff,0xff,0xff,0xff,0xff,0xff,0xff,0xff,0xff,0xff,0xff,0xff,0xff,0xff,0xff,0xff,
    0xff,0xff,0xff,0xff,0xff,0xff,0xff,0xff,0xff,0xff,0xff,0xff,0xff,0xff,0xff,0xff,
    0xff,0xff,0xff,0xff,0xff,0xff,0xff,0xff,0xff,0xff,0xff,0xff,0xff,0xff,0xff,0xff,
    0xff,0xff,0xff,0xff,0xff,0xff,0xff,0xff,0xff,0xff,0xff,0xff,0xff,0xff,0xff,0xff,
    0xff,0xff,0xff,0xff,0xff,0xff,0xff,0xff,0xff,0xff,0xff,0xff,0xff,0xff,0xff,0xff,
    0xff,0xff,0xff,0xff,0xff,0xff,0xff,0xff,0xff,0xff,0xff,0xff,0xff,0xff,0xff,0xff,
    0xff,0xff,0xff,0xff,0xff,0xff,0xff,0xff,0xff,0xff,0xff,0xff,0xff,0xff,0xff,0xff,
    0xff,0xff,0xff,0xff,0xff,0xff,0xff,0xff,0xff,0xff,0xff,0xff,0xff,0xff,0xff,0xff,
    0xff,0xff,0xff,0xff,0xff,0xff,0xff,0xff,0xff,0xff,0xff,0xff,0xff,0xff,0xff,0xff,
    0xff,0xff,0xff,0xff,0xff,0xff,0xff,0xff,0xff,0xff,0xff,0xff,0xff,0xff,0xff,0xff,
    0xff,0xff,0xff,0xff,0x59,0xc6,0x51,0x84,0x51,0x84,0x14,0xa5,0xff,0xff,0xff,0xff,
    0xff,0xff,0xff,0xff,0xff,0xff,0xff,0xff,0xff,0xff,0xff,0xff,0xff,0xff,0xff,0xff,
    0xff,0xff,0xff,0xff,0xff,0xff,0xff,0xff,0xff,0xff,0xff,0xff,0xff,0xff,0xff,0xff,
    0xff,0xff,0xff,0xff,0xff,0xff,0xff,0xff,0xff,0xff,0xff,0xff,0xff,0xff,0xff,0xff,
    0xff,0xff,0xff,0xff,0xff,0xff,0xff,0xff,0xff,0xff,0xff,0xff,0xff,0xff,0xff,0xff,
    0xff,0xff,0xff,0xff,0xff,0xff,0xff,0xff,0xff,0xff,0xff,0xff,0xff,0xff,0xff,0xff,
    0xff,0xff,0xff,0xff,0xff,0xff,0xff,0xff,0xff,0xff,0xff,0xff,0xff,0xff,0xff,0xff,
    0xff,0xff,0xff,0xff,0xff,0xff,0xff,0xff,0xff,0xff,0xff,0xff,0xff,0xff,0xff,0xff,
    0xff,0xff,0xff,0xff,0xff,0xff,0xff,0xff,0xff,0xff,0xff,0xff,0xff,0xff,0xff,0xff,
    0xff,0xff,0xff,0xff,0xff,0xff,0xff,0xff,0x59,0xce,0xad,0x42,0x6d,0x32,0xd4,0x8c,
    0xd4,0x8c,0x70,0x53,0xf8,0x7c,0xb8,0x6c,0xd8,0x6c,0xb8,0x6c,0xb8,0x6c,0xb8,0x6c,
    0xb8,0x6c,0xb8,0x6c,0xd8,0x6c,0xd8,0x6c,0xd8,0x6c,0xd8,0x6c,0xd8,0x6c,0xd8,0x6c,
    0xd8,0x6c,0xd8,0x6c,0xf8,0x6c,0xf8,0x6c,0xf8,0x6c,0xf8,0x6c,0xf8,0x74,0x19,0x75,
    0x1a,0x7d,0xf9,0x7c,0xd3,0x5b,0xb3,0x5b,0xd8,0x6c,0x3a,0x75,0x3a,0x75,0x19,0x75,
    0xf9,0x74,0xd8,0x74,0xf9,0x74,0x39,0x7d,0x39,0x7d,0x39,0x7d,0x19,0x75,0x19,0x75,
    0x18,0x75,0x19,0x75,0x19,0x75,0xf9,0x74,0xd8,0x6c,0xd8,0x6c,0xd8,0x6c,0xd8,0x6c,
    0xd8,0x6c,0xd8,0x6c,0xf9,0x6c,0x76,0x64,0xee,0x4a,0x97,0xa5,0xcf,0x73,0x1c,0xe7,
    0xff,0xff,0xff,0xff,0xff,0xff,0xff,0xff,0xff,0xff,0xff,0xff,0xff,0xff,0xff,0xff,
    0xff,0xff,0xff,0xff,0xff,0xff,0xff,0xff,0xff,0xff,0xff,0xff,0xff,0xff,0xff,0xff,
    0xff,0xff,0xff,0xff,0xff,0xff,0xff,0xff,0xff,0xff,0xff,0xff,0xff,0xff,0xff,0xff,
    0xff,0xff,0xff,0xff,0xff,0xff,0xff,0xff,0xff,0xff,0xff,0xff,0xff,0xff,0xff,0xff,
    0xff,0xff,0xff,0xff,0xff,0xff,0xff,0xff,0xff,0xff,0xff,0xff,0xff,0xff,0xff,0xff,
    0xff,0xff,0xff,0xff,0xff,0xff,0xff,0xff,0xff,0xff,0xff,0xff,0xff,0xff,0xff,0xff,
    0xff,0xff,0xff,0xff,0xff,0xff,0xff,0xff,0xff,0xff,0xff,0xff,0xff,0xff,0xff,0xff,
    0xff,0xff,0xff,0xff,0xff,0xff,0xff,0xff,0xff,0xff,0xff,0xff,0xff,0xff,0xff,0xff,
    0xff,0xff,0xff,0xff,0xff,0xff,0xff,0xff,0xff,0xff,0xff,0xff,0xff,0xff,0xff,0xff,
    0xff,0xff,0xff,0xff,0xff,0xff,0xff,0xff,0xff,0xff,0xff,0xff,0xff,0xff,0xff,0xff,
    0xff,0xff,0xff,0xff,0xff,0xff,0xff,0xff,0xff,0xff,0xff,0xff,0xff,0xff,0xff,0xff,
    0xff,0xff,0xff,0xff,0xff,0xff,0xff,0xff,0xff,0xff,0xff,0xff,0xff,0xff,0xff,0xff,
    0xff,0xff,0xff,0xff,0xff,0xff,0xff,0xff,0xff,0xff,0xff,0xff,0xff,0xff,0xff,0xff,
    0xff,0xff,0xff,0xff,0x38,0xc6,0x51,0x84,0x51,0x84,0x14,0xa5,0xff,0xff,0xff,0xff,
    0xff,0xff,0xff,0xff,0xff,0xff,0xff,0xff,0xff,0xff,0xff,0xff,0xff,0xff,0xff,0xff,
    0xff,0xff,0xff,0xff,0xff,0xff,0xff,0xff,0xff,0xff,0xff,0xff,0xff,0xff,0xff,0xff,
    0xff,0xff,0xff,0xff,0xff,0xff,0xff,0xff,0xff,0xff,0xff,0xff,0xff,0xff,0xff,0xff,
    0xff,0xff,0xff,0xff,0xff,0xff,0xff,0xff,0xff,0xff,0xff,0xff,0xff,0xff,0xff,0xff,
    0xff,0xff,0xff,0xff,0xff,0xff,0xff,0xff,0xff,0xff,0xff,0xff,0xff,0xff,0xff,0xff,
    0xff,0xff,0xff,0xff,0xff,0xff,0xff,0xff,0xff,0xff,0xff,0xff,0xff,0xff,0xff,0xff,
    0xff,0xff,0xff,0xff,0xff,0xff,0xff,0xff,0xff,0xff,0xff,0xff,0xff,0xff,0xff,0xff,
    0xff,0xff,0xff,0xff,0xff,0xff,0xff,0xff,0xff,0xff,0xff,0xff,0xff,0xff,0xff,0xff,
    0xff,0xff,0xff,0xff,0xff,0xff,0xff,0xff,0xdb,0xde,0xcd,0x42,0x6d,0x32,0x73,0x7c,
    0x3a,0xbe,0x11,0x74,0x50,0x53,0x35,0x64,0x34,0x5c,0x14,0x5c,0x14,0x5c,0xf4,0x5b,
    0x14,0x5c,0x14,0x64,0x14,0x5c,0xf4,0x5b,0xf3,0x5b,0xf3,0x5b,0xd3,0x5b,0xd2,0x53,
    0xd2,0x53,0xb2,0x53,0xb2,0x53,0xb2,0x53,0xb2,0x53,0xb2,0x53,0x92,0x5b,0xb2,0x53,
    0xd2,0x53,0x2f,0x4b,0xb1,0x6b,0x11,0x74,0x2f,0x4b,0xb2,0x5b,0xb2,0x5b,0xb2,0x53,
    0xb2,0x5b,0xb2,0x5b,0xb2,0x5b,0xb2,0x53,0xb2,0x53,0xb2,0x53,0xb2,0x5b,0xd2,0x5b,
    0xd2,0x5b,0xd2,0x5b,0xf3,0x5b,0xd3,0x5b,0xd2,0x5b,0xb2,0x53,0x92,0x53,0x92,0x53,
    0x92,0x53,0xb2,0x53,0x91,0x53,0x0e,0x4b,0xd4,0x8c,0x7b,0xc6,0xf0,0x7b,0x9a,0xd6,
    0xff,0xff,0xff,0xff,0xff,0xff,0xff,0xff,0xff,0xff,0xff,0xff,0xff,0xff,0xff,0xff,
    0xff,0xff,0xff,0xff,0xff,0xff,0xff,0xff,0xff,0xff,0xff,0xff,0xff,0xff,0xff,0xff,
    0xff,0xff,0xff,0xff,0xff,0xff,0xff,0xff,0xff,0xff,0xff,0xff,0xff,0xff,0xff,0xff,
    0xff,0xff,0xff,0xff,0xff,0xff,0xff,0xff,0xff,0xff,0xff,0xff,0xff,0xff,0xff,0xff,
    0xff,0xff,0xff,0xff,0xff,0xff,0xff,0xff,0xff,0xff,0xff,0xff,0xff,0xff,0xff,0xff,
    0xff,0xff,0xff,0xff,0xff,0xff,0xff,0xff,0xff,0xff,0xff,0xff,0xff,0xff,0xff,0xff,
    0xff,0xff,0xff,0xff,0xff,0xff,0xff,0xff,0xff,0xff,0xff,0xff,0xff,0xff,0xff,0xff,
    0xff,0xff,0xff,0xff,0xff,0xff,0xff,0xff,0xff,0xff,0xff,0xff,0xff,0xff,0xff,0xff,
    0xff,0xff,0xff,0xff,0xff,0xff,0xff,0xff,0xff,0xff,0xff,0xff,0xff,0xff,0xff,0xff,
    0xff,0xff,0xff,0xff,0xff,0xff,0xff,0xff,0xff,0xff,0xff,0xff,0xff,0xff,0xff,0xff,
    0xff,0xff,0xff,0xff,0xff,0xff,0xff,0xff,0xff,0xff,0xff,0xff,0xff,0xff,0xff,0xff,
    0xff,0xff,0xff,0xff,0xff,0xff,0xff,0xff,0xff,0xff,0xff,0xff,0xff,0xff,0xff,0xff,
    0xff,0xff,0xff,0xff,0xff,0xff,0xff,0xff,0xff,0xff,0xff,0xff,0xff,0xff,0xff,0xff,
    0xff,0xff,0xff,0xff,0x38,0xc6,0x51,0x84,0x31,0x84,0x14,0xa5,0xff,0xff,0xff,0xff,
    0xff,0xff,0xff,0xff,0xff,0xff,0xff,0xff,0xff,0xff,0xff,0xff,0xff,0xff,0xff,0xff,
    0xff,0xff,0xff,0xff,0xff,0xff,0xff,0xff,0xff,0xff,0xff,0xff,0xff,0xff,0xff,0xff,
    0xff,0xff,0xff,0xff,0xff,0xff,0xff,0xff,0xdf,0xff,0x96,0xb5,0x51,0x8c,0xd7,0xbd,
    0xdf,0xff,0xff,0xff,0xff,0xff,0xff,0xff,0xff,0xff,0xff,0xff,0xff,0xff,0xff,0xff,
    0xff,0xff,0xff,0xff,0xff,0xff,0xff,0xff,0xff,0xff,0xff,0xff,0xff,0xff,0xff,0xff,
    0xff,0xff,0xff,0xff,0xff,0xff,0xff,0xff,0xff,0xff,0xff,0xff,0xff,0xff,0xff,0xff,
    0xff,0xff,0xff,0xff,0xff,0xff,0xff,0xff,0xff,0xff,0xff,0xff,0xff,0xff,0xff,0xff,
    0xff,0xff,0xff,0xff,0xff,0xff,0xff,0xff,0xff,0xff,0xff,0xff,0xff,0xff,0xff,0xff,
    0xff,0xff,0xff,0xff,0xff,0xff,0xff,0xff,0x3c,0xe7,0x0e,0x4b,0x8d,0x32,0x52,0x7c,
    0x9b,0xc6,0x39,0xb6,0x93,0x7c,0x94,0x7c,0xb4,0x7c,0x94,0x7c,0x94,0x7c,0xd4,0x84,
    0xd5,0x8c,0xd5,0x8c,0xd5,0x8c,0xd5,0x8c,0xf5,0x8c,0xd4,0x8c,0xb4,0x84,0xb4,0x84,
    0xb4,0x84,0xb4,0x84,0xb4,0x84,0xb4,0x84,0xb4,0x8c,0xd4,0x8c,0xd4,0x8c,0xd4,0x8c,
    0xd4,0x8c,0xf4,0x94,0x5a,0xbe,0x7b,0xc6,0x15,0x95,0xb4,0x8c,0xd4,0x8c,0xd4,0x8c,
    0xd4,0x8c,0xf4,0x8c,0xf4,0x8c,0xd4,0x8c,0xd4,0x8c,0xd4,0x8c,0xd4,0x8c,0xf5,0x8c,
    0xf5,0x8c,0xf4,0x94,0xf4,0x94,0xf4,0x8c,0xd4,0x8c,0xb3,0x84,0x93,0x84,0x73,0x84,
    0x73,0x84,0x94,0x84,0x73,0x84,0x15,0x95,0x7a,0xbe,0xbb,0xc6,0xb3,0x8c,0x38,0xc6,
    0xff,0xff,0xff,0xff,0xff,0xff,0xff,0xff,0xff,0xff,0xff,0xff,0xff,0xff,0xff,0xff,
    0xff,0xff,0xff,0xff,0xff,0xff,0xff,0xff,0xff,0xff,0xff,0xff,0xff,0xff,0xff,0xff,
    0xff,0xff,0xff,0xff,0xff,0xff,0xff,0xff,0xff,0xff,0xff,0xff,0xff,0xff,0xff,0xff,
    0xff,0xff,0xff,0xff,0xff,0xff,0xff,0xff,0xff,0xff,0xff,0xff,0xff,0xff,0xff,0xff,
    0xff,0xff,0xff,0xff,0xff,0xff,0xff,0xff,0xff,0xff,0xff,0xff,0xff,0xff,0xff,0xff,
    0xff,0xff,0xff,0xff,0xff,0xff,0xff,0xff,0xff,0xff,0xff,0xff,0xff,0xff,0xff,0xff,
    0xff,0xff,0xff,0xff,0xff,0xff,0xff,0xff,0xff,0xff,0xff,0xff,0xff,0xff,0xff,0xff,
    0xff,0xff,0xff,0xff,0xff,0xff,0xff,0xff,0xff,0xff,0xff,0xff,0xff,0xff,0xff,0xff,
    0xff,0xff,0xff,0xff,0xff,0xff,0xff,0xff,0xdf,0xff,0xdf,0xff,0xff,0xff,0xff,0xff,
    0xff,0xff,0xff,0xff,0xff,0xff,0xff,0xff,0xff,0xff,0xff,0xff,0xff,0xff,0xff,0xff,
    0xff,0xff,0xff,0xff,0xff,0xff,0xff,0xff,0xff,0xff,0xff,0xff,0xff,0xff,0xff,0xff,
    0xff,0xff,0xff,0xff,0xff,0xff,0xff,0xff,0xff,0xff,0xff,0xff,0xff,0xff,0xff,0xff,
    0xff,0xff,0xff,0xff,0xff,0xff,0xff,0xff,0xff,0xff,0xff,0xff,0xff,0xff,0xff,0xff,
    0xff,0xff,0xff,0xff,0x38,0xc6,0x31,0x84,0x31,0x84,0x14,0xa5,0xff,0xff,0xff,0xff,
    0xff,0xff,0xff,0xff,0xff,0xff,0xff,0xff,0xff,0xff,0xff,0xff,0xff,0xff,0xff,0xff,
    0xff,0xff,0xff,0xff,0xff,0xff,0xff,0xff,0xff,0xff,0xff,0xff,0xff,0xff,0xff,0xff,
    0xff,0xff,0xff,0xff,0xff,0xff,0xff,0xff,0xfb,0xde,0x4d,0x6b,0xf0,0x7b,0x2c,0x63,
    0xfb,0xde,0xff,0xff,0xff,0xff,0xff,0xff,0xff,0xff,0xff,0xff,0xff,0xff,0xff,0xff,
    0xff,0xff,0xff,0xff,0xff,0xff,0xff,0xff,0xff,0xff,0xff,0xff,0xff,0xff,0xff,0xff,
    0xff,0xff,0xff,0xff,0xff,0xff,0xff,0xff,0xff,0xff,0xff,0xff,0xff,0xff,0xff,0xff,
    0xff,0xff,0xff,0xff,0xff,0xff,0xff,0xff,0xff,0xff,0xff,0xff,0xff,0xff,0xff,0xff,
    0xff,0xff,0xff,0xff,0xff,0xff,0xff,0xff,0xff,0xff,0xff,0xff,0xff,0xff,0xff,0xff,
    0xff,0xff,0xff,0xff,0xff,0xff,0xff,0xff,0x5d,0xef,0x4f,0x5b,0x8d,0x3a,0xee,0x4a,
    0xf5,0x8c,0x57,0x9d,0x97,0xa5,0x97,0xa5,0x97,0xa5,0x97,0xa5,0xb8,0xad,0xf8,0xb5,
    0xf9,0xb5,0xf9,0xb5,0xf9,0xb5,0xf8,0xb5,0xd8,0xad,0xd8,0xad,0xb8,0xad,0xb7,0xad,
    0xb7,0xa5,0xb7,0xa5,0x97,0xa5,0x97,0xa5,0x97,0xa5,0x97,0xa5,0x97,0xa5,0x97,0xa5,
    0x97,0xa5,0x57,0x9d,0xf5,0x94,0xb4,0x8c,0xd4,0x8c,0xb4,0x8c,0x93,0x8c,0x93,0x84,
    0x73,0x84,0x52,0x7c,0x11,0x74,0xf1,0x73,0xd0,0x6b,0xb0,0x6b,0x8f,0x63,0x6f,0x63,
    0x6f,0x5b,0x4f,0x5b,0x4e,0x5b,0x2e,0x53,0x0e,0x53,0xed,0x4a,0xed,0x4a,0xed,0x4a,
    0xed,0x4a,0x0e,0x4b,0x0e,0x4b,0x2e,0x53,0x2e,0x53,0x11,0x6c,0x4e,0x5b,0xf7,0xbd,
    0xff,0xff,0xff,0xff,0xff,0xff,0xff,0xff,0xff,0xff,0xff,0xff,0xff,0xff,0xff,0xff,
    0xff,0xff,0xff,0xff,0xff,0xff,0xff,0xff,0xff,0xff,0xff,0xff,0xff,0xff,0xff,0xff,
    0xff,0xff,0xff,0xff,0xff,0xff,0xff,0xff,0xff,0xff,0xff,0xff,0xff,0xff,0xff,0xff,
    0xff,0xff,0xff,0xff,0xff,0xff,0xff,0xff,0xff,0xff,0xff,0xff,0xff,0xff,0xff,0xff,
    0xff,0xff,0xff,0xff,0xff,0xff,0xff,0xff,0xff,0xff,0xff,0xff,0xff,0xff,0xff,0xff,
    0xff,0xff,0xff,0xff,0xff,0xff,0xff,0xff,0xff,0xff,0xff,0xff,0xff,0xff,0xff,0xff,
    0xff,0xff,0xff,0xff,0xff,0xff,0xff,0xff,0xff,0xff,0xff,0xff,0xff,0xff,0xff,0xff,
    0xff,0xff,0xff,0xff,0xff,0xff,0xff,0xff,0xff,0xff,0xff,0xff,0xff,0xff,0xff,0xff,
    0xff,0xff,0xff,0xff,0xff,0xff,0xff,0xff,0xff,0xff,0xff,0xff,0xff,0xff,0xff,0xff,
    0xff,0xff,0xff,0xff,0xff,0xff,0xff,0xff,0xff,0xff,0xff,0xff,0xff,0xff,0xff,0xff,
    0xff,0xff,0xff,0xff,0xff,0xff,0xff,0xff,0xff,0xff,0xff,0xff,0xff,0xff,0xff,0xff,
    0xff,0xff,0xff,0xff,0xff,0xff,0xff,0xff,0xff,0xff,0xff,0xff,0xff,0xff,0xff,0xff,
    0xff,0xff,0xff,0xff,0xff,0xff,0xff,0xff,0xff,0xff,0xff,0xff,0xff,0xff,0xff,0xff,
    0xff,0xff,0xff,0xff,0x18,0xc6,0x30,0x84,0x10,0x84,0x34,0xa5,0xff,0xff,0xff,0xff,
    0xff,0xff,0xff,0xff,0xff,0xff,0xff,0xff,0xff,0xff,0xff,0xff,0xff,0xff,0xff,0xff,
    0xff,0xff,0xff,0xff,0xff,0xff,0xff,0xff,0xff,0xff,0xff,0xff,0xff,0xff,0xff,0xff,
    0xff,0xff,0xff,0xff,0xff,0xff,0xff,0xff,0xba,0xd6,0xf0,0x7b,0x55,0xa5,0x4c,0x63,
    0xdb,0xde,0xff,0xff,0xff,0xff,0xff,0xff,0xff,0xff,0xff,0xff,0xff,0xff,0xff,0xff,
    0xff,0xff,0xff,0xff,0xff,0xff,0xff,0xff,0xff,0xff,0xff,0xff,0xff,0xff,0xff,0xff,
    0xff,0xff,0xff,0xff,0xff,0xff,0xff,0xff,0xff,0xff,0xff,0xff,0xff,0xff,0xff,0xff,
    0xff,0xff,0xff,0xff,0xff,0xff,0xff,0xff,0xff,0xff,0xff,0xff,0xff,0xff,0xff,0xff,
    0xff,0xff,0xff,0xff,0xff,0xff,0xff,0xff,0xff,0xff,0xff,0xff,0xff,0xff,0xff,0xff,
    0xff,0xff,0xff,0xff,0xff,0xff,0xff,0xff,0x9d,0xef,0xd0,0x6b,0x0c,0x2a,0x0b,0x2a,
    0x6d,0x32,0xad,0x3a,0xae,0x42,0xce,0x42,0xce,0x42,0xce,0x42,0xee,0x4a,0x0e,0x4b,
    0x0e,0x4b,0xee,0x4a,0xee,0x4a,0xee,0x42,0xcd,0x42,0xad,0x42,0xad,0x3a,0x8c,0x3a,
    0x8c,0x3a,0x6c,0x3a,0x6c,0x3a,0x6c,0x32,0x4c,0x32,0x4c,0x32,0x4c,0x32,0x6c,0x32,
    0x6d,0x32,0x6d,0x32,0x6d,0x32,0x6c,0x32,0x2c,0x32,0x0b,0x2a,0x0b,0x2a,0x2c,0x2a,
    0x2c,0x2a,0x2c,0x2a,0x2b,0x2a,0x0b,0x2a,0x0b,0x2a,0x2b,0x2a,0x2c,0x2a,0x2c,0x2a,
    0x2d,0x2a,0x4d,0x2a,0x4d,0x2a,0x6d,0x32,0x6e,0x2a,0x8e,0x32,0x8e,0x32,0x8e,0x32,
    0x8e,0x32,0x8e,0x32,0x8e,0x32,0x8e,0x32,0xae,0x32,0xad,0x3a,0x6a,0x42,0x3c,0xe7,
    0xff,0xff,0xff,0xff,0xff,0xff,0xff,0xff,0xff,0xff,0xff,0xff,0xff,0xff,0xff,0xff,
    0xff,0xff,0xff,0xff,0xff,0xff,0xff,0xff,0xff,0xff,0xff,0xff,0xff,0xff,0xff,0xff,
    0xff,0xff,0xff,0xff,0xff,0xff,0xff,0xff,0xff,0xff,0xff,0xff,0xff,0xff,0xff,0xff,
    0xff,0xff,0xff,0xff,0xff,0xff,0xff,0xff,0xff,0xff,0xff,0xff,0xff,0xff,0xff,0xff,
    0xff,0xff,0xff,0xff,0xff,0xff,0xff,0xff,0xff,0xff,0xff,0xff,0xff,0xff,0xff,0xff,
    0xff,0xff,0xff,0xff,0xff,0xff,0xff,0xff,0xff,0xff,0xff,0xff,0xff,0xff,0xff,0xff,
    0xff,0xff,0xff,0xff,0xff,0xff,0xff,0xff,0xff,0xff,0xff,0xff,0xff,0xff,0xff,0xff,
    0xff,0xff,0xff,0xff,0xff,0xff,0xff,0xff,0xff,0xff,0x1c,0xe7,0x96,0xb5,0x96,0xad,
    0x96,0xad,0x75,0xad,0x76,0xad,0x76,0xad,0x76,0xad,0x76,0xad,0x76,0xad,0x76,0xad,
    0x75,0xad,0x55,0xad,0x55,0xad,0x75,0xad,0x75,0xad,0x75,0xad,0x75,0xad,0x76,0xad,
    0x76,0xb5,0x96,0xb5,0x96,0xb5,0xb6,0xb5,0xb7,0xb5,0xb7,0xb5,0xb7,0xbd,0xd7,0xbd,
    0xd7,0xbd,0xf7,0xbd,0xf7,0xbd,0xf8,0xc5,0x18,0xc6,0x18,0xc6,0x38,0xc6,0x9a,0xd6,
    0xbe,0xff,0xff,0xff,0xff,0xff,0xff,0xff,0xff,0xff,0xff,0xff,0xff,0xff,0xff,0xff,
    0xff,0xff,0xff,0xff,0xf8,0xbd,0x10,0x7c,0x10,0x84,0x35,0xa5,0xff,0xff,0xff,0xff,
    0xff,0xff,0xff,0xff,0xff,0xff,0xff,0xff,0xff,0xff,0xff,0xff,0xff,0xff,0xff,0xff,
    0xff,0xff,0xff,0xff,0xff,0xff,0xff,0xff,0xff,0xff,0xff,0xff,0xff,0xff,0xff,0xff,
    0xff,0xff,0xff,0xff,0xff,0xff,0xff,0xff,0xba,0xd6,0xf0,0x7b,0x55,0xa5,0x4d,0x63,
    0xdb,0xde,0xff,0xff,0xff,0xff,0xff,0xff,0xff,0xff,0xff,0xff,0xff,0xff,0xff,0xff,
    0xff,0xff,0xff,0xff,0xff,0xff,0xff,0xff,0xff,0xff,0xff,0xff,0xff,0xff,0xff,0xff,
    0xff,0xff,0xff,0xff,0xff,0xff,0xff,0xff,0xff,0xff,0xff,0xff,0xff,0xff,0xff,0xff,
    0xff,0xff,0xff,0xff,0xff,0xff,0xff,0xff,0xff,0xff,0xff,0xff,0xff,0xff,0xff,0xff,
    0xff,0xff,0xff,0xff,0xff,0xff,0xff,0xff,0xff,0xff,0xff,0xff,0xff,0xff,0xff,0xff,
    0xff,0xff,0xff,0xff,0xff,0xff,0xff,0xff,0xbe,0xf7,0xf0,0x73,0x89,0x21,0x8e,0x32,
    0xf0,0x3a,0xd0,0x32,0xd0,0x32,0xcf,0x32,0xd0,0x3a,0xf0,0x3a,0xf0,0x3a,0xf0,0x3a,
    0xf0,0x3a,0xf0,0x3a,0xf0,0x3a,0xf0,0x3a,0xcf,0x3a,0xcf,0x32,0xcf,0x3a,0xcf,0x3a,
    0xcf,0x3a,0xef,0x3a,0xf0,0x3a,0xf0,0x3a,0xf0,0x3a,0xf0,0x3a,0xf0,0x3a,0xf0,0x3a,
    0x10,0x3b,0x10,0x43,0x11,0x43,0x31,0x43,0x11,0x43,0x10,0x3b,0xf0,0x3a,0xf0,0x3a,
    0xf0,0x3a,0x10,0x3b,0x10,0x3b,0x10,0x3b,0x10,0x3b,0x10,0x3b,0x10,0x3b,0x10,0x3b,
    0x10,0x3b,0x10,0x3b,0x10,0x3b,0x10,0x43,0x11,0x43,0x11,0x43,0x11,0x43,0x11,0x43,
    0x11,0x43,0x10,0x43,0x10,0x3b,0x10,0x3b,0x31,0x43,0x6d,0x32,0x72,0x84,0xff,0xff,
    0xff,0xff,0xff,0xff,0xff,0xff,0xff,0xff,0xff,0xff,0xff,0xff,0xff,0xff,0xff,0xff,
    0xff,0xff,0xff,0xff,0xff,0xff,0xff,0xff,0xff,0xff,0xff,0xff,0xff,0xff,0xff,0xff,
    0xff,0xff,0xff,0xff,0xff,0xff,0xff,0xff,0xff,0xff,0xff,0xff,0xff,0xff,0xff,0xff,
    0xff,0xff,0xff,0xff,0xff,0xff,0xff,0xff,0xff,0xff,0xff,0xff,0xff,0xff,0xff,0xff,
    0xff,0xff,0xff,0xff,0xff,0xff,0xff,0xff,0xff,0xff,0xff,0xff,0xff,0xff,0xff,0xff,
    0xff,0xff,0xff,0xff,0xff,0xff,0xff,0xff,0xff,0xff,0xff,0xff,0xff,0xff,0xff,0xff,
    0xff,0xff,0xff,0xff,0xff,0xff,0xff,0xff,0xff,0xff,0xff,0xff,0xff,0xff,0xff,0xff,
    0xff,0xff,0xff,0xff,0xff,0xff,0xff,0xff,0xff,0xff,0xb3,0x94,0xea,0x29,0xae,0x3a,
    0xae,0x3a,0xae,0x3a,0xae,0x42,0xce,0x3a,0xce,0x42,0xce,0x42,0xce,0x42,0xce,0x42,
    0xce,0x42,0xee,0x42,0x0f,0x4b,0x2f,0x4b,0x50,0x53,0x50,0x53,0x50,0x53,0x50,0x53,
    0x50,0x53,0x50,0x53,0x50,0x53,0x4f,0x53,0x2f,0x53,0x2f,0x53,0x2f,0x53,0x2f,0x53,
    0x0f,0x53,0x0e,0x53,0xee,0x4a,0xee,0x4a,0xee,0x4a,0xce,0x42,0xef,0x4a,0x8c,0x42,
    0x0d,0x5b,0x9e,0xf7,0xff,0xff,0xff,0xff,0xff,0xff,0xff,0xff,0xff,0xff,0xff,0xff,
    0xff,0xff,0xff,0xff,0xf7,0xbd,0xf0,0x7b,0x10,0x84,0x55,0xad,0xff,0xff,0xff,0xff,
    0xff,0xff,0xff,0xff,0xff,0xff,0xff,0xff,0xff,0xff,0xff,0xff,0xff,0xff,0xff,0xff,
    0xff,0xff,0xff,0xff,0xff,0xff,0xff,0xff,0xff,0xff,0xff,0xff,0xff,0xff,0xff,0xff,
    0xff,0xff,0xff,0xff,0xff,0xff,0xff,0xff,0xdb,0xde,0x10,0x7c,0x75,0xad,0x4d,0x6b,
    0xba,0xd6,0xff,0xff,0xff,0xff,0xff,0xff,0xff,0xff,0xff,0xff,0xff,0xff,0xff,0xff,
    0xff,0xff,0xff,0xff,0xff,0xff,0xff,0xff,0xff,0xff,0xff,0xff,0xff,0xff,0xff,0xff,
    0xff,0xff,0xff,0xff,0xff,0xff,0xff,0xff,0xff,0xff,0xff,0xff,0xff,0xff,0xff,0xff,
    0xff,0xff,0xff,0xff,0xff,0xff,0xff,0xff,0xff,0xff,0xff,0xff,0xff,0xff,0xff,0xff,
    0xff,0xff,0xff,0xff,0xff,0xff,0xff,0xff,0xff,0xff,0xff,0xff,0xff,0xff,0xff,0xff,
    0xff,0xff,0xff,0xff,0xff,0xff,0xff,0xff,0xff,0xff,0xf0,0x7b,0x47,0x19,0xef,0x3a,
    0xd0,0x3a,0xd0,0x3a,0xd0,0x3a,0xf0,0x3a,0x10,0x3b,0x11,0x3b,0x10,0x3b,0x10,0x3b,
    0x10,0x3b,0x10,0x3b,0x10,0x3b,0x10,0x3b,0xf0,0x32,0xf0,0x32,0xf0,0x3a,0xf0,0x3a,
    0xf0,0x3a,0xf0,0x3a,0xf0,0x3a,0xf0,0x3a,0xf0,0x3a,0xf0,0x32,0xf0,0x3a,0xf0,0x3a,
    0xf0,0x3a,0xf0,0x3a,0x10,0x3b,0x10,0x3b,0x10,0x3b,0xf0,0x3a,0xf0,0x3a,0xf0,0x3a,
    0xf0,0x3a,0xf0,0x3a,0xf0,0x3a,0xf0,0x3a,0xf0,0x3a,0xf0,0x3a,0xf0,0x3a,0xf0,0x3a,
    0xf0,0x3a,0xf0,0x3a,0xf0,0x3a,0xf0,0x3a,0xf0,0x3a,0x10,0x3b,0x10,0x3b,0x10,0x3b,
    0xf0,0x3a,0xf0,0x3a,0xf0,0x3a,0x10,0x3b,0x10,0x43,0x4b,0x3a,0x79,0xce,0xff,0xff,
    0xff,0xff,0xff,0xff,0xff,0xff,0xff,0xff,0xff,0xff,0xff,0xff,0xff,0xff,0xff,0xff,
    0xff,0xff,0xff,0xff,0xff,0xff,0xff,0xff,0xff,0xff,0xff,0xff,0xff,0xff,0xff,0xff,
    0xff,0xff,0xff,0xff,0xff,0xff,0xff,0xff,0xff,0xff,0xff,0xff,0xff,0xff,0xff,0xff,
    0xff,0xff,0xff,0xff,0xff,0xff,0xff,0xff,0xff,0xff,0xff,0xff,0xff,0xff,0xff,0xff,
    0xff,0xff,0xff,0xff,0xff,0xff,0xff,0xff,0xff,0xff,0xff,0xff,0xff,0xff,0xff,0xff,
    0xff,0xff,0xff,0xff,0xff,0xff,0xff,0xff,0xff,0xff,0xff,0xff,0xff,0xff,0xff,0xff,
    0xff,0xff,0xff,0xff,0xff,0xff,0xff,0xff,0xff,0xff,0xff,0xff,0xff,0xff,0xff,0xff,
    0xff,0xff,0xff,0xff,0xff,0xff,0xff,0xff,0xff,0xff,0xf0,0x7b,0xcf,0x3a,0x93,0x4b,
    0xd0,0x32,0xf0,0x3a,0xf0,0x3a,0xf0,0x3a,0xf0,0x3a,0xf0,0x3a,0xf0,0x3a,0xf0,0x3a,
    0xf0,0x42,0xf0,0x42,0x11,0x43,0x31,0x4b,0x31,0x4b,0x51,0x4b,0x72,0x53,0x72,0x53,
    0x93,0x53,0xd4,0x5b,0xf4,0x63,0x15,0x64,0x35,0x64,0x56,0x6c,0x76,0x6c,0x96,0x74,
    0x97,0x74,0xb7,0x74,0xb8,0x74,0xd8,0x74,0xd8,0x74,0xd9,0x74,0xd9,0x6c,0xb3,0x53,
    0x27,0x19,0xaf,0x6b,0xbe,0xf7,0xff,0xff,0xff,0xff,0xff,0xff,0xff,0xff,0xff,0xff,
    0xff,0xff,0xff,0xff,0xd7,0xbd,0xf0,0x7b,0x10,0x84,0x55,0xad,0xff,0xff,0xff,0xff,
    0xff,0xff,0xff,0xff,0xff,0xff,0xff,0xff,0xff,0xff,0xff,0xff,0xff,0xff,0xff,0xff,
    0xff,0xff,0xff,0xff,0xff,0xff,0xff,0xff,0xff,0xff,0xff,0xff,0xff,0xff,0xff,0xff,
    0xff,0xff,0xff,0xff,0xff,0xff,0xff,0xff,0xdb,0xde,0x10,0x7c,0x75,0xad,0x4c,0x63,
    0xba,0xd6,0xff,0xff,0xff,0xff,0xff,0xff,0xff,0xff,0xff,0xff,0xff,0xff,0xff,0xff,
    0xff,0xff,0xff,0xff,0xff,0xff,0xff,0xff,0xff,0xff,0xff,0xff,0xff,0xff,0xff,0xff,
    0xff,0xff,0xff,0xff,0xff,0xff,0xff,0xff,0xff,0xff,0xff,0xff,0xff,0xff,0xff,0xff,
    0xff,0xff,0xff,0xff,0xff,0xff,0xff,0xff,0xff,0xff,0xff,0xff,0xff,0xff,0xff,0xff,
    0xff,0xff,0xff,0xff,0xff,0xff,0xff,0xff,0xff,0xff,0xff,0xff,0xff,0xff,0xff,0xff,
    0xff,0xff,0xff,0xff,0xff,0xff,0xff,0xff,0xff,0xff,0xf0,0x7b,0x68,0x19,0x51,0x43,
    0x11,0x43,0x30,0x43,0x31,0x43,0x51,0x43,0x72,0x4b,0x72,0x43,0x52,0x43,0x72,0x4b,
    0x52,0x43,0x51,0x43,0x51,0x43,0x31,0x43,0x31,0x43,0x31,0x43,0x31,0x43,0x31,0x43,
    0x31,0x43,0x51,0x43,0x51,0x43,0x51,0x43,0x31,0x43,0x31,0x43,0x11,0x3b,0x11,0x3b,
    0x11,0x3b,0x11,0x43,0x31,0x43,0x31,0x43,0x31,0x43,0x51,0x43,0x31,0x43,0x31,0x3b,
    0x30,0x3b,0x30,0x43,0x30,0x43,0x31,0x43,0x31,0x43,0x31,0x43,0x31,0x43,0x31,0x43,
    0x31,0x43,0x31,0x43,0x31,0x43,0x31,0x43,0x51,0x43,0x51,0x43,0x51,0x43,0x51,0x43,
    0x31,0x43,0x31,0x43,0x31,0x43,0x51,0x4b,0x6d,0x32,0x6e,0x63,0xbf,0xf7,0xff,0xff,
    0xff,0xff,0xff,0xff,0xff,0xff,0xff,0xff,0xff,0xff,0xff,0xff,0xff,0xff,0xff,0xff,
    0xff,0xff,0xff,0xff,0xff,0xff,0xff,0xff,0xff,0xff,0xff,0xff,0xff,0xff,0xff,0xff,
    0xff,0xff,0xff,0xff,0xff,0xff,0xff,0xff,0xff,0xff,0xff,0xff,0xff,0xff,0xff,0xff,
    0xff,0xff,0xff,0xff,0xff,0xff,0xff,0xff,0xff,0xff,0xff,0xff,0xff,0xff,0xff,0xff,
    0xff,0xff,0xff,0xff,0xff,0xff,0xff,0xff,0xff,0xff,0xff,0xff,0xff,0xff,0xff,0xff,
    0xff,0xff,0xff,0xff,0xff,0xff,0xff,0xff,0xff,0xff,0xff,0xff,0xff,0xff,0xff,0xff,
    0xff,0xff,0xff,0xff,0xff,0xff,0xff,0xff,0xff,0xff,0xff,0xff,0xff,0xff,0xff,0xff,
    0xff,0xff,0xff,0xff,0xff,0xff,0xff,0xff,0xff,0xff,0xaf,0x73,0xaf,0x3a,0x11,0x3b,
    0xd0,0x32,0x11,0x3b,0xf1,0x32,0xf0,0x32,0xf0,0x32,0xf0,0x32,0xf0,0x32,0xf0,0x32,
    0xf0,0x32,0xd0,0x32,0xd0,0x3a,0xd0,0x32,0xd0,0x32,0xd0,0x32,0xd0,0x32,0xd0,0x32,
    0xd0,0x32,0xd0,0x32,0xf0,0x32,0xf0,0x32,0xd0,0x32,0xf1,0x3a,0xf1,0x3a,0x11,0x3b,
    0x11,0x3b,0x32,0x3b,0x32,0x3b,0x53,0x3b,0x53,0x43,0x73,0x43,0xd5,0x4b,0x93,0x4b,
    0xea,0x29,0x0a,0x32,0xcf,0x73,0xff,0xff,0xff,0xff,0xff,0xff,0xff,0xff,0xff,0xff,
    0xff,0xff,0xff,0xff,0xd7,0xbd,0xf0,0x7b,0x30,0x84,0x55,0xad,0xff,0xff,0xff,0xff,
    0xff,0xff,0xff,0xff,0xff,0xff,0xff,0xff,0xff,0xff,0xff,0xff,0xff,0xff,0xff,0xff,
    0xff,0xff,0xff,0xff,0xff,0xff,0xff,0xff,0xff,0xff,0xff,0xff,0xff,0xff,0xff,0xff,
    0xff,0xff,0xff,0xff,0xff,0xff,0xff,0xff,0xdb,0xde,0x10,0x7c,0x55,0xa5,0x0c,0x63,
    0x9a,0xd6,0xff,0xff,0xff,0xff,0xff,0xff,0xff,0xff,0xff,0xff,0xff,0xff,0xff,0xff,
    0xff,0xff,0xff,0xff,0xff,0xff,0xff,0xff,0xff,0xff,0xff,0xff,0xff,0xff,0xff,0xff,
    0xff,0xff,0xff,0xff,0xff,0xff,0xff,0xff,0xff,0xff,0xff,0xff,0xff,0xff,0xff,0xff,
    0xff,0xff,0xff,0xff,0xff,0xff,0xff,0xff,0xff,0xff,0xff,0xff,0xff,0xff,0xff,0xff,
    0xff,0xff,0xff,0xff,0xff,0xff,0xff,0xff,0xff,0xff,0xff,0xff,0xff,0xff,0xff,0xff,
    0xff,0xff,0xff,0xff,0xff,0xff,0xff,0xff,0xff,0xff,0xf3,0x9c,0x46,0x21,0xa9,0x21,
    0xa9,0x21,0xa9,0x21,0xca,0x21,0xca,0x21,0xea,0x21,0xea,0x21,0xeb,0x29,0xea,0x29,
    0xca,0x21,0xca,0x21,0xc9,0x21,0xa9,0x21,0xa9,0x21,0xa9,0x21,0xa9,0x21,0xa9,0x21,
    0xa9,0x21,0xca,0x21,0xeb,0x21,0x4d,0x32,0x6d,0x3a,0x4d,0x32,0x4c,0x32,0x2c,0x32,
    0x2c,0x32,0x4c,0x32,0x6d,0x32,0xae,0x3a,0x6d,0x32,0x6d,0x32,0x6c,0x32,0x4c,0x32,
    0x4c,0x32,0x4c,0x32,0x4c,0x32,0x6c,0x32,0x6c,0x32,0x6c,0x32,0x4c,0x32,0x4c,0x2a,
    0x2b,0x2a,0x2b,0x2a,0x0b,0x22,0xeb,0x21,0xea,0x21,0xea,0x29,0xc9,0x21,0xc9,0x21,
    0xc9,0x21,0xea,0x29,0xea,0x29,0xe9,0x29,0x4a,0x3a,0x59,0xc6,0xff,0xff,0xff,0xff,
    0xff,0xff,0xff,0xff,0xff,0xff,0xff,0xff,0xff,0xff,0xff,0xff,0xff,0xff,0xff,0xff,
    0xff,0xff,0xff,0xff,0xff,0xff,0xff,0xff,0xff,0xff,0xff,0xff,0xff,0xff,0xff,0xff,
    0xff,0xff,0xff,0xff,0xff,0xff,0xff,0xff,0xff,0xff,0xff,0xff,0xff,0xff,0xff,0xff,
    0xff,0xff,0xff,0xff,0xff,0xff,0xff,0xff,0xff,0xff,0xff,0xff,0xff,0xff,0xff,0xff,
    0xff,0xff,0xff,0xff,0xff,0xff,0xff,0xff,0xff,0xff,0xff,0xff,0xff,0xff,0xff,0xff,
    0xff,0xff,0xff,0xff,0xff,0xff,0xff,0xff,0xff,0xff,0xff,0xff,0xff,0xff,0xff,0xff,
    0xff,0xff,0xff,0xff,0xff,0xff,0xff,0xff,0xff,0xff,0xff,0xff,0xff,0xff,0xff,0xff,
    0xff,0xff,0xff,0xff,0xff,0xff,0xff,0xff,0xff,0xff,0x8f,0x6b,0x8e,0x3a,0x11,0x3b,
    0xb4,0x4b,0xf5,0x4b,0xd5,0x4b,0xf5,0x4b,0xf5,0x4b,0xf5,0x4b,0xf5,0x43,0xf5,0x43,
    0xf5,0x43,0xf5,0x4b,0xf5,0x4b,0xf5,0x4b,0xf5,0x4b,0xf5,0x4b,0xd5,0x4b,0xf5,0x4b,
    0xf5,0x4b,0xd5,0x4b,0xd5,0x4b,0xd5,0x4b,0xd5,0x4b,0xf5,0x4b,0xd5,0x4b,0xd5,0x43,
    0xd5,0x4b,0xd5,0x4b,0xd5,0x43,0xb5,0x43,0xb4,0x43,0xb4,0x43,0x16,0x54,0x76,0x6c,
    0xca,0x21,0xae,0x3a,0xc9,0x29,0x72,0x84,0xff,0xff,0xff,0xff,0xff,0xff,0xff,0xff,
    0xff,0xff,0xff,0xff,0xd7,0xbd,0x10,0x7c,0x30,0x84,0x75,0xad,0xff,0xff,0xff,0xff,
    0xff,0xff,0xff,0xff,0xff,0xff,0xff,0xff,0xff,0xff,0xff,0xff,0xff,0xff,0xff,0xff,
    0xff,0xff,0xff,0xff,0xff,0xff,0xff,0xff,0xff,0xff,0xff,0xff,0xff,0xff,0xff,0xff,
    0xff,0xff,0xff,0xff,0xff,0xff,0xff,0xff,0xdb,0xde,0x10,0x7c,0x35,0xa5,0xeb,0x5a,
    0x9a,0xd6,0xff,0xff,0xff,0xff,0xff,0xff,0xff,0xff,0xff,0xff,0xff,0xff,0xff,0xff,
    0xff,0xff,0xff,0xff,0xff,0xff,0xff,0xff,0xff,0xff,0xff,0xff,0xff,0xff,0xff,0xff,
    0xff,0xff,0xff,0xff,0xff,0xff,0xff,0xff,0xff,0xff,0xff,0xff,0xff,0xff,0xff,0xff,
    0xff,0xff,0xff,0xff,0xff,0xff,0xff,0xff,0xff,0xff,0xff,0xff,0xff,0xff,0xff,0xff,
    0xff,0xff,0xff,0xff,0xff,0xff,0xff,0xff,0xff,0xff,0xff,0xff,0xff,0xff,0xff,0xff,
    0xff,0xff,0xff,0xff,0xff,0xff,0xff,0xff,0xff,0xff,0xdf,0xff,0x59,0xce,0x75,0xad,
    0x35,0xa5,0x15,0xa5,0xf4,0x9c,0xd3,0x94,0xb3,0x94,0x92,0x8c,0x72,0x8c,0x51,0x8c,
    0x51,0x84,0x51,0x84,0x52,0x8c,0x52,0x8c,0x52,0x8c,0x72,0x8c,0x72,0x8c,0x72,0x8c,
    0x72,0x8c,0x92,0x8c,0xb2,0x8c,0xc7,0x31,0xe4,0x10,0x25,0x19,0x05,0x19,0xe4,0x18,
    0xe5,0x18,0xe4,0x18,0xe4,0x18,0xe4,0x10,0xec,0x52,0x4e,0x63,0x2d,0x63,0x0d,0x5b,
    0x0d,0x5b,0x0c,0x5b,0x0d,0x5b,0x2d,0x5b,0x4e,0x63,0x6e,0x6b,0x6e,0x6b,0xaf,0x73,
    0xf0,0x7b,0x31,0x84,0x72,0x8c,0x93,0x94,0xd3,0x94,0x14,0x9d,0x35,0xa5,0x76,0xad,
    0x96,0xb5,0xb7,0xb5,0xf7,0xbd,0x18,0xc6,0x3c,0xe7,0xff,0xff,0xff,0xff,0xff,0xff,
    0xff,0xff,0xff,0xff,0xff,0xff,0xff,0xff,0xff,0xff,0xff,0xff,0xff,0xff,0xff,0xff,
    0xff,0xff,0xff,0xff,0xff,0xff,0xff,0xff,0xff,0xff,0xff,0xff,0xff,0xff,0xff,0xff,
    0xff,0xff,0xff,0xff,0xff,0xff,0xff,0xff,0xff,0xff,0xff,0xff,0xff,0xff,0xff,0xff,
    0xff,0xff,0xff,0xff,0xff,0xff,0xff,0xff,0xff,0xff,0xff,0xff,0xff,0xff,0xff,0xff,
    0xff,0xff,0xff,0xff,0xff,0xff,0xff,0xff,0xff,0xff,0xff,0xff,0xff,0xff,0xff,0xff,
    0xff,0xff,0xff,0xff,0xff,0xff,0xff,0xff,0xff,0xff,0xff,0xff,0xff,0xff,0xff,0xff,
    0xff,0xff,0xff,0xff,0xff,0xff,0xff,0xff,0xff,0xff,0xff,0xff,0xff,0xff,0xff,0xff,
    0xff,0xff,0xff,0xff,0xff,0xff,0xff,0xff,0xff,0xff,0x8f,0x6b,0xae,0x3a,0xf1,0x3a,
    0x93,0x43,0xd5,0x43,0xb4,0x43,0xb4,0x43,0xb4,0x43,0xb4,0x43,0xb4,0x43,0xd4,0x43,
    0xb5,0x43,0xb5,0x43,0xb5,0x43,0xb5,0x43,0xb5,0x43,0xb5,0x43,0xb5,0x43,0xb4,0x43,
    0xb4,0x43,0xb4,0x43,0xb4,0x43,0xb5,0x43,0xb5,0x43,0xb5,0x43,0xb5,0x43,0xb5,0x43,
    0xd5,0x43,0xd5,0x43,0xd5,0x43,0xd5,0x43,0xd5,0x43,0xd5,0x43,0x37,0x54,0xb7,0x74,
    0x0b,0x2a,0xef,0x42,0xae,0x3a,0xc9,0x29,0xd3,0x94,0xff,0xff,0xdf,0xff,0xff,0xff,
    0xff,0xff,0xff,0xff,0xd7,0xbd,0x10,0x7c,0x51,0x8c,0x75,0xad,0xff,0xff,0xff,0xff,
    0xff,0xff,0xff,0xff,0xff,0xff,0xff,0xff,0xff,0xff,0xff,0xff,0xff,0xff,0xff,0xff,
    0xff,0xff,0xff,0xff,0xff,0xff,0xff,0xff,0xff,0xff,0xff,0xff,0xff,0xff,0xff,0xff,
    0xff,0xff,0xff,0xff,0xff,0xff,0xff,0xff,0xdb,0xde,0xef,0x7b,0x34,0xa5,0xeb,0x5a,
    0x9a,0xd6,0xff,0xff,0xff,0xff,0xff,0xff,0xff,0xff,0xff,0xff,0xff,0xff,0xff,0xff,
    0xff,0xff,0xff,0xff,0xff,0xff,0xff,0xff,0xff,0xff,0xff,0xff,0xff,0xff,0xff,0xff,
    0xff,0xff,0xff,0xff,0xff,0xff,0xff,0xff,0xff,0xff,0xff,0xff,0xff,0xff,0xff,0xff,
    0xff,0xff,0xff,0xff,0xff,0xff,0xff,0xff,0xff,0xff,0xff,0xff,0xff,0xff,0xff,0xff,
    0xff,0xff,0xff,0xff,0xff,0xff,0xff,0xff,0xff,0xff,0xff,0xff,0xff,0xff,0xff,0xff,
    0xff,0xff,0xff,0xff,0xff,0xff,0xff,0xff,0xff,0xff,0xff,0xff,0xff,0xff,0xff,0xff,
    0xff,0xff,0xff,0xff,0xff,0xff,0xff,0xff,0xff,0xff,0xff,0xff,0xff,0xff,0xff,0xff,
    0xff,0xff,0xff,0xff,0xff,0xff,0xff,0xff,0xff,0xff,0xff,0xff,0xff,0xff,0xff,0xff,
    0xff,0xff,0xff,0xff,0xff,0xff,0x0c,0x63,0x66,0x29,0xe8,0x39,0xc7,0x39,0xc7,0x39,
    0xc7,0x39,0xc7,0x39,0xa6,0x31,0x24,0x29,0xda,0xde,0xff,0xff,0xff,0xff,0xff,0xff,
    0xff,0xff,0xff,0xff,0xff,0xff,0xff,0xff,0xff,0xff,0xff,0xff,0xff,0xff,0xff,0xff,
    0xff,0xff,0xff,0xff,0xff,0xff,0xff,0xff,0xff,0xff,0xff,0xff,0xff,0xff,0xff,0xff,
    0xff,0xff,0xff,0xff,0xff,0xff,0xff,0xff,0xff,0xff,0xff,0xff,0xff,0xff,0xff,0xff,
    0xff,0xff,0xff,0xff,0xff,0xff,0xff,0xff,0xff,0xff,0xff,0xff,0xff,0xff,0xff,0xff,
    0xff,0xff,0xff,0xff,0xff,0xff,0xff,0xff,0xff,0xff,0xff,0xff,0xff,0xff,0xff,0xff,
    0xff,0xff,0xff,0xff,0xff,0xff,0xff,0xff,0xff,0xff,0xff,0xff,0xff,0xff,0xff,0xff,
    0xff,0xff,0xff,0xff,0xff,0xff,0xff,0xff,0xff,0xff,0xff,0xff,0xff,0xff,0xff,0xff,
    0xff,0xff,0xff,0xff,0xff,0xff,0xff,0xff,0xff,0xff,0xff,0xff,0xff,0xff,0xff,0xff,
    0xff,0xff,0xff,0xff,0xff,0xff,0xff,0xff,0xff,0xff,0xff,0xff,0xff,0xff,0xff,0xff,
    0xff,0xff,0xff,0xff,0xff,0xff,0xff,0xff,0xff,0xff,0xff,0xff,0xff,0xff,0xff,0xff,
    0xff,0xff,0xff,0xff,0xff,0xff,0xff,0xff,0xff,0xff,0x8f,0x6b,0xae,0x3a,0xf1,0x3a,
    0x93,0x43,0xd5,0x4b,0xd5,0x43,0xb5,0x43,0xd5,0x43,0xd5,0x43,0xb5,0x43,0xd5,0x43,
    0xd5,0x43,0xd5,0x43,0xd5,0x43,0xd5,0x43,0xd5,0x43,0xd5,0x43,0xd5,0x43,0xd5,0x43,
    0xb5,0x43,0xb5,0x43,0xd5,0x43,0xd5,0x43,0xd5,0x43,0xd5,0x43,0xd5,0x43,0xd5,0x43,
    0xb5,0x43,0xd5,0x43,0xd5,0x43,0xd5,0x43,0xd5,0x43,0xd5,0x43,0x16,0x54,0xb7,0x74,
    0xea,0x29,0xef,0x3a,0xaf,0x3a,0x4c,0x32,0xa8,0x29,0x35,0xa5,0xff,0xff,0xff,0xff,
    0xff,0xff,0xff,0xff,0xd7,0xbd,0x31,0x84,0x72,0x8c,0x96,0xb5,0xff,0xff,0xff,0xff,
    0xff,0xff,0xff,0xff,0xff,0xff,0xff,0xff,0xff,0xff,0xff,0xff,0xff,0xff,0xff,0xff,
    0xff,0xff,0xff,0xff,0xff,0xff,0xff,0xff,0xff,0xff,0xff,0xff,0xff,0xff,0xff,0xff,
    0xff,0xff,0xff,0xff,0xff,0xff,0xff,0xff,0xdb,0xde,0xef,0x7b,0x34,0xa5,0xeb,0x5a,
    0x79,0xce,0xff,0xff,0xff,0xff,0xff,0xff,0xff,0xff,0xff,0xff,0xff,0xff,0xff,0xff,
    0xff,0xff,0xff,0xff,0xff,0xff,0xff,0xff,0xff,0xff,0xff,0xff,0xff,0xff,0xff,0xff,
    0xff,0xff,0xff,0xff,0xff,0xff,0xff,0xff,0xff,0xff,0xff,0xff,0xff,0xff,0xff,0xff,
    0xff,0xff,0xff,0xff,0xff,0xff,0xff,0xff,0xff,0xff,0xff,0xff,0xff,0xff,0xff,0xff,
    0xff,0xff,0xff,0xff,0xff,0xff,0xff,0xff,0xff,0xff,0xff,0xff,0xff,0xff,0xff,0xff,
    0xff,0xff,0xff,0xff,0xff,0xff,0xff,0xff,0xff,0xff,0xff,0xff,0xff,0xff,0xdf,0xff,
    0xdf,0xff,0xff,0xff,0xdf,0xff,0xdf,0xff,0xff,0xff,0xff,0xff,0xff,0xff,0xff,0xff,
    0xff,0xff,0xff,0xff,0xff,0xff,0xdf,0xff,0xff,0xff,0xdf,0xff,0xdf,0xff,0xdf,0xff,
    0xdf,0xff,0xdf,0xff,0xff,0xff,0xeb,0x5a,0x45,0x29,0xc7,0x31,0x86,0x29,0x65,0x29,
    0x66,0x29,0x86,0x31,0xa7,0x31,0x24,0x21,0x9a,0xd6,0xff,0xff,0xff,0xff,0xff,0xff,
    0xff,0xff,0xff,0xff,0xff,0xff,0xff,0xff,0xff,0xff,0xff,0xff,0xff,0xff,0xff,0xff,
    0xff,0xff,0xff,0xff,0xdf,0xff,0xdf,0xff,0xff,0xff,0xdf,0xff,0xdf,0xff,0xff,0xff,
    0xdf,0xff,0xff,0xff,0xff,0xff,0xff,0xff,0xff,0xff,0xff,0xff,0xff,0xff,0xff,0xff,
    0xff,0xff,0xff,0xff,0xff,0xff,0xff,0xff,0xff,0xff,0xff,0xff,0xff,0xff,0xff,0xff,
    0xff,0xff,0xff,0xff,0xff,0xff,0xff,0xff,0xff,0xff,0xff,0xff,0xff,0xff,0xff,0xff,
    0xff,0xff,0xff,0xff,0xff,0xff,0xff,0xff,0xff,0xff,0xff,0xff,0xff,0xff,0xff,0xff,
    0xff,0xff,0xff,0xff,0xff,0xff,0xff,0xff,0xff,0xff,0xff,0xff,0xff,0xff,0xff,0xff,
    0xff,0xff,0xff,0xff,0xff,0xff,0xff,0xff,0xff,0xff,0xff,0xff,0xff,0xff,0xff,0xff,
    0xff,0xff,0xff,0xff,0xff,0xff,0xff,0xff,0xff,0xff,0xff,0xff,0xff,0xff,0xff,0xff,
    0xff,0xff,0xff,0xff,0xff,0xff,0xff,0xff,0xff,0xff,0xff,0xff,0xff,0xff,0xff,0xff,
    0xff,0xff,0xff,0xff,0xff,0xff,0xff,0xff,0xff,0xff,0x8f,0x6b,0xaf,0x3a,0x11,0x3b,
    0x93,0x43,0xd5,0x4b,0xd5,0x43,0xb5,0x43,0xd5,0x43,0xd5,0x43,0xd5,0x43,0xd5,0x43,
    0xd5,0x43,0xd5,0x43,0xd5,0x43,0xd5,0x43,0xd5,0x43,0xd5,0x43,0xd5,0x43,0xd5,0x43,
    0xb5,0x43,0xb5,0x43,0xb5,0x43,0xb5,0x43,0xd5,0x43,0xd5,0x43,0xd5,0x43,0xd5,0x43,
    0xd5,0x43,0xd5,0x43,0xd5,0x43,0xd5,0x43,0xd5,0x43,0xd5,0x43,0x16,0x4c,0xb7,0x74,
    0xca,0x29,0xcf,0x3a,0xaf,0x3a,0x8e,0x32,0x0b,0x2a,0xcc,0x52,0x7d,0xef,0xff,0xff,
    0xff,0xff,0xff,0xff,0xd7,0xbd,0x51,0x84,0x72,0x8c,0x96,0xb5,0xff,0xff,0xff,0xff,
    0xff,0xff,0xff,0xff,0xff,0xff,0xff,0xff,0xff,0xff,0xff,0xff,0xff,0xff,0xff,0xff,
    0xff,0xff,0xff,0xff,0xff,0xff,0xff,0xff,0xff,0xff,0xff,0xff,0xff,0xff,0xff,0xff,
    0xff,0xff,0xff,0xff,0xff,0xff,0xff,0xff,0x1b,0xdf,0x10,0x7c,0xb6,0xb5,0x4d,0x6b,
    0xba,0xd6,0xff,0xff,0xff,0xff,0xff,0xff,0xff,0xff,0xff,0xff,0xff,0xff,0xff,0xff,
    0xff,0xff,0xff,0xff,0xff,0xff,0xff,0xff,0xff,0xff,0xff,0xff,0xff,0xff,0xff,0xff,
    0xff,0xff,0xff,0xff,0xff,0xff,0xff,0xff,0xff,0xff,0xff,0xff,0xff,0xff,0xff,0xff,
    0xff,0xff,0xff,0xff,0xff,0xff,0xff,0xff,0xff,0xff,0xff,0xff,0xff,0xff,0xff,0xff,
    0xff,0xff,0xff,0xff,0xff,0xff,0xff,0xff,0xff,0xff,0xff,0xff,0xff,0xff,0xff,0xff,
    0xff,0xff,0xff,0xff,0xff,0xff,0xff,0xff,0xff,0xff,0xff,0xff,0xff,0xff,0xff,0xff,
    0xff,0xff,0xff,0xff,0xff,0xff,0xff,0xff,0xff,0xff,0xff,0xff,0xff,0xff,0xff,0xff,
    0xff,0xff,0xff,0xff,0xff,0xff,0xff,0xff,0xff,0xff,0xff,0xff,0xff,0xff,0xff,0xff,
    0xff,0xff,0xff,0xff,0xff,0xff,0x6d,0x6b,0xc3,0x18,0x04,0x21,0xe3,0x18,0xe3,0x18,
    0xe3,0x18,0xe3,0x20,0x03,0x21,0xa6,0x31,0x1c,0xe7,0xff,0xff,0xff,0xff,0xff,0xff,
    0xff,0xff,0xff,0xff,0xff,0xff,0xff,0xff,0xff,0xff,0xff,0xff,0xff,0xff,0xff,0xff,
    0xff,0xff,0xff,0xff,0xff,0xff,0xff,0xff,0xff,0xff,0xff,0xff,0xff,0xff,0xff,0xff,
    0xff,0xff,0xff,0xff,0xff,0xff,0xff,0xff,0xff,0xff,0xff,0xff,0xff,0xff,0xff,0xff,
    0xff,0xff,0xff,0xff,0xff,0xff,0xff,0xff,0xff,0xff,0xff,0xff,0xff,0xff,0xff,0xff,
    0xff,0xff,0xff,0xff,0xff,0xff,0xff,0xff,0xff,0xff,0xff,0xff,0xff,0xff,0xff,0xff,
    0xff,0xff,0xff,0xff,0xff,0xff,0xff,0xff,0xff,0xff,0xff,0xff,0xff,0xff,0xff,0xff,
    0xff,0xff,0xff,0xff,0xff,0xff,0xff,0xff,0xff,0xff,0xff,0xff,0xff,0xff,0xff,0xff,
    0xff,0xff,0xff,0xff,0xff,0xff,0xff,0xff,0xff,0xff,0xff,0xff,0xff,0xff,0xff,0xff,
    0xff,0xff,0xff,0xff,0xff,0xff,0xff,0xff,0xff,0xff,0xff,0xff,0xff,0xff,0xff,0xff,
    0xff,0xff,0xff,0xff,0xff,0xff,0xff,0xff,0xff,0xff,0xff,0xff,0xff,0xff,0xff,0xff,
    0xff,0xff,0xff,0xff,0xff,0xff,0xff,0xff,0xff,0xff,0x8f,0x6b,0xaf,0x3a,0x10,0x3b,
    0x93,0x43,0xd5,0x4b,0xd5,0x43,0xd5,0x43,0xd5,0x43,0xd5,0x43,0xb5,0x43,0xb5,0x43,
    0xb5,0x43,0xd5,0x43,0xd5,0x43,0xd5,0x43,0xd5,0x43,0xb5,0x43,0xb5,0x43,0xb5,0x43,
    0xb5,0x43,0xb5,0x43,0xb5,0x43,0xb5,0x43,0xd5,0x43,0xd5,0x43,0xd5,0x43,0xd5,0x43,
    0xd5,0x43,0xd5,0x43,0xd5,0x43,0xd5,0x43,0xd5,0x4b,0xd5,0x4b,0x16,0x4c,0xd8,0x74,
    0xa9,0x21,0xae,0x3a,0xaf,0x3a,0xcf,0x3a,0x4c,0x32,0xac,0x4a,0x3c,0xe7,0xff,0xff,
    0xdf,0xff,0xff,0xff,0xd7,0xbd,0x51,0x84,0x71,0x8c,0x96,0xb5,0xff,0xff,0xff,0xff,
    0xff,0xff,0xff,0xff,0x9d,0xf7,0x1c,0xe7,0xba,0xd6,0xba,0xd6,0xfb,0xde,0x5d,0xef,
    0xdf,0xff,0xff,0xff,0xff,0xff,0xff,0xff,0xff,0xff,0xff,0xff,0xff,0xff,0xff,0xff,
    0xff,0xff,0xff,0xff,0xff,0xff,0xff,0xff,0x18,0xc6,0x8a,0x52,0xcf,0x7b,0x49,0x4a,
    0x55,0xad,0xff,0xff,0xff,0xff,0xff,0xff,0xff,0xff,0xff,0xff,0xff,0xff,0xff,0xff,
    0xff,0xff,0xff,0xff,0xff,0xff,0xff,0xff,0xff,0xff,0xff,0xff,0xff,0xff,0xff,0xff,
    0xff,0xff,0xff,0xff,0xff,0xff,0xff,0xff,0xff,0xff,0xff,0xff,0xff,0xff,0xff,0xff,
    0xff,0xff,0xff,0xff,0xff,0xff,0xff,0xff,0xff,0xff,0xff,0xff,0xff,0xff,0xff,0xff,
    0xff,0xff,0xff,0xff,0xff,0xff,0xff,0xff,0xff,0xff,0xff,0xff,0xff,0xff,0xff,0xff,
    0xff,0xff,0xff,0xff,0xff,0xff,0xff,0xff,0xff,0xff,0xff,0xff,0xff,0xff,0xff,0xff,
    0xff,0xff,0xff,0xff,0xff,0xff,0xff,0xff,0xff,0xff,0xff,0xff,0xff,0xff,0xff,0xff,
    0xff,0xff,0xff,0xff,0xff,0xff,0xff,0xff,0xff,0xff,0xff,0xff,0xff,0xff,0xff,0xff,
    0xff,0xff,0xff,0xff,0xff,0xff,0x59,0xce,0x24,0x21,0x45,0x29,0x85,0x31,0xa6,0x39,
    0xa6,0x31,0xa6,0x39,0xc2,0x18,0xcf,0x7b,0xff,0xff,0xff,0xff,0xff,0xff,0xff,0xff,
    0xff,0xff,0xff,0xff,0xff,0xff,0xff,0xff,0xff,0xff,0xff,0xff,0xff,0xff,0xff,0xff,
    0xff,0xff,0xff,0xff,0xff,0xff,0xff,0xff,0xff,0xff,0xff,0xff,0xff,0xff,0xff,0xff,
    0xff,0xff,0xff,0xff,0xff,0xff,0xff,0xff,0xff,0xff,0xff,0xff,0xff,0xff,0xff,0xff,
    0xff,0xff,0xff,0xff,0xff,0xff,0xff,0xff,0xff,0xff,0xff,0xff,0xff,0xff,0xff,0xff,
    0xff,0xff,0xff,0xff,0xff,0xff,0xff,0xff,0xff,0xff,0xff,0xff,0xff,0xff,0xff,0xff,
    0xff,0xff,0xff,0xff,0xff,0xff,0xff,0xff,0xff,0xff,0xff,0xff,0xff,0xff,0xff,0xff,
    0xff,0xff,0xff,0xff,0xff,0xff,0xff,0xff,0xff,0xff,0xff,0xff,0xff,0xff,0xff,0xff,
    0xff,0xff,0xff,0xff,0xff,0xff,0xff,0xff,0xff,0xff,0xff,0xff,0xff,0xff,0xff,0xff,
    0xff,0xff,0xff,0xff,0xff,0xff,0xff,0xff,0xff,0xff,0xff,0xff,0xff,0xff,0xff,0xff,
    0xff,0xff,0xff,0xff,0xff,0xff,0xff,0xff,0xff,0xff,0xff,0xff,0xff,0xff,0xff,0xff,
    0xff,0xff,0xff,0xff,0xff,0xff,0xff,0xff,0xff,0xff,0x8f,0x6b,0xaf,0x3a,0xf0,0x3a,
    0x73,0x43,0xd5,0x4b,0xd5,0x43,0xd5,0x43,0xd5,0x43,0xd5,0x43,0xd5,0x43,0xd5,0x43,
    0xd5,0x43,0xd5,0x43,0xd5,0x43,0xd5,0x43,0xd5,0x43,0xd5,0x43,0xd5,0x43,0xb5,0x43,
    0xd5,0x43,0xd5,0x43,0xd5,0x43,0xd5,0x43,0xd5,0x43,0xd5,0x43,0xd5,0x43,0xd5,0x43,
    0xd5,0x43,0xd5,0x43,0xd5,0x43,0xd5,0x43,0xd5,0x4b,0xd5,0x4b,0x16,0x4c,0xf8,0x74,
    0xa9,0x21,0x8e,0x3a,0xaf,0x3a,0xcf,0x3a,0x6d,0x32,0xac,0x4a,0x3c,0xe7,0xff,0xff,
    0xdf,0xff,0xff,0xff,0xb6,0xb5,0x30,0x84,0x51,0x84,0x96,0xad,0xff,0xff,0xdf,0xff,
    0xb6,0xb5,0x6d,0x6b,0xeb,0x5a,0xcb,0x5a,0x0c,0x63,0x6d,0x6b,0x8e,0x73,0x4c,0x6b,
    0x6d,0x6b,0x50,0x8c,0x75,0xad,0x9e,0xf7,0xff,0xff,0xff,0xff,0xff,0xff,0xff,0xff,
    0xff,0xff,0xff,0xff,0xff,0xff,0xff,0xff,0xae,0x73,0x8e,0x73,0x31,0x84,0x10,0x84,
    0x2c,0x6b,0xba,0xd6,0xff,0xff,0xff,0xff,0xff,0xff,0xff,0xff,0xff,0xff,0xff,0xff,
    0xff,0xff,0xff,0xff,0xff,0xff,0xff,0xff,0xff,0xff,0xff,0xff,0xff,0xff,0xff,0xff,
    0xff,0xff,0xff,0xff,0xff,0xff,0xff,0xff,0xff,0xff,0xff,0xff,0xff,0xff,0xff,0xff,
    0xff,0xff,0xff,0xff,0xff,0xff,0xff,0xff,0xff,0xff,0xff,0xff,0xff,0xff,0xff,0xff,
    0xff,0xff,0xff,0xff,0xff,0xff,0xff,0xff,0xff,0xff,0xff,0xff,0xff,0xff,0xff,0xff,
    0xff,0xff,0xff,0xff,0xff,0xff,0xff,0xff,0xff,0xff,0xff,0xff,0xff,0xff,0xff,0xff,
    0xff,0xff,0xff,0xff,0xff,0xff,0xff,0xff,0xff,0xff,0xff,0xff,0xff,0xff,0xff,0xff,
    0xff,0xff,0xff,0xff,0xff,0xff,0xff,0xff,0xff,0xff,0xff,0xff,0xff,0xff,0xff,0xff,
    0xff,0xff,0xff,0xff,0xff,0xff,0xde,0xff,0xa6,0x31,0x85,0x31,0x48,0x4a,0x07,0x42,
    0x85,0x31,0xc6,0x39,0x03,0x21,0xf3,0x9c,0xff,0xff,0xff,0xff,0xff,0xff,0xff,0xff,
    0xff,0xff,0xff,0xff,0xff,0xff,0xff,0xff,0xff,0xff,0xff,0xff,0xff,0xff,0xff,0xff,
    0xff,0xff,0xff,0xff,0xff,0xff,0xff,0xff,0xff,0xff,0xff,0xff,0xff,0xff,0xff,0xff,
    0xff,0xff,0xff,0xff,0xff,0xff,0xff,0xff,0xff,0xff,0xff,0xff,0xff,0xff,0xff,0xff,
    0xff,0xff,0xff,0xff,0xff,0xff,0xff,0xff,0xff,0xff,0xff,0xff,0xff,0xff,0xff,0xff,
    0xff,0xff,0xff,0xff,0xff,0xff,0xff,0xff,0xff,0xff,0xff,0xff,0xff,0xff,0xff,0xff,
    0xff,0xff,0xff,0xff,0xff,0xff,0xff,0xff,0xff,0xff,0xff,0xff,0xff,0xff,0xff,0xff,
    0xff,0xff,0xff,0xff,0xff,0xff,0xff,0xff,0xff,0xff,0xff,0xff,0xff,0xff,0xff,0xff,
    0xff,0xff,0xff,0xff,0xff,0xff,0xff,0xff,0xff,0xff,0xff,0xff,0xff,0xff,0xff,0xff,
    0xff,0xff,0xff,0xff,0xff,0xff,0xff,0xff,0xff,0xff,0xff,0xff,0xff,0xff,0xff,0xff,
    0xff,0xff,0xff,0xff,0xff,0xff,0xff,0xff,0xff,0xff,0xff,0xff,0xff,0xff,0xff,0xff,
    0xff,0xff,0xff,0xff,0xff,0xff,0xff,0xff,0xff,0xff,0x8f,0x6b,0xae,0x3a,0xf1,0x3a,
    0x73,0x43,0xd5,0x4b,0xd5,0x43,0xd5,0x43,0xd5,0x43,0xd5,0x43,0xd5,0x43,0xd5,0x43,
    0xd5,0x43,0xd5,0x43,0xd5,0x43,0xd5,0x43,0xd5,0x43,0xb5,0x43,0xb5,0x43,0xb5,0x43,
    0xd5,0x43,0xd5,0x43,0xd5,0x43,0xd5,0x43,0xd5,0x43,0xd5,0x43,0xd5,0x43,0xd5,0x43,
    0xd5,0x43,0xd5,0x43,0xd5,0x43,0xd5,0x43,0xd5,0x4b,0xd5,0x43,0x16,0x4c,0xf8,0x7c,
    0x89,0x29,0x8e,0x32,0xcf,0x3a,0xcf,0x3a,0x6d,0x32,0xac,0x4a,0x7d,0xef,0xff,0xff,
    0xff,0xff,0xff,0xff,0x17,0xbe,0x30,0x84,0x51,0x84,0x96,0xb5,0xff,0xff,0x9a,0xd6,
    0xe7,0x39,0x08,0x42,0xe7,0x39,0xe7,0x39,0xeb,0x5a,0x8d,0x73,0x8d,0x73,0x69,0x4a,
    0x07,0x3a,0x48,0x4a,0xa5,0x31,0xd7,0xbd,0xff,0xff,0xdf,0xff,0xff,0xff,0xff,0xff,
    0xff,0xff,0xff,0xff,0xff,0xff,0x7d,0xef,0x49,0x42,0x4d,0x63,0x8f,0x6b,0x8f,0x6b,
    0x29,0x42,0x55,0xad,0xff,0xff,0xff,0xff,0xff,0xff,0xff,0xff,0xff,0xff,0xff,0xff,
    0xff,0xff,0xff,0xff,0xff,0xff,0xff,0xff,0xff,0xff,0xff,0xff,0xff,0xff,0xff,0xff,
    0xff,0xff,0xff,0xff,0xff,0xff,0xff,0xff,0xff,0xff,0xff,0xff,0xff,0xff,0xff,0xff,
    0xff,0xff,0xff,0xff,0xff,0xff,0xff,0xff,0xff,0xff,0xff,0xff,0xff,0xff,0xff,0xff,
    0xff,0xff,0xff,0xff,0xff,0xff,0xff,0xff,0xff,0xff,0xff,0xff,0xff,0xff,0xff,0xff,
    0xff,0xff,0xff,0xff,0xff,0xff,0xff,0xff,0xff,0xff,0xff,0xff,0xff,0xff,0xff,0xff,
    0xff,0xff,0xff,0xff,0xff,0xff,0xff,0xff,0xff,0xff,0xff,0xff,0xff,0xff,0xff,0xff,
    0xff,0xff,0xff,0xff,0xff,0xff,0xff,0xff,0xff,0xff,0xff,0xff,0xff,0xff,0xff,0xff,
    0xff,0xff,0xff,0xff,0xff,0xff,0xbe,0xf7,0x86,0x31,0x85,0x31,0xeb,0x5a,0xaa,0x52,
    0xc6,0x39,0xe6,0x39,0xc2,0x18,0xb2,0x94,0xff,0xff,0xff,0xff,0xff,0xff,0xff,0xff,
    0xff,0xff,0xff,0xff,0xff,0xff,0xff,0xff,0xff,0xff,0xff,0xff,0xff,0xff,0xff,0xff,
    0xff,0xff,0xff,0xff,0xff,0xff,0xff,0xff,0xff,0xff,0xff,0xff,0xff,0xff,0xff,0xff,
    0xff,0xff,0xff,0xff,0xff,0xff,0xff,0xff,0xff,0xff,0xff,0xff,0xff,0xff,0xff,0xff,
    0xff,0xff,0xff,0xff,0xff,0xff,0xff,0xff,0xff,0xff,0xff,0xff,0xff,0xff,0xff,0xff,
    0xff,0xff,0xff,0xff,0xff,0xff,0xff,0xff,0xff,0xff,0xff,0xff,0xff,0xff,0xff,0xff,
    0xff,0xff,0xff,0xff,0xff,0xff,0xff,0xff,0xff,0xff,0xff,0xff,0xff,0xff,0xff,0xff,
    0xff,0xff,0xff,0xff,0xff,0xff,0xff,0xff,0xff,0xff,0xff,0xff,0xff,0xff,0xff,0xff,
    0xff,0xff,0xff,0xff,0xff,0xff,0xff,0xff,0xff,0xff,0xff,0xff,0xff,0xff,0xff,0xff,
    0xff,0xff,0xff,0xff,0xff,0xff,0xff,0xff,0xff,0xff,0xff,0xff,0xff,0xff,0xff,0xff,
    0xff,0xff,0xff,0xff,0xff,0xff,0xff,0xff,0xff,0xff,0xff,0xff,0xff,0xff,0xff,0xff,
    0xff,0xff,0xff,0xff,0xff,0xff,0xff,0xff,0xff,0xff,0x8f,0x6b,0xae,0x3a,0xf0,0x3a,
    0x73,0x43,0xd5,0x4b,0xd5,0x43,0xd5,0x43,0xb5,0x43,0xd5,0x43,0xb5,0x43,0xb5,0x43,
    0xb5,0x43,0xd5,0x43,0xd5,0x43,0xd5,0x43,0xd5,0x43,0xd5,0x43,0xd5,0x43,0xd5,0x43,
    0xb5,0x43,0xb5,0x43,0xd5,0x43,0xd5,0x43,0xd5,0x43,0xd5,0x43,0xd5,0x43,0xd5,0x43,
    0xd5,0x43,0xd5,0x43,0xd5,0x43,0xd5,0x43,0xd5,0x43,0xd5,0x43,0xf6,0x4b,0xf9,0x7c,
    0xa9,0x29,0x8e,0x32,0xcf,0x3a,0xef,0x3a,0x8e,0x32,0xac,0x4a,0xfb,0xde,0xba,0xd6,
    0xd3,0x94,0x55,0xad,0x10,0x7c,0x4d,0x63,0x4d,0x63,0xd3,0x9c,0x7d,0xef,0x75,0xad,
    0xa6,0x31,0x28,0x42,0x49,0x42,0x49,0x42,0x69,0x4a,0x8a,0x52,0x8a,0x52,0x49,0x4a,
    0x49,0x42,0x48,0x4a,0x65,0x31,0xb6,0xb5,0xff,0xff,0xff,0xff,0xff,0xff,0xff,0xff,
    0xff,0xff,0xff,0xff,0xff,0xff,0xb6,0xb5,0xc9,0x21,0x51,0x43,0x10,0x3b,0x10,0x43,
    0x2b,0x32,0xb0,0x73,0xff,0xff,0xff,0xff,0xff,0xff,0xff,0xff,0xff,0xff,0xff,0xff,
    0xff,0xff,0xff,0xff,0xff,0xff,0xff,0xff,0xff,0xff,0xff,0xff,0xff,0xff,0xff,0xff,
    0xff,0xff,0xff,0xff,0xff,0xff,0xff,0xff,0xff,0xff,0xff,0xff,0xff,0xff,0xff,0xff,
    0xff,0xff,0xff,0xff,0xff,0xff,0xff,0xff,0xff,0xff,0xff,0xff,0xff,0xff,0xff,0xff,
    0xff,0xff,0xff,0xff,0xff,0xff,0xff,0xff,0xff,0xff,0xff,0xff,0xff,0xff,0xff,0xff,
    0xff,0xff,0xff,0xff,0xff,0xff,0xff,0xff,0xff,0xff,0xff,0xff,0xff,0xff,0xff,0xff,
    0xff,0xff,0xff,0xff,0xff,0xff,0xff,0xff,0xff,0xff,0xff,0xff,0xff,0xff,0xff,0xff,
    0xff,0xff,0xff,0xff,0xff,0xff,0xff,0xff,0xff,0xff,0xff,0xff,0xff,0xff,0xff,0xff,
    0xff,0xff,0xff,0xff,0xff,0xff,0xbe,0xf7,0x86,0x31,0x85,0x31,0x0b,0x63,0xaa,0x5a,
    0xc6,0x39,0xe7,0x39,0xc2,0x18,0x92,0x94,0xff,0xff,0xff,0xff,0xff,0xff,0xff,0xff,
    0xff,0xff,0xff,0xff,0xff,0xff,0xff,0xff,0xff,0xff,0xff,0xff,0xff,0xff,0xff,0xff,
    0xff,0xff,0xff,0xff,0xff,0xff,0xff,0xff,0xff,0xff,0xff,0xff,0xff,0xff,0xff,0xff,
    0xff,0xff,0xff,0xff,0xff,0xff,0xff,0xff,0xff,0xff,0xff,0xff,0xff,0xff,0xff,0xff,
    0xff,0xff,0xff,0xff,0xff,0xff,0xff,0xff,0xff,0xff,0xff,0xff,0xff,0xff,0xff,0xff,
    0xff,0xff,0xff,0xff,0xff,0xff,0xff,0xff,0xff,0xff,0xff,0xff,0xff,0xff,0xff,0xff,
    0xff,0xff,0xff,0xff,0xff,0xff,0xff,0xff,0xff,0xff,0xff,0xff,0xff,0xff,0xff,0xff,
    0xff,0xff,0xff,0xff,0xff,0xff,0xff,0xff,0xff,0xff,0xff,0xff,0xff,0xff,0xff,0xff,
    0xff,0xff,0xff,0xff,0xff,0xff,0xff,0xff,0xff,0xff,0xff,0xff,0xff,0xff,0xff,0xff,
    0xff,0xff,0xff,0xff,0xff,0xff,0xff,0xff,0xff,0xff,0xff,0xff,0xff,0xff,0xff,0xff,
    0xff,0xff,0xff,0xff,0xff,0xff,0xff,0xff,0xff,0xff,0xff,0xff,0xff,0xff,0xff,0xff,
    0xff,0xff,0xff,0xff,0xff,0xff,0xff,0xff,0xff,0xff,0x8f,0x6b,0xae,0x3a,0xf0,0x3a,
    0x73,0x43,0xd5,0x4b,0xd5,0x43,0xd5,0x43,0xb5,0x43,0xd5,0x43,0xd5,0x43,0xd5,0x43,
    0xd5,0x43,0xd5,0x43,0xd5,0x43,0xd5,0x43,0xd5,0x43,0xd5,0x43,0xd5,0x43,0xd5,0x43,
    0xb5,0x43,0xb5,0x43,0xd5,0x43,0xd5,0x43,0xd5,0x43,0xd5,0x43,0xd5,0x43,0xd5,0x43,
    0xd5,0x43,0xd5,0x43,0xd5,0x43,0xd5,0x43,0xd5,0x43,0xd5,0x43,0xd5,0x4b,0xf9,0x7c,
    0xa9,0x29,0x8d,0x32,0xef,0x3a,0xef,0x3a,0xcf,0x3a,0x2a,0x3a,0xae,0x7b,0x0c,0x63,
    0x86,0x29,0xa6,0x39,0xa6,0x31,0xa6,0x31,0xa6,0x31,0xc7,0x39,0x28,0x42,0x49,0x4a,
    0x29,0x42,0x8e,0x73,0xd7,0xbd,0x18,0xbe,0xd8,0xbd,0xb7,0xb5,0xb7,0xb5,0x96,0xb5,
    0x2c,0x63,0x07,0x42,0x85,0x31,0x6d,0x6b,0x55,0xad,0x96,0xb5,0x59,0xce,0xbe,0xf7,
    0xff,0xff,0xff,0xff,0xff,0xff,0xd7,0xbd,0x4c,0x2a,0x16,0x5c,0xb4,0x4b,0xd4,0x4b,
    0xef,0x42,0x0a,0x32,0xdb,0xde,0xff,0xff,0xff,0xff,0xff,0xff,0xff,0xff,0xff,0xff,
    0xff,0xff,0xff,0xff,0xff,0xff,0xff,0xff,0xff,0xff,0xff,0xff,0xff,0xff,0xff,0xff,
    0xff,0xff,0xff,0xff,0xff,0xff,0xff,0xff,0xff,0xff,0xff,0xff,0xff,0xff,0xff,0xff,
    0xff,0xff,0xff,0xff,0xff,0xff,0xff,0xff,0xff,0xff,0xff,0xff,0xff,0xff,0xff,0xff,
    0xff,0xff,0xff,0xff,0xff,0xff,0xff,0xff,0xff,0xff,0xff,0xff,0xff,0xff,0xff,0xff,
    0xff,0xff,0xff,0xff,0xff,0xff,0xff,0xff,0xff,0xff,0xff,0xff,0xff,0xff,0xff,0xff,
    0xff,0xff,0xff,0xff,0xff,0xff,0xff,0xff,0xff,0xff,0xff,0xff,0xff,0xff,0xff,0xff,
    0xff,0xff,0xff,0xff,0xff,0xff,0xff,0xff,0xff,0xff,0xff,0xff,0xff,0xff,0xff,0xff,
    0xff,0xff,0xff,0xff,0xff,0xff,0xbe,0xf7,0x86,0x31,0x85,0x31,0x2b,0x63,0xeb,0x5a,
    0xc6,0x39,0xe7,0x39,0xc2,0x18,0x91,0x94,0xff,0xff,0xff,0xff,0xff,0xff,0xff,0xff,
    0xff,0xff,0xff,0xff,0xff,0xff,0xff,0xff,0xff,0xff,0xff,0xff,0xff,0xff,0xff,0xff,
    0xff,0xff,0xff,0xff,0xff,0xff,0xff,0xff,0xff,0xff,0xff,0xff,0xff,0xff,0xff,0xff,
    0xff,0xff,0xff,0xff,0xff,0xff,0xff,0xff,0xff,0xff,0xff,0xff,0xff,0xff,0xff,0xff,
    0xff,0xff,0xff,0xff,0xff,0xff,0xff,0xff,0xff,0xff,0xff,0xff,0xff,0xff,0xff,0xff,
    0xff,0xff,0xff,0xff,0xff,0xff,0xff,0xff,0xff,0xff,0xff,0xff,0xff,0xff,0xff,0xff,
    0xff,0xff,0xff,0xff,0xff,0xff,0xff,0xff,0xff,0xff,0xff,0xff,0xff,0xff,0xff,0xff,
    0xff,0xff,0xff,0xff,0xff,0xff,0xff,0xff,0xff,0xff,0xff,0xff,0xff,0xff,0xff,0xff,
    0xff,0xff,0xff,0xff,0xff,0xff,0xff,0xff,0xff,0xff,0xff,0xff,0xff,0xff,0xff,0xff,
    0xff,0xff,0xff,0xff,0xff,0xff,0xff,0xff,0xff,0xff,0xff,0xff,0xff,0xff,0xff,0xff,
    0xff,0xff,0xff,0xff,0xff,0xff,0xff,0xff,0xff,0xff,0xff,0xff,0xff,0xff,0xff,0xff,
    0xff,0xff,0xff,0xff,0xff,0xff,0xff,0xff,0xff,0xff,0x8f,0x6b,0xae,0x3a,0xf0,0x3a,
    0x73,0x43,0xd5,0x43,0xd5,0x43,0xd5,0x43,0xd5,0x43,0xd5,0x43,0xd5,0x43,0xd5,0x43,
    0xd5,0x43,0xd5,0x43,0xd5,0x43,0xd5,0x43,0xd5,0x43,0xd5,0x43,0xd5,0x43,0xd5,0x43,
    0xd5,0x43,0xd5,0x43,0xd5,0x43,0xd5,0x43,0xd5,0x43,0xb5,0x43,0xb5,0x43,0xb5,0x43,
    0xd5,0x43,0xd5,0x43,0xd5,0x43,0xd5,0x43,0xd5,0x43,0xd5,0x43,0xd5,0x4b,0x19,0x7d,
    0xa9,0x29,0x8d,0x32,0xf0,0x3a,0xf0,0x3a,0xae,0x32,0xec,0x52,0x3c,0xe7,0x7d,0xef,
    0xba,0xd6,0x59,0xce,0x71,0x8c,0xec,0x5a,0xcb,0x52,0x8d,0x6b,0x34,0xa5,0x10,0x84,
    0x69,0x4a,0xb2,0x94,0xd3,0x94,0x30,0x84,0xae,0x73,0xae,0x73,0xae,0x73,0xaf,0x73,
    0xeb,0x5a,0x86,0x31,0x48,0x42,0xcb,0x5a,0x8a,0x52,0xcb,0x5a,0xeb,0x5a,0x9a,0xd6,
    0xff,0xff,0xdf,0xff,0xff,0xff,0x18,0xc6,0x0b,0x2a,0xd5,0x53,0x93,0x43,0xb3,0x4b,
    0x10,0x43,0x68,0x19,0x93,0x8c,0xff,0xff,0xff,0xff,0xff,0xff,0xff,0xff,0xff,0xff,
    0xff,0xff,0xff,0xff,0xff,0xff,0xff,0xff,0xff,0xff,0xff,0xff,0xff,0xff,0xff,0xff,
    0xff,0xff,0xff,0xff,0xff,0xff,0xff,0xff,0xff,0xff,0xff,0xff,0xff,0xff,0xff,0xff,
    0xff,0xff,0xff,0xff,0xff,0xff,0xff,0xff,0xff,0xff,0xff,0xff,0xff,0xff,0xff,0xff,
    0xff,0xff,0xff,0xff,0xff,0xff,0xff,0xff,0xff,0xff,0xff,0xff,0xff,0xff,0xff,0xff,
    0xff,0xff,0xff,0xff,0xff,0xff,0xff,0xff,0xff,0xff,0xff,0xff,0xff,0xff,0xff,0xff,
    0xff,0xff,0xff,0xff,0xff,0xff,0xff,0xff,0xff,0xff,0xff,0xff,0xff,0xff,0xff,0xff,
    0xff,0xff,0xff,0xff,0xff,0xff,0xff,0xff,0xff,0xff,0xff,0xff,0xff,0xff,0xff,0xff,
    0xff,0xff,0xff,0xff,0xff,0xff,0xbe,0xf7,0x86,0x31,0xa5,0x31,0x2c,0x6b,0x0b,0x63,
    0xe7,0x41,0x07,0x42,0xc2,0x18,0x71,0x8c,0xff,0xff,0xff,0xff,0xff,0xff,0xff,0xff,
    0xff,0xff,0xff,0xff,0xff,0xff,0xff,0xff,0xff,0xff,0xff,0xff,0xff,0xff,0xff,0xff,
    0xff,0xff,0xff,0xff,0xff,0xff,0xff,0xff,0xff,0xff,0xff,0xff,0xff,0xff,0xff,0xff,
    0xff,0xff,0xff,0xff,0xff,0xff,0xff,0xff,0xff,0xff,0xff,0xff,0xff,0xff,0xff,0xff,
    0xff,0xff,0xff,0xff,0xff,0xff,0xff,0xff,0xff,0xff,0xff,0xff,0xff,0xff,0xff,0xff,
    0xff,0xff,0xff,0xff,0xff,0xff,0xff,0xff,0xff,0xff,0xff,0xff,0xff,0xff,0xff,0xff,
    0xff,0xff,0xff,0xff,0xff,0xff,0xff,0xff,0xff,0xff,0xff,0xff,0xff,0xff,0xff,0xff,
    0xff,0xff,0xff,0xff,0xff,0xff,0xff,0xff,0xff,0xff,0xff,0xff,0xff,0xff,0xff,0xff,
    0xff,0xff,0xff,0xff,0xff,0xff,0xff,0xff,0xff,0xff,0xff,0xff,0xff,0xff,0xff,0xff,
    0xff,0xff,0xff,0xff,0xff,0xff,0xff,0xff,0xff,0xff,0xff,0xff,0xff,0xff,0xff,0xff,
    0xff,0xff,0xff,0xff,0xff,0xff,0xff,0xff,0xff,0xff,0xff,0xff,0xff,0xff,0xff,0xff,
    0xff,0xff,0xff,0xff,0xff,0xff,0xff,0xff,0xff,0xff,0x8f,0x6b,0xae,0x3a,0xf0,0x3a,
    0x73,0x43,0xd5,0x43,0xd5,0x43,0xd5,0x43,0xd5,0x43,0xd5,0x43,0xd5,0x43,0xd5,0x43,
    0xd5,0x43,0xd5,0x43,0xd5,0x43,0xd5,0x43,0xd5,0x43,0xb5,0x43,0xb5,0x43,0xd5,0x43,
    0xd5,0x43,0xd5,0x43,0xd5,0x43,0xd5,0x43,0xd5,0x43,0xd5,0x43,0xd5,0x43,0xd5,0x43,
    0xd5,0x43,0xd5,0x43,0xd5,0x43,0xd5,0x43,0xd5,0x43,0xb5,0x43,0xf6,0x4b,0x1a,0x7d,
    0xa9,0x29,0x8d,0x32,0xf0,0x3a,0x10,0x3b,0xae,0x32,0x0d,0x53,0x9e,0xf7,0xff,0xff,
    0xff,0xff,0xff,0xff,0xf7,0xbd,0x51,0x84,0x51,0x84,0x96,0xb5,0xff,0xff,0xdf,0xff,
    0x34,0xa5,0x6d,0x6b,0x8a,0x52,0x2c,0x63,0x10,0x7c,0xcf,0x73,0xae,0x73,0x49,0x4a,
    0x89,0x4a,0x0c,0x63,0x54,0xad,0x9a,0xd6,0xfb,0xde,0x1c,0xe7,0x3c,0xe7,0xff,0xff,
    0xff,0xff,0xdf,0xff,0xff,0xff,0x38,0xc6,0x0b,0x2a,0xf5,0x53,0xb4,0x4b,0xd4,0x4b,
    0xf0,0x42,0x0b,0x2a,0xac,0x42,0x7d,0xe7,0xff,0xff,0xff,0xff,0xff,0xff,0xff,0xff,
    0xff,0xff,0xff,0xff,0xff,0xff,0xff,0xff,0xff,0xff,0xff,0xff,0xff,0xff,0xff,0xff,
    0xff,0xff,0xff,0xff,0xff,0xff,0xff,0xff,0xff,0xff,0xff,0xff,0xff,0xff,0xff,0xff,
    0xff,0xff,0xff,0xff,0xff,0xff,0xff,0xff,0xff,0xff,0xff,0xff,0xff,0xff,0xff,0xff,
    0xff,0xff,0xff,0xff,0xff,0xff,0xff,0xff,0xff,0xff,0xff,0xff,0xff,0xff,0xff,0xff,
    0xff,0xff,0xff,0xff,0xff,0xff,0xff,0xff,0xff,0xff,0xff,0xff,0xff,0xff,0xff,0xff,
    0xff,0xff,0xff,0xff,0xff,0xff,0xff,0xff,0xff,0xff,0xff,0xff,0xff,0xff,0xff,0xff,
    0xff,0xff,0xff,0xff,0xff,0xff,0xff,0xff,0xff,0xff,0xff,0xff,0xff,0xff,0xff,0xff,
    0xff,0xff,0xff,0xff,0xff,0xff,0xbe,0xf7,0x86,0x31,0xa6,0x31,0x4c,0x6b,0x0b,0x63,
    0xe7,0x41,0x07,0x42,0xc2,0x18,0x71,0x8c,0xff,0xff,0xff,0xff,0xff,0xff,0xff,0xff,
    0xff,0xff,0xff,0xff,0xff,0xff,0xff,0xff,0xff,0xff,0xff,0xff,0xff,0xff,0xff,0xff,
    0xff,0xff,0xff,0xff,0xff,0xff,0xff,0xff,0xff,0xff,0xff,0xff,0xff,0xff,0xff,0xff,
    0xff,0xff,0xff,0xff,0xff,0xff,0xff,0xff,0xff,0xff,0xff,0xff,0xff,0xff,0xff,0xff,
    0xff,0xff,0xff,0xff,0xff,0xff,0xff,0xff,0xff,0xff,0xff,0xff,0xff,0xff,0xff,0xff,
    0xff,0xff,0xff,0xff,0xff,0xff,0xff,0xff,0xff,0xff,0xff,0xff,0xff,0xff,0xff,0xff,
    0xff,0xff,0xff,0xff,0xff,0xff,0xff,0xff,0xff,0xff,0xff,0xff,0xff,0xff,0xff,0xff,
    0xff,0xff,0xff,0xff,0xff,0xff,0xff,0xff,0xff,0xff,0xff,0xff,0xff,0xff,0xff,0xff,
    0xff,0xff,0xff,0xff,0xff,0xff,0xff,0xff,0xff,0xff,0xff,0xff,0xff,0xff,0xff,0xff,
    0xff,0xff,0xff,0xff,0xff,0xff,0xff,0xff,0xff,0xff,0xff,0xff,0xff,0xff,0xff,0xff,
    0xff,0xff,0xff,0xff,0xff,0xff,0xff,0xff,0xff,0xff,0xff,0xff,0xff,0xff,0xff,0xff,
    0xff,0xff,0xff,0xff,0xff,0xff,0xff,0xff,0xff,0xff,0x8f,0x6b,0xae,0x3a,0xf0,0x3a,
    0x73,0x43,0xd5,0x4b,0xd5,0x43,0xd5,0x43,0xd5,0x43,0xd5,0x43,0xb5,0x43,0xd5,0x43,
    0xd5,0x43,0xd5,0x43,0xd5,0x43,0xd5,0x43,0xd5,0x43,0xd5,0x43,0xd5,0x43,0xd5,0x43,
    0xd5,0x43,0xd5,0x43,0xd5,0x43,0xb5,0x43,0xb5,0x43,0xd5,0x43,0xd5,0x43,0xd5,0x43,
    0xd5,0x43,0xd5,0x43,0xd5,0x43,0xd5,0x43,0xd5,0x43,0xb4,0x43,0xf5,0x4b,0x1a,0x7d,
    0xa9,0x29,0x8d,0x32,0x10,0x3b,0x10,0x3b,0xae,0x32,0x0d,0x5b,0x9e,0xf7,0xff,0xff,
    0x3c,0xe7,0x9d,0xf7,0x75,0xad,0x31,0x84,0x31,0x84,0x96,0xb5,0xff,0xff,0xff,0xff,
    0xff,0xff,0xff,0xff,0x96,0xb5,0x8e,0x73,0x75,0xad,0x14,0x9d,0x92,0x94,0xcf,0x7b,
    0x3c,0xe7,0xff,0xff,0xdf,0xff,0x5d,0xef,0xba,0xd6,0x79,0xce,0x9a,0xd6,0x5d,0xef,
    0xff,0xff,0xff,0xff,0xff,0xff,0x59,0xc6,0x88,0x21,0x0f,0x43,0xcf,0x3a,0xef,0x42,
    0x6c,0x3a,0x8d,0x3a,0x2b,0x32,0x55,0xa5,0xff,0xff,0xff,0xff,0xff,0xff,0xff,0xff,
    0xff,0xff,0xff,0xff,0xff,0xff,0xff,0xff,0xff,0xff,0xff,0xff,0xff,0xff,0xff,0xff,
    0xff,0xff,0xff,0xff,0xff,0xff,0xff,0xff,0xff,0xff,0xff,0xff,0xff,0xff,0xff,0xff,
    0xff,0xff,0xff,0xff,0xff,0xff,0xff,0xff,0xff,0xff,0xff,0xff,0xff,0xff,0xff,0xff,
    0xff,0xff,0xff,0xff,0xff,0xff,0xff,0xff,0xff,0xff,0xff,0xff,0xff,0xff,0xff,0xff,
    0xff,0xff,0xff,0xff,0xff,0xff,0xff,0xff,0xff,0xff,0xff,0xff,0xff,0xff,0xff,0xff,
    0xff,0xff,0xff,0xff,0xff,0xff,0xff,0xff,0xff,0xff,0xff,0xff,0xff,0xff,0xff,0xff,
    0xff,0xff,0xff,0xff,0xff,0xff,0xff,0xff,0xff,0xff,0xff,0xff,0xff,0xff,0xff,0xff,
    0xff,0xff,0xff,0xff,0xff,0xff,0xbe,0xf7,0x85,0x31,0xa6,0x31,0x4c,0x6b,0x0b,0x63,
    0xe7,0x41,0x07,0x42,0xe3,0x18,0x71,0x8c,0xff,0xff,0xff,0xff,0xff,0xff,0xff,0xff,
    0xff,0xff,0xff,0xff,0xff,0xff,0xff,0xff,0xff,0xff,0xff,0xff,0xff,0xff,0xff,0xff,
    0xff,0xff,0xff,0xff,0xff,0xff,0xff,0xff,0xff,0xff,0xff,0xff,0xff,0xff,0xff,0xff,
    0xff,0xff,0xff,0xff,0xff,0xff,0xff,0xff,0xff,0xff,0xff,0xff,0xff,0xff,0xff,0xff,
    0xff,0xff,0xff,0xff,0xff,0xff,0xff,0xff,0xff,0xff,0xff,0xff,0xff,0xff,0xff,0xff,
    0xff,0xff,0xff,0xff,0xff,0xff,0xff,0xff,0xff,0xff,0xff,0xff,0xff,0xff,0xff,0xff,
    0xff,0xff,0xff,0xff,0xff,0xff,0xff,0xff,0xff,0xff,0xff,0xff,0xff,0xff,0xff,0xff,
    0xff,0xff,0xff,0xff,0xff,0xff,0xff,0xff,0xff,0xff,0xff,0xff,0xff,0xff,0xff,0xff,
    0xff,0xff,0xff,0xff,0xff,0xff,0xff,0xff,0xff,0xff,0xff,0xff,0xff,0xff,0xff,0xff,
    0xff,0xff,0xff,0xff,0xff,0xff,0xff,0xff,0xff,0xff,0xff,0xff,0xff,0xff,0xff,0xff,
    0xff,0xff,0xff,0xff,0xff,0xff,0xff,0xff,0xff,0xff,0xff,0xff,0xff,0xff,0xff,0xff,
    0xff,0xff,0xff,0xff,0xff,0xff,0xff,0xff,0xff,0xff,0x8e,0x6b,0xae,0x3a,0xf0,0x3a,
    0x93,0x43,0xd5,0x4b,0xd5,0x43,0xd5,0x43,0xd5,0x43,0xd5,0x43,0xd5,0x43,0xd5,0x4b,
    0xd5,0x4b,0xd5,0x4b,0xd5,0x43,0xd5,0x43,0xd5,0x43,0xd5,0x43,0xd5,0x43,0xd5,0x43,
    0xd5,0x43,0xd5,0x43,0xd5,0x43,0xb5,0x43,0xb5,0x43,0xd5,0x43,0xd5,0x43,0xd5,0x43,
    0xd5,0x43,0xd5,0x43,0xd5,0x43,0xd5,0x43,0xd5,0x43,0xb4,0x43,0xf5,0x4b,0x3a,0x7d,
    0xa9,0x29,0x6d,0x32,0xf0,0x3a,0x10,0x3b,0x8e,0x32,0x0e,0x5b,0x7d,0xef,0x13,0x9d,
    0x2c,0x63,0x6d,0x6b,0xca,0x52,0xcb,0x52,0xab,0x52,0xcf,0x7b,0x18,0xc6,0x59,0xce,
    0xdb,0xde,0x7d,0xef,0xf3,0x9c,0x2c,0x63,0xf3,0x9c,0xb2,0x94,0x10,0x7c,0xae,0x73,
    0xd6,0xb5,0x71,0x8c,0xef,0x7b,0x30,0x84,0x71,0x8c,0x92,0x94,0x71,0x8c,0xcf,0x7b,
    0x96,0xb5,0xff,0xff,0xff,0xff,0x3c,0xe7,0x08,0x3a,0xa7,0x31,0x4a,0x42,0x2a,0x3a,
    0x46,0x19,0x2c,0x2a,0xae,0x32,0xd0,0x73,0xff,0xff,0xff,0xff,0xff,0xff,0xff,0xff,
    0xff,0xff,0xff,0xff,0xff,0xff,0xff,0xff,0xff,0xff,0xff,0xff,0xff,0xff,0xff,0xff,
    0xff,0xff,0xff,0xff,0xff,0xff,0xff,0xff,0xff,0xff,0xff,0xff,0xff,0xff,0xff,0xff,
    0xff,0xff,0xff,0xff,0xff,0xff,0xff,0xff,0xff,0xff,0xff,0xff,0xff,0xff,0xff,0xff,
    0xff,0xff,0xff,0xff,0xff,0xff,0xff,0xff,0xff,0xff,0xff,0xff,0xff,0xff,0xff,0xff,
    0xff,0xff,0xff,0xff,0xff,0xff,0xff,0xff,0xff,0xff,0xff,0xff,0xff,0xff,0xff,0xff,
    0xff,0xff,0xff,0xff,0xff,0xff,0xff,0xff,0xff,0xff,0xff,0xff,0xff,0xff,0xff,0xff,
    0xff,0xff,0xff,0xff,0xff,0xff,0xff,0xff,0xff,0xff,0xff,0xff,0xff,0xff,0xff,0xff,
    0xff,0xff,0xff,0xff,0xff,0xff,0xbe,0xf7,0x85,0x31,0xa6,0x31,0x4c,0x6b,0x0b,0x63,
    0xe7,0x41,0x07,0x42,0xe3,0x18,0x71,0x8c,0xff,0xff,0xff,0xff,0xff,0xff,0xff,0xff,
    0xff,0xff,0xff,0xff,0xff,0xff,0xff,0xff,0xff,0xff,0xff,0xff,0xff,0xff,0xff,0xff,
    0xff,0xff,0xff,0xff,0xff,0xff,0xff,0xff,0xff,0xff,0xff,0xff,0xff,0xff,0xff,0xff,
    0xff,0xff,0xff,0xff,0xff,0xff,0xff,0xff,0xff,0xff,0xff,0xff,0xff,0xff,0xff,0xff,
    0xff,0xff,0xff,0xff,0xff,0xff,0xff,0xff,0xff,0xff,0xff,0xff,0xff,0xff,0xff,0xff,
    0xff,0xff,0xff,0xff,0xff,0xff,0xff,0xff,0xff,0xff,0xff,0xff,0xff,0xff,0xff,0xff,
    0xff,0xff,0xff,0xff,0xff,0xff,0xff,0xff,0xff,0xff,0xff,0xff,0xff,0xff,0xff,0xff,
    0xff,0xff,0xff,0xff,0xff,0xff,0xff,0xff,0xff,0xff,0xff,0xff,0xff,0xff,0xff,0xff,
    0xff,0xff,0xff,0xff,0xff,0xff,0xff,0xff,0xff,0xff,0xff,0xff,0xff,0xff,0xff,0xff,
    0xff,0xff,0xff,0xff,0xff,0xff,0xff,0xff,0xff,0xff,0xff,0xff,0xff,0xff,0xff,0xff,
    0xff,0xff,0xff,0xff,0xff,0xff,0xff,0xff,0xff,0xff,0xff,0xff,0xff,0xff,0xff,0xff,
    0xff,0xff,0xff,0xff,0xff,0xff,0xff,0xff,0xff,0xff,0x6e,0x6b,0xae,0x3a,0x10,0x3b,
    0x93,0x43,0xd5,0x4b,0xb5,0x43,0xd5,0x43,0xd5,0x43,0xb5,0x43,0xb5,0x43,0xb5,0x43,
    0xd5,0x4b,0xd5,0x4b,0xb5,0x43,0xd5,0x43,0xd5,0x43,0xd5,0x43,0xd5,0x43,0xd5,0x43,
    0xd5,0x43,0xb5,0x43,0xb5,0x43,0xb5,0x43,0xb5,0x43,0xd5,0x43,0xd5,0x43,0xb5,0x43,
    0xb5,0x43,0xb5,0x43,0xb5,0x43,0xb5,0x43,0xd5,0x43,0xb4,0x43,0xf6,0x4b,0x3a,0x7d,
    0xca,0x29,0x6d,0x32,0xf0,0x3a,0xf0,0x3a,0x6d,0x32,0x4e,0x63,0x79,0xce,0x4c,0x63,
    0x0f,0x7c,0xce,0x7b,0xae,0x73,0x6e,0x6b,0x2c,0x63,0x0c,0x63,0xcb,0x5a,0xec,0x5a,
    0x8a,0x52,0x69,0x4a,0x6d,0x6b,0x8d,0x73,0x0c,0x63,0xeb,0x5a,0xcb,0x52,0xcf,0x73,
    0x13,0x9d,0x18,0xc6,0x3c,0xe7,0xbe,0xf7,0xff,0xff,0xff,0xff,0xff,0xff,0x9a,0xd6,
    0xcb,0x5a,0xcf,0x7b,0x59,0xce,0xff,0xff,0x14,0x9d,0x2d,0x6b,0xb3,0x94,0x71,0x84,
    0x4a,0x3a,0x0c,0x2a,0x8e,0x32,0xb0,0x6b,0xff,0xff,0xff,0xff,0xff,0xff,0xff,0xff,
    0xdf,0xff,0x3c,0xe7,0xbe,0xf7,0xff,0xff,0xff,0xff,0xff,0xff,0xff,0xff,0xff,0xff,
    0xff,0xff,0xff,0xff,0xff,0xff,0xff,0xff,0xff,0xff,0xff,0xff,0xff,0xff,0xff,0xff,
    0xff,0xff,0xbe,0xf7,0xff,0xff,0xff,0xff,0xff,0xff,0xff,0xff,0xff,0xff,0xff,0xff,
    0xff,0xff,0xff,0xff,0xff,0xff,0xff,0xff,0xff,0xff,0xff,0xff,0xff,0xff,0xff,0xff,
    0xff,0xff,0xff,0xff,0xff,0xff,0xff,0xff,0xff,0xff,0xff,0xff,0xff,0xff,0xff,0xff,
    0xff,0xff,0xff,0xff,0xff,0xff,0xff,0xff,0xff,0xff,0xff,0xff,0xff,0xff,0xff,0xff,
    0xff,0xff,0xff,0xff,0xff,0xff,0xff,0xff,0xff,0xff,0xff,0xff,0xff,0xff,0xff,0xff,
    0xff,0xff,0xff,0xff,0xff,0xff,0xbe,0xf7,0xa6,0x31,0xa6,0x31,0x2c,0x6b,0xeb,0x62,
    0xe6,0x41,0x07,0x4a,0xe3,0x20,0x71,0x8c,0xff,0xff,0xff,0xff,0xff,0xff,0xff,0xff,
    0xff,0xff,0xff,0xff,0xff,0xff,0xff,0xff,0xff,0xff,0xff,0xff,0xff,0xff,0xff,0xff,
    0xff,0xff,0xff,0xff,0xff,0xff,0xff,0xff,0xff,0xff,0xff,0xff,0xff,0xff,0xff,0xff,
    0xff,0xff,0xff,0xff,0xff,0xff,0xff,0xff,0xff,0xff,0xff,0xff,0xff,0xff,0xff,0xff,
    0xff,0xff,0xff,0xff,0xff,0xff,0xff,0xff,0xff,0xff,0xff,0xff,0xff,0xff,0xff,0xff,
    0xff,0xff,0xff,0xff,0xff,0xff,0xff,0xff,0xff,0xff,0xff,0xff,0xff,0xff,0xff,0xff,
    0xff,0xff,0xff,0xff,0xff,0xff,0xff,0xff,0xff,0xff,0xff,0xff,0xff,0xff,0xff,0xff,
    0xff,0xff,0xff,0xff,0xff,0xff,0xff,0xff,0xff,0xff,0xff,0xff,0xff,0xff,0xff,0xff,
    0xff,0xff,0xff,0xff,0xff,0xff,0xff,0xff,0xff,0xff,0xff,0xff,0xff,0xff,0xff,0xff,
    0xff,0xff,0xff,0xff,0xff,0xff,0xff,0xff,0xff,0xff,0xff,0xff,0xff,0xff,0xff,0xff,
    0xff,0xff,0xff,0xff,0xff,0xff,0xff,0xff,0xff,0xff,0xff,0xff,0xff,0xff,0xff,0xff,
    0xff,0xff,0xff,0xff,0xff,0xff,0xff,0xff,0xff,0xff,0x6e,0x6b,0xce,0x3a,0x11,0x3b,
    0x93,0x43,0xd5,0x43,0xd5,0x43,0xd5,0x43,0xd5,0x43,0xb5,0x43,0xb5,0x43,0xb5,0x43,
    0xb5,0x43,0xd5,0x4b,0xb5,0x43,0xd5,0x43,0xd5,0x43,0xd5,0x43,0xd5,0x43,0xd5,0x43,
    0xd5,0x43,0xd5,0x43,0xd5,0x43,0xd5,0x43,0xd5,0x43,0xd5,0x43,0xd5,0x43,0xb5,0x43,
    0xd5,0x43,0xb5,0x43,0xd5,0x43,0xd5,0x43,0xd5,0x43,0xb4,0x43,0x16,0x54,0x5a,0x85,
    0xca,0x29,0x6d,0x32,0xf0,0x3a,0xf0,0x3a,0x6d,0x2a,0x0d,0x53,0xfb,0xde,0x6d,0x6b,
    0x92,0x8c,0x92,0x94,0x71,0x8c,0x71,0x8c,0x71,0x8c,0x51,0x8c,0x52,0x8c,0x8e,0x6b,
    0xeb,0x5a,0xf3,0x9c,0xba,0xd6,0x58,0xce,0x4d,0x6b,0xae,0x73,0xef,0x7b,0x9e,0xef,
    0xff,0xff,0xff,0xff,0xff,0xff,0xff,0xff,0xff,0xff,0xff,0xff,0xff,0xff,0xfb,0xde,
    0x4d,0x6b,0x0c,0x63,0xef,0x7b,0xff,0xff,0x58,0xc6,0xe7,0x41,0x0c,0x63,0x6a,0x4a,
    0x2b,0x32,0x8e,0x32,0x2b,0x2a,0xd0,0x6b,0xff,0xff,0xff,0xff,0xff,0xff,0xff,0xff,
    0xb7,0xbd,0x8e,0x6b,0xd2,0x94,0x1c,0xe7,0x1c,0xe7,0x1c,0xe7,0x1c,0xdf,0x1c,0xdf,
    0xfb,0xde,0xfb,0xde,0xfb,0xde,0xfb,0xde,0xfb,0xe6,0x1c,0xe7,0x1c,0xe7,0x3c,0xe7,
    0xd3,0x94,0x50,0x84,0xda,0xd6,0xff,0xff,0xff,0xff,0xff,0xff,0xff,0xff,0xff,0xff,
    0xff,0xff,0xff,0xff,0xff,0xff,0xff,0xff,0xff,0xff,0xff,0xff,0xff,0xff,0xff,0xff,
    0xff,0xff,0xff,0xff,0xff,0xff,0xff,0xff,0xff,0xff,0xff,0xff,0xff,0xff,0xff,0xff,
    0xff,0xff,0xff,0xff,0xff,0xff,0xff,0xff,0xff,0xff,0xff,0xff,0xff,0xff,0xff,0xff,
    0xff,0xff,0xff,0xff,0xff,0xff,0xff,0xff,0xff,0xff,0xff,0xff,0xff,0xff,0xff,0xff,
    0xff,0xff,0xff,0xff,0xff,0xff,0xbe,0xf7,0xa6,0x31,0xa6,0x31,0x0b,0x63,0xca,0x5a,
    0xc6,0x39,0x07,0x4a,0x03,0x21,0x71,0x94,0xff,0xff,0xff,0xff,0xff,0xff,0xff,0xff,
    0xff,0xff,0xff,0xff,0xff,0xff,0xff,0xff,0xff,0xff,0xff,0xff,0xff,0xff,0xff,0xff,
    0xff,0xff,0xff,0xff,0xff,0xff,0xff,0xff,0xff,0xff,0xff,0xff,0xff,0xff,0xff,0xff,
    0xff,0xff,0xff,0xff,0xff,0xff,0xff,0xff,0xff,0xff,0xff,0xff,0xff,0xff,0xff,0xff,
    0xff,0xff,0xff,0xff,0xff,0xff,0xff,0xff,0xff,0xff,0xff,0xff,0xff,0xff,0xff,0xff,
    0xff,0xff,0xff,0xff,0xff,0xff,0xff,0xff,0xff,0xff,0xff,0xff,0xff,0xff,0xff,0xff,
    0xff,0xff,0xff,0xff,0xff,0xff,0xff,0xff,0xff,0xff,0xff,0xff,0xff,0xff,0xff,0xff,
    0xff,0xff,0xff,0xff,0xff,0xff,0xff,0xff,0xff,0xff,0xff,0xff,0xff,0xff,0xff,0xff,
    0xff,0xff,0xff,0xff,0xff,0xff,0xff,0xff,0xff,0xff,0xff,0xff,0xff,0xff,0xff,0xff,
    0xff,0xff,0xff,0xff,0xff,0xff,0xff,0xff,0xff,0xff,0xff,0xff,0xff,0xff,0xff,0xff,
    0xff,0xff,0xff,0xff,0xff,0xff,0xff,0xff,0xff,0xff,0xff,0xff,0xff,0xff,0xff,0xff,
    0xff,0xff,0xff,0xff,0xff,0xff,0xff,0xff,0xff,0xff,0x6e,0x6b,0xce,0x3a,0x11,0x3b,
    0x93,0x43,0xd5,0x43,0xd5,0x43,0xd5,0x43,0xd5,0x43,0xb5,0x43,0xb5,0x43,0xb5,0x43,
    0xb5,0x43,0xd5,0x43,0xb5,0x43,0xd5,0x43,0xd5,0x43,0xb5,0x43,0xd5,0x43,0xd5,0x43,
    0xd5,0x43,0xd5,0x43,0xd5,0x43,0xd5,0x43,0xd5,0x43,0xd5,0x43,0xd5,0x43,0xb4,0x43,
    0xb5,0x43,0xb5,0x43,0xd5,0x43,0xd5,0x43,0xd5,0x43,0xb4,0x43,0x16,0x54,0x7b,0x85,
    0xca,0x29,0x4d,0x2a,0xef,0x3a,0xef,0x3a,0x6c,0x32,0xec,0x52,0xbe,0xf7,0x71,0x8c,
    0xeb,0x5a,0x30,0x84,0x92,0x94,0x51,0x8c,0x51,0x8c,0x30,0x84,0x11,0x84,0xab,0x52,
    0x4d,0x6b,0xf3,0x9c,0xb2,0x9c,0x92,0x94,0x0c,0x63,0x8e,0x73,0x51,0x8c,0xff,0xff,
    0xff,0xff,0xff,0xff,0xff,0xff,0xff,0xff,0xff,0xff,0xff,0xff,0xff,0xff,0xba,0xd6,
    0x69,0x4a,0xaa,0x52,0x8e,0x73,0xff,0xff,0x1c,0xe7,0x0c,0x63,0x35,0xa5,0x2e,0x63,
    0x2b,0x2a,0xef,0x3a,0xca,0x21,0x8f,0x63,0xff,0xff,0xff,0xff,0xff,0xff,0xff,0xff,
    0xb2,0x94,0xef,0x7b,0xcb,0x5a,0x6d,0x6b,0xae,0x73,0x8e,0x73,0x6d,0x6b,0x6d,0x6b,
    0x4d,0x6b,0x4d,0x6b,0x4d,0x6b,0x4d,0x63,0x4d,0x6b,0x6d,0x6b,0xae,0x73,0x8e,0x73,
    0x0c,0x5b,0x8e,0x73,0x55,0xad,0xff,0xff,0xff,0xff,0xff,0xff,0xff,0xff,0xff,0xff,
    0xff,0xff,0xff,0xff,0xff,0xff,0xff,0xff,0xff,0xff,0xff,0xff,0xff,0xff,0xff,0xff,
    0xff,0xff,0xff,0xff,0xff,0xff,0xff,0xff,0xff,0xff,0xff,0xff,0xff,0xff,0xff,0xff,
    0xff,0xff,0xff,0xff,0xff,0xff,0xff,0xff,0xff,0xff,0xff,0xff,0xff,0xff,0xff,0xff,
    0xff,0xff,0xff,0xff,0xff,0xff,0xff,0xff,0xff,0xff,0xff,0xff,0xff,0xff,0xff,0xff,
    0xff,0xff,0xff,0xff,0xff,0xff,0x9e,0xf7,0xa6,0x31,0xa6,0x31,0x0b,0x63,0xca,0x5a,
    0xc6,0x39,0x07,0x42,0x03,0x21,0x91,0x94,0xff,0xff,0xdf,0xff,0xff,0xff,0xff,0xff,
    0xff,0xff,0xff,0xff,0xff,0xff,0xff,0xff,0xff,0xff,0xff,0xff,0xff,0xff,0xff,0xff,
    0xff,0xff,0xff,0xff,0xff,0xff,0xff,0xff,0xff,0xff,0xff,0xff,0xff,0xff,0xff,0xff,
    0xff,0xff,0xff,0xff,0xff,0xff,0xff,0xff,0xff,0xff,0xff,0xff,0xff,0xff,0xff,0xff,
    0xff,0xff,0xff,0xff,0xff,0xff,0xff,0xff,0xff,0xff,0xff,0xff,0xff,0xff,0xff,0xff,
    0xff,0xff,0xff,0xff,0xff,0xff,0xff,0xff,0xff,0xff,0xff,0xff,0xff,0xff,0xff,0xff,
    0xff,0xff,0xff,0xff,0xff,0xff,0xff,0xff,0xff,0xff,0xff,0xff,0xff,0xff,0xff,0xff,
    0xff,0xff,0xff,0xff,0xff,0xff,0xff,0xff,0xff,0xff,0xff,0xff,0xff,0xff,0xff,0xff,
    0xff,0xff,0xff,0xff,0xff,0xff,0xff,0xff,0xff,0xff,0xff,0xff,0xff,0xff,0xff,0xff,
    0xff,0xff,0xff,0xff,0xff,0xff,0xff,0xff,0xff,0xff,0xff,0xff,0xff,0xff,0xff,0xff,
    0xff,0xff,0xff,0xff,0xff,0xff,0xff,0xff,0xff,0xff,0xff,0xff,0xff,0xff,0xff,0xff,
    0xff,0xff,0xff,0xff,0xff,0xff,0xff,0xff,0xff,0xff,0x6e,0x6b,0xcf,0x3a,0x11,0x3b,
    0x73,0x43,0xd5,0x43,0xb5,0x43,0xb5,0x43,0xb5,0x43,0xb5,0x43,0xb5,0x43,0xb5,0x43,
    0xb5,0x43,0xd5,0x43,0xd5,0x43,0xd5,0x43,0xd5,0x43,0xd5,0x43,0xd5,0x43,0xd5,0x43,
    0xd5,0x43,0xd5,0x43,0xd5,0x43,0xd5,0x43,0xd5,0x43,0xd5,0x43,0xb5,0x43,0xb4,0x43,
    0xb4,0x43,0xb5,0x43,0xb5,0x43,0xb5,0x43,0xd5,0x43,0xb4,0x43,0x36,0x54,0x7b,0x85,
    0xc9,0x29,0x4c,0x32,0xcf,0x3a,0xea,0x29,0x46,0x19,0x08,0x3a,0x3c,0xe7,0xbe,0xf7,
    0xd7,0xbd,0x0c,0x63,0xae,0x73,0xab,0x52,0xcb,0x5a,0x0c,0x63,0x6e,0x6b,0x4d,0x6b,
    0x2c,0x63,0x17,0xc6,0x7d,0xef,0xff,0xff,0xb6,0xb5,0x2c,0x63,0x96,0xb5,0xff,0xff,
    0xff,0xff,0xff,0xff,0xff,0xff,0xff,0xff,0xff,0xff,0xff,0xff,0xff,0xff,0xf3,0x9c,
    0xab,0x52,0x6e,0x6b,0xab,0x52,0xdf,0xff,0x5d,0xef,0x8e,0x73,0xb7,0xb5,0x8f,0x6b,
    0x0b,0x2a,0x31,0x43,0xca,0x21,0x8e,0x6b,0xff,0xff,0xff,0xff,0xff,0xff,0xff,0xff,
    0x91,0x94,0xcf,0x73,0x29,0x42,0x2c,0x63,0xcf,0x7b,0x10,0x84,0xf0,0x7b,0x6e,0x6b,
    0x6e,0x6b,0x8e,0x73,0xae,0x73,0x8e,0x73,0xae,0x73,0xae,0x73,0xef,0x7b,0x8e,0x73,
    0x2c,0x63,0xef,0x7b,0x34,0xa5,0xff,0xff,0xdf,0xff,0xff,0xff,0xff,0xff,0xff,0xff,
    0xff,0xff,0xff,0xff,0xff,0xff,0xdf,0xff,0xff,0xff,0xff,0xff,0xff,0xff,0xff,0xff,
    0xff,0xff,0xff,0xff,0xff,0xff,0xff,0xff,0xff,0xff,0xff,0xff,0xff,0xff,0xff,0xff,
    0xff,0xff,0xff,0xff,0xff,0xff,0xff,0xff,0xff,0xff,0xff,0xff,0xff,0xff,0xff,0xff,
    0xff,0xff,0xff,0xff,0xff,0xff,0xff,0xff,0xff,0xff,0xff,0xff,0xff,0xff,0xff,0xff,
    0xff,0xff,0xff,0xff,0xff,0xff,0xff,0xff,0xe7,0x41,0xc6,0x39,0x4c,0x6b,0xeb,0x62,
    0xc6,0x41,0x07,0x4a,0x03,0x21,0xb2,0x94,0xff,0xff,0xff,0xff,0xff,0xff,0xff,0xff,
    0xff,0xff,0xff,0xff,0xff,0xff,0xff,0xff,0xff,0xff,0xff,0xff,0xff,0xff,0xff,0xff,
    0xff,0xff,0xff,0xff,0xff,0xff,0xff,0xff,0xff,0xff,0xff,0xff,0xff,0xff,0xff,0xff,
    0xff,0xff,0xff,0xff,0xff,0xff,0xff,0xff,0xff,0xff,0xff,0xff,0xff,0xff,0xff,0xff,
    0xff,0xff,0xff,0xff,0xff,0xff,0xff,0xff,0xff,0xff,0xff,0xff,0xff,0xff,0xff,0xff,
    0xff,0xff,0xff,0xff,0xff,0xff,0xff,0xff,0xff,0xff,0xff,0xff,0xff,0xff,0xff,0xff,
    0xff,0xff,0xff,0xff,0xff,0xff,0xff,0xff,0xff,0xff,0xff,0xff,0xff,0xff,0xff,0xff,
    0xff,0xff,0xff,0xff,0xff,0xff,0xff,0xff,0xff,0xff,0xff,0xff,0xff,0xff,0xff,0xff,
    0xff,0xff,0xff,0xff,0xff,0xff,0xff,0xff,0xff,0xff,0xff,0xff,0xff,0xff,0xff,0xff,
    0xff,0xff,0xff,0xff,0xff,0xff,0xff,0xff,0xff,0xff,0xff,0xff,0xba,0xde,0x71,0x94,
    0xf3,0x9c,0x9e,0xf7,0xff,0xff,0xff,0xff,0xff,0xff,0xff,0xff,0xff,0xff,0xff,0xff,
    0xff,0xff,0xdf,0xff,0xdf,0xff,0xff,0xff,0xff,0xff,0x6e,0x6b,0xcf,0x3a,0x31,0x3b,
    0x73,0x43,0xd5,0x4b,0xd5,0x43,0xd5,0x4b,0xd5,0x4b,0xb5,0x43,0xb5,0x43,0xd5,0x43,
    0xb5,0x43,0xb5,0x43,0xd5,0x43,0xd5,0x43,0xd5,0x43,0xd5,0x43,0xd5,0x43,0xd5,0x43,
    0xd5,0x43,0xd5,0x43,0xd5,0x43,0xd5,0x43,0xd5,0x43,0xd5,0x43,0xd5,0x43,0xd5,0x43,
    0xb5,0x43,0xd5,0x43,0xd5,0x43,0xd5,0x43,0xd5,0x43,0xb4,0x43,0x36,0x54,0x7b,0x85,
    0xc9,0x29,0x6c,0x32,0x4c,0x32,0x2a,0x3a,0x6e,0x6b,0x86,0x29,0xf3,0x9c,0xff,0xff,
    0xff,0xff,0x96,0xb5,0x28,0x42,0x8e,0x73,0xcf,0x7b,0xd3,0x9c,0x5d,0xef,0x3c,0xe7,
    0xbe,0xf7,0xff,0xff,0xff,0xff,0xff,0xff,0xff,0xff,0xbe,0xf7,0xff,0xff,0xff,0xff,
    0xff,0xff,0xff,0xff,0xff,0xff,0xff,0xff,0xdf,0xff,0xff,0xff,0x7d,0xef,0x2d,0x63,
    0xcf,0x73,0xf0,0x7b,0xcb,0x5a,0xbe,0xf7,0x5d,0xef,0xae,0x73,0xb7,0xb5,0x6f,0x6b,
    0x0b,0x2a,0x31,0x43,0x2c,0x2a,0x4e,0x63,0xff,0xff,0xff,0xff,0xdf,0xff,0xdf,0xff,
    0x71,0x8c,0xae,0x6b,0xec,0x5a,0x7d,0xef,0xba,0xd6,0xaf,0x73,0xf4,0x9c,0xff,0xff,
    0xff,0xff,0xff,0xff,0xff,0xff,0xff,0xff,0xff,0xff,0xff,0xff,0xff,0xff,0xdb,0xde,
    0x4d,0x6b,0xcf,0x7b,0x14,0xa5,0xff,0xff,0xff,0xff,0xff,0xff,0xff,0xff,0xff,0xff,
    0xff,0xff,0xff,0xff,0xff,0xff,0xff,0xff,0xff,0xff,0xff,0xff,0xff,0xff,0xff,0xff,
    0xff,0xff,0xff,0xff,0xff,0xff,0xff,0xff,0xff,0xff,0xff,0xff,0xff,0xff,0xff,0xff,
    0xff,0xff,0xff,0xff,0xff,0xff,0xff,0xff,0xff,0xff,0xff,0xff,0xff,0xff,0xff,0xff,
    0xff,0xff,0xff,0xff,0xff,0xff,0xff,0xff,0xff,0xff,0xff,0xff,0xff,0xff,0xff,0xff,
    0xff,0xff,0xff,0xff,0xda,0xde,0x96,0xb5,0x86,0x29,0x44,0x29,0x69,0x52,0x48,0x4a,
    0x65,0x31,0xa6,0x39,0xa2,0x18,0xef,0x7b,0x1c,0xe7,0x1c,0xe7,0x3c,0xe7,0x5c,0xef,
    0x5d,0xef,0x5d,0xef,0x7d,0xef,0x9e,0xf7,0xbe,0xf7,0xff,0xff,0xff,0xff,0xff,0xff,
    0xff,0xff,0xff,0xff,0xff,0xff,0xd7,0xbd,0x8e,0x73,0x34,0xa5,0xff,0xff,0xff,0xff,
    0xff,0xff,0xff,0xff,0xff,0xff,0xff,0xff,0xff,0xff,0xff,0xff,0xff,0xff,0xff,0xff,
    0xff,0xff,0xff,0xff,0xff,0xff,0xff,0xff,0xff,0xff,0xff,0xff,0xff,0xff,0xff,0xff,
    0xff,0xff,0xff,0xff,0xff,0xff,0xff,0xff,0xff,0xff,0xff,0xff,0xff,0xff,0xff,0xff,
    0xff,0xff,0xff,0xff,0xff,0xff,0xff,0xff,0xff,0xff,0xff,0xff,0xff,0xff,0xff,0xff,
    0xff,0xff,0xff,0xff,0xff,0xff,0xff,0xff,0xff,0xff,0xff,0xff,0xff,0xff,0xff,0xff,
    0xff,0xff,0xff,0xff,0xff,0xff,0xff,0xff,0xff,0xff,0xff,0xff,0xff,0xff,0xff,0xff,
    0xff,0xff,0xff,0xff,0xff,0xff,0xff,0xff,0xff,0xff,0x7d,0xef,0x8a,0x52,0x24,0x21,
    0x82,0x10,0x14,0xa5,0xff,0xff,0xff,0xff,0xff,0xff,0xff,0xff,0xff,0xff,0xff,0xff,
    0xff,0xff,0xff,0xff,0xff,0xff,0xff,0xff,0xff,0xff,0xb0,0x73,0xcf,0x3a,0x11,0x3b,
    0x73,0x43,0xd5,0x4b,0xd5,0x43,0xd5,0x4b,0xd5,0x4b,0xd5,0x4b,0xd5,0x43,0xd5,0x43,
    0xd5,0x43,0xd5,0x43,0xd5,0x43,0xd5,0x43,0xd5,0x43,0xd5,0x43,0xd5,0x43,0xd5,0x43,
    0xd5,0x43,0xd5,0x43,0xd5,0x43,0xb5,0x43,0xb5,0x43,0xb5,0x43,0xd5,0x43,0xb5,0x43,
    0xd5,0x43,0xb5,0x43,0xd5,0x43,0xd5,0x43,0xd5,0x43,0xb4,0x43,0x36,0x54,0x9b,0x85,
    0xca,0x29,0x6d,0x32,0x0b,0x2a,0x8f,0x6b,0x92,0x8c,0xaa,0x52,0x10,0x84,0xff,0xff,
    0xff,0xff,0xff,0xff,0x10,0x84,0x93,0x94,0x51,0x8c,0x75,0xad,0xff,0xff,0xff,0xff,
    0xff,0xff,0xff,0xff,0xff,0xff,0xff,0xff,0xff,0xff,0xff,0xff,0xff,0xff,0xff,0xff,
    0xff,0xff,0xff,0xff,0xff,0xff,0xff,0xff,0xff,0xff,0xff,0xff,0x9a,0xd6,0x4d,0x63,
    0x72,0x8c,0x10,0x7c,0xeb,0x5a,0xff,0xff,0xdf,0xff,0xef,0x7b,0xd7,0xb5,0x8f,0x6b,
    0x2b,0x2a,0x51,0x43,0x6c,0x2a,0x6e,0x63,0xff,0xff,0xff,0xff,0xff,0xff,0xff,0xff,
    0xd2,0x94,0xf0,0x7b,0x2d,0x6b,0xbe,0xf7,0x32,0x84,0xad,0x42,0x8b,0x42,0x5d,0xef,
    0xff,0xff,0xff,0xff,0xff,0xff,0xff,0xff,0xff,0xff,0xff,0xff,0xff,0xff,0xba,0xd6,
    0x2d,0x63,0xef,0x7b,0xf3,0xa4,0x1c,0xe7,0xd0,0x73,0x0e,0x5b,0x0d,0x5b,0x2e,0x5b,
    0x2e,0x5b,0x6f,0x63,0x6f,0x63,0x15,0x9d,0xff,0xff,0xff,0xff,0xff,0xff,0xff,0xff,
    0xff,0xff,0xff,0xff,0xff,0xff,0xff,0xff,0xff,0xff,0xff,0xff,0xff,0xff,0xff,0xff,
    0xff,0xff,0xff,0xff,0xff,0xff,0xff,0xff,0xff,0xff,0xff,0xff,0xff,0xff,0xff,0xff,
    0xff,0xff,0xff,0xff,0xff,0xff,0xff,0xff,0xff,0xff,0xff,0xff,0xff,0xff,0xdf,0xff,
    0xff,0xff,0xfb,0xde,0x66,0x21,0xca,0x29,0x2c,0x2a,0xaa,0x21,0x88,0x21,0x88,0x19,
    0x67,0x19,0x47,0x19,0x26,0x19,0x67,0x21,0xc8,0x29,0xe9,0x31,0x2a,0x32,0x2a,0x3a,
    0x09,0x32,0x2a,0x3a,0x4a,0x3a,0x8b,0x42,0xcc,0x4a,0x6e,0x6b,0x7d,0xef,0xff,0xff,
    0xff,0xff,0xff,0xff,0x7d,0xef,0x08,0x42,0x24,0x21,0x65,0x29,0xba,0xd6,0xff,0xff,
    0xff,0xff,0xff,0xff,0xff,0xff,0xff,0xff,0xff,0xff,0xff,0xff,0xff,0xff,0xff,0xff,
    0xff,0xff,0xff,0xff,0xff,0xff,0xff,0xff,0xff,0xff,0xff,0xff,0xff,0xff,0xff,0xff,
    0xff,0xff,0xff,0xff,0xff,0xff,0xff,0xff,0xff,0xff,0xff,0xff,0xff,0xff,0xff,0xff,
    0xff,0xff,0xff,0xff,0xff,0xff,0xff,0xff,0xff,0xff,0xff,0xff,0xff,0xff,0xff,0xff,
    0xff,0xff,0xff,0xff,0xff,0xff,0xff,0xff,0xff,0xff,0xff,0xff,0xff,0xff,0xff,0xff,
    0xff,0xff,0xff,0xff,0xff,0xff,0xff,0xff,0xff,0xff,0xff,0xff,0xff,0xff,0xff,0xff,
    0xff,0xff,0xff,0xff,0xff,0xff,0xff,0xff,0xff,0xff,0x96,0xb5,0x49,0x4a,0x89,0x52,
    0x07,0x42,0x0c,0x63,0x1c,0xe7,0xdb,0xde,0xdb,0xde,0x58,0xce,0x55,0xad,0x34,0xa5,
    0x14,0xa5,0xf4,0x9c,0xd3,0x9c,0x50,0x84,0x30,0x84,0x4a,0x42,0xf0,0x42,0x11,0x3b,
    0x73,0x43,0xd5,0x4b,0xd5,0x43,0xd5,0x4b,0xd5,0x4b,0xd5,0x4b,0xd5,0x43,0xd5,0x43,
    0xd5,0x43,0xd5,0x43,0xd5,0x43,0xd5,0x43,0xd5,0x43,0xd5,0x43,0xd5,0x43,0xd5,0x43,
    0xd5,0x43,0xd5,0x43,0xd5,0x43,0xb5,0x43,0xb5,0x43,0xb5,0x43,0xd5,0x43,0xb5,0x43,
    0xd5,0x43,0xd5,0x43,0xd5,0x43,0xd5,0x43,0xd5,0x43,0xb4,0x43,0x36,0x54,0x9b,0x85,
    0xea,0x29,0x8d,0x32,0x0a,0x2a,0xf0,0x73,0x11,0x7c,0x6e,0x6b,0xcb,0x5a,0x79,0xd6,
    0xba,0xd6,0xba,0xd6,0x18,0xc6,0xd3,0x9c,0xf0,0x7b,0x55,0xad,0xff,0xff,0xff,0xff,
    0xff,0xff,0xff,0xff,0xff,0xff,0xff,0xff,0xff,0xff,0xff,0xff,0xdf,0xff,0xdf,0xff,
    0xba,0xd6,0xb6,0xb5,0xb7,0xb5,0x97,0xad,0x96,0xad,0x96,0xad,0x4d,0x63,0x09,0x3a,
    0x0d,0x5b,0x8b,0x4a,0xe8,0x39,0xd3,0x9c,0x92,0x94,0x0c,0x5b,0x18,0xbe,0x8e,0x6b,
    0x88,0x21,0x4c,0x32,0xa9,0x21,0x6b,0x4a,0xb3,0x94,0x73,0x8c,0x72,0x8c,0x72,0x8c,
    0xcc,0x52,0x6b,0x4a,0xe9,0x39,0xaf,0x73,0xcd,0x4a,0x14,0x64,0xee,0x4a,0xfc,0xde,
    0xff,0xff,0xff,0xff,0xff,0xff,0xff,0xff,0xff,0xff,0xff,0xff,0xff,0xff,0x9a,0xd6,
    0x0c,0x63,0xef,0x7b,0x34,0xa5,0xb7,0xb5,0x6c,0x32,0x72,0x4b,0x52,0x43,0x72,0x4b,
    0xd3,0x53,0x14,0x64,0x51,0x4b,0x4e,0x5b,0xff,0xff,0xff,0xff,0xff,0xff,0xff,0xff,
    0xff,0xff,0xff,0xff,0xff,0xff,0xff,0xff,0xbe,0xf7,0x7d,0xef,0xdf,0xff,0xff,0xff,
    0x1c,0xe7,0x95,0xad,0x75,0xad,0x55,0xad,0x96,0xb5,0xfb,0xde,0xbe,0xf7,0x9e,0xf7,
    0x9e,0xf7,0xbe,0xf7,0xff,0xff,0xff,0xff,0xff,0xff,0xff,0xff,0xff,0xff,0xff,0xff,
    0xff,0xff,0x59,0xce,0xa8,0x29,0x72,0x4b,0x57,0x5c,0x16,0x54,0x16,0x54,0x15,0x5c,
    0xf5,0x5b,0xf4,0x53,0xd4,0x53,0xb3,0x53,0xb3,0x4b,0xb4,0x53,0xd4,0x53,0xf4,0x53,
    0xd4,0x53,0xd3,0x4b,0xd3,0x4b,0xb3,0x4b,0xf4,0x5b,0x0b,0x2a,0x52,0x84,0x1c,0xe7,
    0x9a,0xd6,0xfb,0xde,0x75,0xad,0x86,0x31,0x48,0x4a,0x07,0x42,0x54,0xad,0xff,0xff,
    0xdf,0xff,0xff,0xff,0xff,0xff,0xff,0xff,0xff,0xff,0xff,0xff,0xff,0xff,0xff,0xff,
    0xff,0xff,0xff,0xff,0xff,0xff,0xff,0xff,0xff,0xff,0xff,0xff,0xff,0xff,0xff,0xff,
    0xff,0xff,0xff,0xff,0xff,0xff,0xff,0xff,0xff,0xff,0xff,0xff,0xff,0xff,0xff,0xff,
    0xff,0xff,0xff,0xff,0xff,0xff,0xff,0xff,0xff,0xff,0xff,0xff,0xff,0xff,0xff,0xff,
    0xff,0xff,0xff,0xff,0xff,0xff,0xff,0xff,0xff,0xff,0xff,0xff,0xff,0xff,0xff,0xff,
    0xff,0xff,0xff,0xff,0xff,0xff,0xff,0xff,0xff,0xff,0xff,0xff,0xff,0xff,0xff,0xff,
    0xff,0xff,0xff,0xff,0xff,0xff,0xff,0xff,0xff,0xff,0x92,0x94,0xeb,0x62,0x48,0x4a,
    0xe7,0x41,0xc6,0x39,0xc7,0x39,0xa6,0x39,0x45,0x29,0x65,0x29,0xe7,0x39,0xc6,0x39,
    0xe7,0x39,0x08,0x42,0x08,0x42,0xe7,0x41,0x07,0x3a,0x26,0x21,0x11,0x43,0x11,0x3b,
    0x73,0x43,0xd5,0x43,0xd5,0x43,0xd5,0x43,0xd5,0x43,0xd5,0x43,0xd5,0x43,0xd5,0x43,
    0xd5,0x43,0xd5,0x43,0xd5,0x43,0xd5,0x43,0xd5,0x43,0xd5,0x43,0xd5,0x43,0xd5,0x43,
    0xd5,0x43,0xd5,0x43,0xd5,0x43,0xb5,0x43,0xb5,0x43,0xb5,0x43,0xd5,0x43,0xb5,0x43,
    0xb5,0x43,0xd5,0x43,0xd5,0x43,0xd5,0x43,0xd5,0x43,0xb4,0x43,0x37,0x54,0x9b,0x85,
    0xeb,0x29,0x8e,0x3a,0x2b,0x32,0x52,0x84,0x11,0x7c,0x08,0x42,0xa6,0x31,0xc7,0x39,
    0xa6,0x39,0xa6,0x31,0x86,0x31,0x65,0x29,0xcb,0x5a,0x75,0xad,0xff,0xff,0xff,0xff,
    0xff,0xff,0xff,0xff,0xff,0xff,0xff,0xff,0xff,0xff,0x5d,0xef,0xd0,0x73,0x4e,0x5b,
    0x8c,0x42,0x50,0x53,0x71,0x53,0x51,0x4b,0x30,0x4b,0x51,0x4b,0x71,0x53,0x92,0x53,
    0x92,0x53,0xb2,0x53,0x92,0x53,0x92,0x53,0x51,0x4b,0x8b,0x4a,0xf7,0xbd,0x8e,0x6b,
    0xce,0x42,0x76,0x6c,0x35,0x64,0xf4,0x5b,0x72,0x53,0x92,0x4b,0xb3,0x53,0xb3,0x53,
    0xd3,0x5b,0xf4,0x5b,0x35,0x64,0xd3,0x5b,0x35,0x64,0x15,0x5c,0x8c,0x42,0xdb,0xde,
    0xff,0xff,0xff,0xff,0xff,0xff,0xff,0xff,0xff,0xff,0xff,0xff,0xff,0xff,0x79,0xce,
    0xec,0x5a,0xf0,0x7b,0x8e,0x73,0xaf,0x73,0xf3,0x5b,0xdd,0x8d,0x9c,0x85,0xbc,0x8d,
    0xdc,0x8d,0xfc,0x95,0x19,0x7d,0x0e,0x53,0xd7,0xbd,0x59,0xce,0x79,0xce,0x9a,0xd6,
    0x9a,0xd6,0x9a,0xd6,0xba,0xd6,0x96,0xb5,0xaf,0x73,0x8e,0x6b,0x8e,0x6b,0x14,0xa5,
    0x4d,0x63,0x0c,0x5b,0xcb,0x5a,0xcb,0x5a,0xcb,0x5a,0x0c,0x5b,0xae,0x73,0x6d,0x6b,
    0x8d,0x6b,0x6d,0x6b,0xef,0x7b,0xb6,0xb5,0x95,0xad,0x95,0xad,0x75,0xad,0x75,0xad,
    0xb6,0xb5,0x10,0x84,0x66,0x29,0x30,0x4b,0x7b,0x7d,0x3a,0x7d,0x5a,0x7d,0x5a,0x7d,
    0x5a,0x7d,0x5b,0x7d,0x3a,0x75,0x3a,0x75,0x5b,0x75,0x5b,0x75,0x5b,0x75,0x5b,0x7d,
    0x7b,0x7d,0x9b,0x85,0x9b,0x85,0x7b,0x85,0xbb,0x8d,0x55,0x6c,0x05,0x19,0xc7,0x39,
    0xa6,0x31,0xc7,0x39,0xe7,0x39,0x86,0x31,0x28,0x42,0xeb,0x62,0x91,0x94,0xff,0xff,
    0xff,0xff,0xff,0xff,0xff,0xff,0xff,0xff,0xff,0xff,0xff,0xff,0xff,0xff,0xff,0xff,
    0xff,0xff,0xff,0xff,0xff,0xff,0xff,0xff,0xff,0xff,0xff,0xff,0xff,0xff,0xff,0xff,
    0xff,0xff,0xff,0xff,0xff,0xff,0xff,0xff,0xff,0xff,0xff,0xff,0xff,0xff,0xff,0xff,
    0xff,0xff,0xff,0xff,0xff,0xff,0xff,0xff,0xff,0xff,0xff,0xff,0xff,0xff,0xff,0xff,
    0xff,0xff,0xff,0xff,0xff,0xff,0xff,0xff,0xff,0xff,0xff,0xff,0xff,0xff,0xff,0xff,
    0xff,0xff,0xff,0xff,0xff,0xff,0xff,0xff,0xff,0xff,0xff,0xff,0xff,0xff,0xff,0xff,
    0xff,0xff,0xff,0xff,0xff,0xff,0xff,0xff,0xff,0xff,0x0f,0x84,0xca,0x5a,0xa6,0x39,
    0x07,0x42,0x8d,0x73,0x0b,0x63,0x0b,0x63,0xa6,0x31,0x48,0x4a,0xae,0x7b,0x8d,0x73,
    0xae,0x7b,0xad,0x73,0x8d,0x73,0x6d,0x6b,0x2c,0x6b,0x87,0x29,0xf0,0x42,0x11,0x43,
    0x73,0x43,0xd5,0x43,0xb5,0x43,0xb5,0x43,0xd5,0x43,0xd5,0x43,0xd5,0x43,0xd5,0x43,
    0xd5,0x43,0xd5,0x43,0xd5,0x43,0xd5,0x43,0xd5,0x43,0xd5,0x43,0xd5,0x43,0xd5,0x43,
    0xd5,0x43,0xd5,0x43,0xd5,0x43,0xb5,0x43,0xb4,0x43,0xb4,0x43,0xd5,0x43,0xb5,0x43,
    0xb5,0x43,0xd5,0x43,0xd5,0x43,0xd5,0x43,0xd5,0x43,0xb4,0x43,0x37,0x54,0x9b,0x85,
    0x0b,0x2a,0xae,0x3a,0x4c,0x32,0x32,0x7c,0x2d,0x5b,0x44,0x29,0x0b,0x63,0xca,0x5a,
    0x89,0x52,0xaa,0x52,0x89,0x52,0x65,0x29,0xa6,0x31,0x34,0xa5,0xff,0xff,0xff,0xff,
    0xff,0xff,0xff,0xff,0xff,0xff,0xff,0xff,0xff,0xff,0xba,0xd6,0x4b,0x3a,0x8e,0x32,
    0x4e,0x32,0x16,0x5c,0x37,0x54,0x36,0x54,0x16,0x54,0x36,0x54,0x57,0x5c,0x77,0x5c,
    0x77,0x5c,0x77,0x5c,0x57,0x54,0x37,0x54,0xd4,0x53,0x8c,0x42,0xb7,0xb5,0x6e,0x6b,
    0xce,0x3a,0x77,0x5c,0x36,0x54,0x36,0x54,0x37,0x5c,0x36,0x54,0x57,0x5c,0x57,0x5c,
    0x37,0x54,0x36,0x54,0x37,0x54,0x57,0x5c,0x16,0x54,0xb4,0x4b,0x8c,0x42,0xba,0xd6,
    0xff,0xff,0xff,0xff,0xff,0xff,0xff,0xff,0xff,0xff,0xff,0xff,0xff,0xff,0x79,0xce,
    0x0c,0x5b,0x11,0x84,0xe8,0x39,0x09,0x3a,0xef,0x3a,0x36,0x54,0x16,0x54,0x36,0x54,
    0x36,0x54,0x56,0x54,0xf4,0x53,0x2a,0x32,0x0c,0x63,0x4d,0x6b,0x4d,0x63,0x4d,0x63,
    0x2d,0x63,0x0c,0x5b,0x2d,0x63,0x28,0x42,0xcf,0x73,0x14,0x9d,0x6a,0x4a,0x6d,0x6b,
    0x6a,0x4a,0x10,0x7c,0x92,0x8c,0x92,0x8c,0x72,0x8c,0x4d,0x63,0x14,0x9d,0x14,0x9d,
    0xf4,0x9c,0xf3,0x9c,0xe7,0x39,0x2c,0x63,0x4d,0x63,0x0c,0x63,0x0c,0x63,0x2c,0x63,
    0x4d,0x63,0x6d,0x6b,0x49,0x42,0x6d,0x32,0xb8,0x6c,0x98,0x64,0xb8,0x6c,0xb7,0x6c,
    0xb8,0x6c,0xb8,0x64,0x77,0x5c,0x57,0x5c,0x57,0x5c,0x57,0x5c,0x57,0x5c,0x77,0x5c,
    0x98,0x64,0xd8,0x6c,0xd8,0x6c,0xd8,0x6c,0xf9,0x6c,0x35,0x64,0x45,0x19,0x49,0x4a,
    0x89,0x52,0x89,0x52,0xcb,0x5a,0x28,0x42,0xa6,0x31,0xca,0x5a,0x30,0x8c,0xff,0xff,
    0xff,0xff,0xff,0xff,0xff,0xff,0xff,0xff,0xff,0xff,0xff,0xff,0xff,0xff,0xff,0xff,
    0xff,0xff,0xff,0xff,0xff,0xff,0xff,0xff,0xff,0xff,0xff,0xff,0xff,0xff,0xff,0xff,
    0xff,0xff,0xff,0xff,0xff,0xff,0xff,0xff,0xff,0xff,0xff,0xff,0xff,0xff,0xff,0xff,
    0xff,0xff,0xff,0xff,0xff,0xff,0xff,0xff,0xff,0xff,0xff,0xff,0xff,0xff,0xff,0xff,
    0xff,0xff,0xff,0xff,0xff,0xff,0xff,0xff,0xff,0xff,0xff,0xff,0xff,0xff,0xff,0xff,
    0xff,0xff,0xff,0xff,0xff,0xff,0xff,0xff,0xff,0xff,0xff,0xff,0xff,0xff,0xff,0xff,
    0xff,0xff,0xff,0xff,0xff,0xff,0xff,0xff,0xff,0xff,0x6d,0x73,0xe7,0x41,0x65,0x29,
    0x85,0x31,0x69,0x52,0x28,0x4a,0x48,0x4a,0x44,0x29,0x85,0x31,0x07,0x42,0x07,0x42,
    0xe7,0x41,0xe7,0x41,0xe7,0x39,0xc6,0x39,0xa6,0x39,0x05,0x19,0x31,0x4b,0x32,0x43,
    0x72,0x43,0xd5,0x43,0xb5,0x43,0xb5,0x43,0xd5,0x43,0xd5,0x43,0xb5,0x43,0xb5,0x43,
    0xb5,0x43,0xb5,0x43,0xb5,0x43,0xd5,0x43,0xd5,0x43,0xd5,0x43,0xd5,0x43,0xd5,0x43,
    0xd5,0x43,0xb5,0x43,0xb5,0x43,0xb5,0x43,0xb5,0x43,0xd5,0x43,0xd5,0x43,0xb5,0x43,
    0xb5,0x43,0xb5,0x43,0xd5,0x43,0xd5,0x43,0xd5,0x43,0xb4,0x43,0x37,0x54,0x9b,0x85,
    0xeb,0x29,0xae,0x3a,0x2b,0x32,0x8f,0x63,0xab,0x4a,0x44,0x29,0xaa,0x52,0x69,0x4a,
    0x68,0x4a,0x68,0x4a,0x48,0x4a,0xa6,0x31,0x65,0x29,0x14,0xa5,0xff,0xff,0xff,0xff,
    0xff,0xff,0xff,0xff,0xff,0xff,0xff,0xff,0xff,0xff,0xba,0xd6,0xad,0x42,0xf0,0x3a,
    0x6e,0x32,0xb4,0x4b,0xb4,0x43,0x94,0x43,0xb4,0x43,0xb4,0x43,0xb4,0x43,0xb4,0x43,
    0xb4,0x43,0xb4,0x43,0xb4,0x43,0xb5,0x43,0x52,0x3b,0x6b,0x3a,0x96,0xb5,0x2d,0x63,
    0x2c,0x2a,0xb4,0x4b,0x94,0x43,0x94,0x43,0x94,0x4b,0xb4,0x43,0xb4,0x43,0xb4,0x43,
    0xb4,0x43,0x94,0x43,0x94,0x43,0x94,0x43,0x94,0x43,0xd4,0x4b,0x6c,0x3a,0x9a,0xd6,
    0xff,0xff,0xff,0xff,0xff,0xff,0xff,0xff,0xff,0xff,0xff,0xff,0xff,0xff,0xb6,0xb5,
    0xeb,0x5a,0x31,0x84,0x6e,0x6b,0x8f,0x6b,0xaf,0x32,0xd5,0x4b,0xb4,0x43,0xb5,0x43,
    0xb4,0x43,0xd5,0x43,0x93,0x43,0xac,0x42,0x14,0x9d,0x96,0xad,0x75,0xa5,0x55,0xa5,
    0x35,0xa5,0x14,0x9d,0x35,0xa5,0x8e,0x6b,0xcf,0x73,0x35,0xa5,0x2d,0x63,0xb2,0x8c,
    0xec,0x5a,0x31,0x84,0xf4,0x9c,0x14,0x9d,0xd3,0x94,0x4d,0x63,0x55,0xa5,0x96,0xad,
    0x96,0xad,0x55,0xa5,0xcb,0x52,0x14,0x9d,0x14,0x9d,0xf3,0x9c,0xf3,0x9c,0xf3,0x9c,
    0xf3,0x9c,0x55,0xa5,0x6d,0x6b,0x0b,0x2a,0xd5,0x4b,0x94,0x43,0xd4,0x43,0xd4,0x43,
    0xb4,0x4b,0xb4,0x43,0xb4,0x43,0x93,0x43,0x93,0x43,0x94,0x43,0x94,0x43,0xb4,0x43,
    0xb4,0x4b,0xd5,0x4b,0xd5,0x4b,0xd5,0x4b,0xf5,0x4b,0x72,0x4b,0x05,0x19,0xc6,0x39,
    0xc6,0x39,0xc6,0x39,0xe7,0x39,0xa6,0x39,0x65,0x31,0xa6,0x39,0xef,0x7b,0xff,0xff,
    0xff,0xff,0xff,0xff,0xff,0xff,0xff,0xff,0xff,0xff,0xff,0xff,0xff,0xff,0xff,0xff,
    0xff,0xff,0xff,0xff,0xff,0xff,0xff,0xff,0xff,0xff,0xff,0xff,0xff,0xff,0xff,0xff,
    0xff,0xff,0xff,0xff,0xff,0xff,0xff,0xff,0xff,0xff,0xff,0xff,0xff,0xff,0xff,0xff,
    0xff,0xff,0xff,0xff,0xff,0xff,0xff,0xff,0xff,0xff,0xff,0xff,0xff,0xff,0xff,0xff,
    0xff,0xff,0xff,0xff,0xff,0xff,0xff,0xff,0xff,0xff,0xff,0xff,0xff,0xff,0xff,0xff,
    0xff,0xff,0xff,0xff,0xff,0xff,0xff,0xff,0xff,0xff,0xff,0xff,0xff,0xff,0xff,0xff,
    0xff,0xff,0xff,0xff,0xff,0xff,0xff,0xff,0xff,0xff,0x6d,0x6b,0x85,0x31,0x65,0x29,
    0x65,0x29,0xc6,0x39,0xc6,0x39,0xe7,0x39,0x24,0x21,0x44,0x29,0xc6,0x39,0xa5,0x39,
    0xa6,0x31,0xa6,0x39,0xa6,0x39,0xa6,0x39,0xc6,0x39,0x25,0x21,0x51,0x4b,0x32,0x43,
    0x52,0x43,0xd5,0x4b,0xb5,0x43,0xd5,0x43,0xd5,0x43,0xd5,0x43,0xd5,0x43,0xd5,0x43,
    0xd5,0x43,0xd5,0x43,0xd5,0x43,0xd5,0x43,0xb5,0x43,0xd5,0x43,0xb5,0x43,0xd5,0x43,
    0xd5,0x43,0xd5,0x43,0xd5,0x43,0xd5,0x43,0xd5,0x43,0xd5,0x43,0xd5,0x43,0xd5,0x43,
    0xd5,0x43,0xd5,0x43,0xd5,0x43,0xd5,0x43,0xd5,0x4b,0xb4,0x43,0x37,0x54,0x9b,0x85,
    0xeb,0x29,0xae,0x3a,0x4c,0x32,0xb0,0x6b,0x2d,0x5b,0x03,0x21,0x28,0x42,0x07,0x42,
    0x07,0x42,0x07,0x42,0x08,0x42,0xe7,0x39,0xc7,0x39,0x34,0xa5,0xff,0xff,0xff,0xff,
    0xff,0xff,0xff,0xff,0xff,0xff,0xff,0xff,0xff,0xff,0xba,0xd6,0xad,0x42,0xf0,0x3a,
    0x8e,0x32,0xb4,0x4b,0xd5,0x43,0xd5,0x43,0xd5,0x4b,0xd5,0x4b,0xd5,0x4b,0xd5,0x4b,
    0xd5,0x4b,0xd5,0x4b,0xd5,0x4b,0xf5,0x4b,0x93,0x4b,0x8b,0x42,0x96,0xb5,0x2d,0x63,
    0x2c,0x2a,0xd5,0x4b,0xb5,0x43,0xb5,0x43,0xb5,0x43,0xd5,0x43,0xd5,0x43,0xd5,0x43,
    0xd5,0x43,0xb5,0x4b,0xb5,0x43,0xb5,0x43,0xb5,0x43,0xd4,0x4b,0x8c,0x3a,0x79,0xce,
    0xff,0xff,0xff,0xff,0xff,0xff,0xff,0xff,0xff,0xff,0xff,0xff,0xfb,0xde,0xaa,0x52,
    0x2c,0x63,0xd3,0x9c,0x29,0x42,0x29,0x42,0xf0,0x3a,0x16,0x54,0xd5,0x4b,0xd5,0x4b,
    0xd5,0x4b,0xf5,0x4b,0xd4,0x4b,0x2a,0x32,0xeb,0x5a,0x0c,0x5b,0xeb,0x5a,0xeb,0x5a,
    0xec,0x5a,0x0c,0x5b,0x4d,0x6b,0x8a,0x4a,0xaa,0x52,0x8e,0x6b,0xc7,0x31,0xcb,0x5a,
    0x08,0x3a,0x8a,0x52,0x0c,0x63,0x4d,0x63,0x2d,0x63,0x28,0x42,0x2c,0x63,0x4c,0x63,
    0x4d,0x63,0x4c,0x63,0x08,0x42,0xcb,0x52,0x8a,0x4a,0x8a,0x52,0x8a,0x4a,0xaa,0x52,
    0x8a,0x4a,0xab,0x52,0xc7,0x31,0x4c,0x32,0xd4,0x4b,0x94,0x4b,0xb4,0x4b,0x94,0x4b,
    0x94,0x4b,0x73,0x43,0x72,0x43,0x72,0x43,0x52,0x43,0x32,0x43,0x31,0x3b,0x31,0x3b,
    0x32,0x3b,0x32,0x3b,0x32,0x3b,0x52,0x3b,0xb3,0x4b,0xae,0x3a,0xe4,0x18,0x07,0x42,
    0xe7,0x41,0xe7,0x41,0x07,0x42,0xa6,0x39,0x85,0x31,0xa6,0x31,0x0f,0x84,0xff,0xff,
    0xff,0xff,0xff,0xff,0xff,0xff,0xff,0xff,0xff,0xff,0xff,0xff,0xff,0xff,0xff,0xff,
    0xff,0xff,0xff,0xff,0xff,0xff,0xff,0xff,0xff,0xff,0xff,0xff,0xff,0xff,0xff,0xff,
    0xff,0xff,0xff,0xff,0xff,0xff,0xff,0xff,0xff,0xff,0xff,0xff,0xff,0xff,0xff,0xff,
    0xff,0xff,0xff,0xff,0xff,0xff,0xff,0xff,0xff,0xff,0xff,0xff,0xff,0xff,0xff,0xff,
    0xff,0xff,0xff,0xff,0xff,0xff,0xff,0xff,0xff,0xff,0xff,0xff,0xff,0xff,0xff,0xff,
    0xff,0xff,0xff,0xff,0xff,0xff,0xff,0xff,0xff,0xff,0xff,0xff,0xff,0xff,0xff,0xff,
    0xff,0xff,0xff,0xff,0xff,0xff,0xff,0xff,0xff,0xff,0x10,0x84,0x85,0x31,0x65,0x29,
    0x85,0x31,0xe6,0x39,0x85,0x31,0x65,0x29,0xc2,0x18,0xc2,0x18,0xa6,0x31,0x85,0x31,
    0x85,0x31,0x85,0x31,0x85,0x31,0xa6,0x39,0xc6,0x39,0x25,0x21,0x31,0x43,0x31,0x43,
    0x52,0x43,0xd5,0x4b,0xd5,0x43,0xd5,0x43,0xd5,0x43,0xb5,0x43,0xb5,0x43,0xb5,0x43,
    0xb5,0x43,0xd5,0x43,0xd5,0x43,0xd5,0x43,0xb5,0x43,0xd5,0x43,0xb5,0x43,0xb5,0x43,
    0xb5,0x43,0xb5,0x43,0xd5,0x43,0xd5,0x43,0xd5,0x43,0xd5,0x43,0xd5,0x43,0xb5,0x43,
    0xd5,0x43,0xd5,0x43,0xd5,0x43,0xd5,0x43,0xd5,0x43,0xb4,0x43,0x36,0x54,0x9b,0x85,
    0xeb,0x29,0xae,0x3a,0x6c,0x32,0xb0,0x6b,0xf0,0x73,0x25,0x21,0x85,0x29,0x04,0x21,
    0x04,0x21,0x03,0x21,0x24,0x21,0x45,0x21,0xe8,0x39,0x34,0xa5,0xff,0xff,0xff,0xff,
    0xff,0xff,0xff,0xff,0xff,0xff,0xff,0xff,0xff,0xff,0xba,0xd6,0xad,0x42,0x11,0x3b,
    0xaf,0x32,0x94,0x4b,0xb4,0x43,0xd5,0x43,0xd5,0x43,0xd5,0x43,0xd5,0x43,0xd5,0x43,
    0xd5,0x43,0xd5,0x43,0xd5,0x43,0xd5,0x4b,0x93,0x43,0x6c,0x42,0xb6,0xad,0x2d,0x63,
    0x2c,0x2a,0xf5,0x4b,0xb4,0x4b,0xb4,0x4b,0xd5,0x4b,0xd5,0x43,0xd5,0x43,0xb5,0x43,
    0xd5,0x43,0xd5,0x43,0xd5,0x43,0xb4,0x43,0xb4,0x43,0xf5,0x4b,0xad,0x3a,0x9a,0xd6,
    0xff,0xff,0xbe,0xf7,0xda,0xde,0xdf,0xff,0xff,0xff,0xff,0xff,0x3c,0xe7,0xcb,0x5a,
    0x69,0x4a,0xaf,0x73,0x4d,0x6b,0x6e,0x6b,0x6d,0x32,0x73,0x43,0x53,0x43,0x53,0x43,
    0x32,0x43,0x52,0x43,0xf0,0x3a,0x6b,0x42,0x71,0x8c,0x92,0x94,0x92,0x8c,0x92,0x8c,
    0xd2,0x94,0x34,0xa5,0x75,0xad,0xf3,0x9c,0x8e,0x73,0x10,0x84,0x50,0x8c,0x75,0xad,
    0x6d,0x6b,0x69,0x4a,0xeb,0x5a,0xeb,0x5a,0xeb,0x5a,0x4d,0x6b,0x95,0xad,0x96,0xb5,
    0xb6,0xb5,0xb6,0xb5,0x18,0xc6,0x38,0xc6,0xf7,0xbd,0xf7,0xbd,0xf7,0xbd,0xf7,0xbd,
    0x38,0xc6,0xf3,0x9c,0x25,0x21,0x4c,0x2a,0x11,0x3b,0x10,0x3b,0xf0,0x3a,0xd0,0x3a,
    0xd0,0x3a,0xcf,0x32,0xcf,0x32,0xaf,0x32,0xaf,0x32,0xaf,0x32,0xaf,0x32,0xaf,0x32,
    0xcf,0x3a,0xd0,0x3a,0xd0,0x3a,0xaf,0x32,0xef,0x3a,0xa9,0x29,0xa2,0x10,0x24,0x21,
    0x04,0x21,0x04,0x21,0x44,0x29,0x65,0x31,0xe6,0x39,0xa5,0x31,0xb2,0x94,0xff,0xff,
    0xff,0xff,0xff,0xff,0xff,0xff,0xff,0xff,0xff,0xff,0xff,0xff,0xff,0xff,0xff,0xff,
    0xff,0xff,0xff,0xff,0xff,0xff,0xff,0xff,0xff,0xff,0xff,0xff,0xff,0xff,0xff,0xff,
    0xff,0xff,0xff,0xff,0xff,0xff,0xff,0xff,0xff,0xff,0xff,0xff,0xff,0xff,0xff,0xff,
    0xff,0xff,0xff,0xff,0xff,0xff,0xff,0xff,0xff,0xff,0xff,0xff,0xff,0xff,0xff,0xff,
    0xff,0xff,0xff,0xff,0xff,0xff,0xff,0xff,0xff,0xff,0xff,0xff,0xff,0xff,0xff,0xff,
    0xff,0xff,0xff,0xff,0xff,0xff,0xff,0xff,0xff,0xff,0xff,0xff,0xff,0xff,0xff,0xff,
    0xff,0xff,0xff,0xff,0xff,0xff,0xff,0xff,0xff,0xff,0x75,0xad,0x85,0x31,0x65,0x29,
    0xa6,0x31,0xc6,0x39,0x89,0x52,0xeb,0x5a,0x0b,0x63,0x69,0x52,0x44,0x29,0xe3,0x18,
    0xc2,0x18,0xe3,0x18,0x04,0x21,0x24,0x29,0x45,0x29,0x05,0x19,0x31,0x43,0x31,0x3b,
    0x32,0x43,0xd5,0x4b,0xd5,0x43,0xd5,0x43,0xd5,0x43,0xb5,0x43,0xb5,0x43,0xd5,0x43,
    0xd5,0x43,0xd5,0x43,0xd5,0x43,0xd5,0x43,0xd5,0x43,0xd5,0x43,0xd5,0x43,0xd5,0x43,
    0xd5,0x43,0xd5,0x43,0xd5,0x43,0xd5,0x43,0xd5,0x43,0xd5,0x43,0xd5,0x43,0xb5,0x43,
    0xd5,0x43,0xd5,0x43,0xd5,0x43,0xd5,0x43,0xd5,0x43,0xb4,0x43,0x36,0x54,0x9b,0x85,
    0xea,0x29,0xce,0x3a,0x6d,0x32,0x2e,0x5b,0x72,0x84,0x4a,0x4a,0xc7,0x39,0x4c,0x6b,
    0x4d,0x6b,0x8e,0x73,0xca,0x5a,0x08,0x3a,0x0c,0x5b,0x34,0xa5,0xff,0xff,0xff,0xff,
    0xff,0xff,0xff,0xff,0xff,0xff,0xff,0xff,0xff,0xff,0x9a,0xce,0xad,0x42,0x31,0x3b,
    0xf0,0x32,0xb4,0x4b,0xb4,0x43,0xb5,0x43,0xd5,0x43,0xd5,0x43,0xd5,0x43,0xd5,0x43,
    0xd5,0x43,0xd5,0x43,0xd5,0x43,0xd5,0x4b,0xb3,0x43,0x6b,0x42,0xb6,0xad,0x4d,0x63,
    0x2c,0x2a,0xd5,0x4b,0xb4,0x4b,0xb4,0x4b,0xd5,0x4b,0xd5,0x43,0xd5,0x43,0xd5,0x43,
    0xd5,0x43,0xd5,0x43,0xd5,0x43,0xd5,0x43,0xb4,0x43,0xf5,0x4b,0x6c,0x32,0x8d,0x6b,
    0xb2,0x94,0xae,0x73,0x8a,0x52,0xf7,0xbd,0xff,0xff,0xff,0xff,0xff,0xff,0x3c,0xe7,
    0x92,0x94,0x30,0x84,0xfb,0xde,0x35,0xa5,0xea,0x21,0x6d,0x2a,0x2c,0x22,0x0d,0x2a,
    0xeb,0x21,0x2c,0x2a,0x0b,0x2a,0xac,0x4a,0xdf,0xff,0xff,0xff,0xff,0xff,0xff,0xff,
    0xff,0xff,0xff,0xff,0xff,0xff,0xff,0xff,0xff,0xff,0xff,0xff,0xff,0xff,0xff,0xff,
    0x5d,0xef,0x96,0xb5,0x34,0xa5,0x14,0xa5,0x55,0xad,0xfb,0xde,0xff,0xff,0xff,0xff,
    0xff,0xff,0xff,0xff,0xff,0xff,0xff,0xff,0xff,0xff,0xff,0xff,0xff,0xff,0xff,0xff,
    0xff,0xff,0x5d,0xef,0xc8,0x31,0x8e,0x32,0x8e,0x32,0x4d,0x2a,0x2c,0x2a,0x0b,0x2a,
    0x0b,0x2a,0x0c,0x2a,0x2c,0x2a,0x4c,0x2a,0x4c,0x2a,0x6d,0x2a,0x6d,0x2a,0x6d,0x32,
    0x4d,0x32,0x4d,0x32,0x4c,0x32,0x8d,0x32,0xce,0x3a,0x46,0x21,0xd3,0x9c,0x14,0xa5,
    0xb2,0x94,0xf3,0x9c,0xae,0x73,0x44,0x29,0x28,0x42,0x44,0x29,0xd6,0xbd,0xff,0xff,
    0xff,0xff,0xff,0xff,0xff,0xff,0xff,0xff,0xff,0xff,0xff,0xff,0xff,0xff,0xff,0xff,
    0xff,0xff,0xff,0xff,0xff,0xff,0xff,0xff,0xff,0xff,0xff,0xff,0xff,0xff,0xff,0xff,
    0xff,0xff,0xff,0xff,0xff,0xff,0xff,0xff,0xff,0xff,0xff,0xff,0xff,0xff,0xff,0xff,
    0xff,0xff,0xff,0xff,0xff,0xff,0xff,0xff,0xff,0xff,0xff,0xff,0xff,0xff,0xff,0xff,
    0xff,0xff,0xff,0xff,0xff,0xff,0xff,0xff,0xff,0xff,0xff,0xff,0xff,0xff,0xff,0xff,
    0xff,0xff,0xff,0xff,0xff,0xff,0xff,0xff,0xff,0xff,0xff,0xff,0xff,0xff,0xff,0xff,
    0xff,0xff,0xff,0xff,0xff,0xff,0xff,0xff,0xff,0xff,0x3c,0xe7,0x28,0x42,0x24,0x21,
    0x65,0x29,0x28,0x42,0x5c,0xef,0xff,0xff,0xdf,0xff,0xbe,0xf7,0x1c,0xe7,0xdb,0xde,
    0xba,0xd6,0xbb,0xd6,0xdb,0xde,0xdb,0xde,0xfc,0xde,0x6e,0x6b,0x10,0x43,0x32,0x43,
    0x32,0x3b,0xd5,0x4b,0xd5,0x43,0xd5,0x43,0xd5,0x43,0xb5,0x43,0xb5,0x43,0xd5,0x43,
    0xd5,0x43,0xd5,0x43,0xd5,0x43,0xd5,0x43,0xd5,0x43,0xd5,0x43,0xd5,0x43,0xd5,0x43,
    0xd5,0x43,0xd5,0x43,0xd5,0x43,0xd5,0x43,0xd5,0x43,0xd5,0x43,0xd5,0x43,0xb5,0x43,
    0xd5,0x43,0xd5,0x43,0xd5,0x43,0xd5,0x43,0xd5,0x43,0xb4,0x43,0x36,0x54,0x7b,0x85,
    0xea,0x29,0xae,0x32,0x6d,0x32,0x8c,0x4a,0xb3,0x84,0x8f,0x6b,0xae,0x73,0xff,0xff,
    0xff,0xff,0xff,0xff,0x38,0xc6,0xae,0x6b,0xaf,0x73,0xf3,0x9c,0xff,0xff,0xff,0xff,
    0xff,0xff,0xff,0xff,0xff,0xff,0xff,0xff,0xff,0xff,0x79,0xce,0x8d,0x3a,0x73,0x43,
    0x52,0x3b,0xb4,0x43,0xb4,0x43,0xb5,0x43,0xd5,0x43,0xd5,0x43,0xd5,0x43,0xd5,0x43,
    0xd5,0x43,0xd5,0x43,0xd5,0x43,0xd5,0x4b,0xb3,0x43,0x4b,0x3a,0xb6,0xad,0x6e,0x6b,
    0x2c,0x2a,0xd5,0x4b,0xb4,0x4b,0xb4,0x43,0xd5,0x43,0xd5,0x43,0xb5,0x43,0xd5,0x43,
    0xd5,0x43,0xb5,0x43,0xd5,0x43,0xd5,0x43,0xd5,0x43,0x15,0x4c,0x6c,0x32,0xcb,0x5a,
    0x8d,0x6b,0xeb,0x5a,0x69,0x4a,0x55,0xad,0xff,0xff,0xff,0xff,0xff,0xff,0xff,0xff,
    0xff,0xff,0xff,0xff,0xff,0xff,0xd3,0x94,0xca,0x21,0x4d,0x2a,0x2c,0x2a,0x0b,0x2a,
    0xeb,0x21,0x4c,0x2a,0xea,0x21,0x6b,0x4a,0x9d,0xf7,0xff,0xff,0xff,0xff,0xff,0xff,
    0xff,0xff,0xff,0xff,0xdf,0xff,0xff,0xff,0xff,0xff,0xff,0xff,0xff,0xff,0xff,0xff,
    0xff,0xff,0xff,0xff,0xff,0xff,0xff,0xff,0xff,0xff,0xff,0xff,0xff,0xff,0xff,0xff,
    0xff,0xff,0xff,0xff,0xff,0xff,0xff,0xff,0xff,0xff,0xff,0xff,0xff,0xff,0xdf,0xff,
    0xff,0xff,0xfb,0xde,0xe9,0x31,0xaf,0x32,0x6e,0x2a,0xeb,0x21,0xca,0x21,0xca,0x21,
    0xca,0x21,0xca,0x21,0xeb,0x21,0xeb,0x29,0x0b,0x2a,0x0b,0x2a,0x0b,0x2a,0xeb,0x29,
    0xcb,0x21,0xaa,0x21,0x8a,0x21,0x2c,0x2a,0x6c,0x32,0x09,0x3a,0xde,0xff,0xff,0xff,
    0xff,0xff,0xff,0xff,0x1b,0xe7,0xa6,0x31,0x44,0x21,0x07,0x42,0x7d,0xef,0xff,0xff,
    0xff,0xff,0xff,0xff,0xff,0xff,0xff,0xff,0xff,0xff,0xff,0xff,0xff,0xff,0xff,0xff,
    0xff,0xff,0xff,0xff,0xff,0xff,0xff,0xff,0xff,0xff,0xff,0xff,0xff,0xff,0xff,0xff,
    0xff,0xff,0xff,0xff,0xff,0xff,0xff,0xff,0xff,0xff,0xff,0xff,0xff,0xff,0xff,0xff,
    0xff,0xff,0xff,0xff,0xff,0xff,0xff,0xff,0xff,0xff,0xff,0xff,0xff,0xff,0xff,0xff,
    0xff,0xff,0xff,0xff,0xff,0xff,0xff,0xff,0xff,0xff,0xff,0xff,0xff,0xff,0xff,0xff,
    0xff,0xff,0xff,0xff,0xff,0xff,0xff,0xff,0xff,0xff,0xff,0xff,0xff,0xff,0xff,0xff,
    0xff,0xff,0xff,0xff,0xff,0xff,0xff,0xff,0xff,0xff,0xff,0xff,0x54,0xad,0xa6,0x31,
    0x24,0x21,0x50,0x8c,0xff,0xff,0xff,0xff,0xff,0xff,0xff,0xff,0xff,0xff,0xff,0xff,
    0xff,0xff,0xff,0xff,0xff,0xff,0xff,0xff,0xff,0xff,0xf0,0x7b,0xf0,0x3a,0x51,0x43,
    0x31,0x3b,0xd5,0x4b,0xd5,0x43,0xb5,0x43,0xd5,0x43,0xd5,0x43,0xd5,0x43,0xd5,0x43,
    0xd5,0x43,0xd5,0x43,0xd5,0x43,0xd5,0x43,0xb5,0x43,0xd5,0x43,0xb5,0x43,0xd5,0x43,
    0xd5,0x43,0xd5,0x43,0xd5,0x43,0xd5,0x43,0xd5,0x43,0xd5,0x43,0xb5,0x43,0xb5,0x43,
    0xd5,0x43,0xd5,0x43,0xd5,0x43,0xd5,0x43,0xd5,0x43,0xb5,0x43,0x36,0x54,0x5a,0x85,
    0xa9,0x29,0x6d,0x32,0x8e,0x32,0x0a,0x32,0xb3,0x8c,0xaf,0x73,0x30,0x84,0xff,0xff,
    0xff,0xff,0xff,0xff,0x17,0xbe,0x8e,0x6b,0xae,0x6b,0xf3,0x9c,0xff,0xff,0xff,0xff,
    0xff,0xff,0xff,0xff,0xff,0xff,0xff,0xff,0xff,0xff,0x79,0xce,0xad,0x3a,0x94,0x43,
    0xb4,0x43,0xb4,0x43,0xb5,0x4b,0xb5,0x4b,0xd5,0x43,0xd5,0x43,0xd5,0x43,0xd5,0x43,
    0xd5,0x43,0xd5,0x43,0xd5,0x43,0xd5,0x4b,0x93,0x43,0x4b,0x3a,0xb6,0xb5,0x6e,0x6b,
    0x0b,0x2a,0xd5,0x4b,0xb4,0x4b,0xb4,0x43,0xd5,0x43,0xd5,0x43,0xd5,0x43,0xd5,0x43,
    0xd5,0x43,0xd5,0x43,0xd5,0x43,0xd5,0x43,0xd5,0x43,0x15,0x4c,0x6c,0x32,0x69,0x4a,
    0x2b,0x63,0x89,0x4a,0x28,0x42,0x17,0xc6,0xff,0xff,0xff,0xff,0xff,0xff,0xff,0xff,
    0xff,0xff,0xdf,0xff,0xff,0xff,0xf3,0x9c,0x4d,0x32,0x53,0x43,0x32,0x3b,0x11,0x3b,
    0xf0,0x3a,0x31,0x3b,0x8e,0x32,0xcc,0x52,0x9e,0xf7,0xff,0xff,0xff,0xff,0xff,0xff,
    0xff,0xff,0xff,0xff,0xff,0xff,0xff,0xff,0xff,0xff,0xff,0xff,0xff,0xff,0xff,0xff,
    0xff,0xff,0xff,0xff,0xff,0xff,0xff,0xff,0xff,0xff,0xff,0xff,0xff,0xff,0xff,0xff,
    0xff,0xff,0xff,0xff,0xff,0xff,0xff,0xff,0xff,0xff,0xff,0xff,0xff,0xff,0xff,0xff,
    0xff,0xff,0xba,0xd6,0xe9,0x29,0x72,0x43,0x73,0x43,0x31,0x43,0x10,0x3b,0x10,0x3b,
    0x10,0x3b,0x31,0x3b,0x31,0x3b,0x52,0x3b,0x52,0x3b,0x72,0x43,0x72,0x43,0x72,0x43,
    0x52,0x3b,0x31,0x3b,0x52,0x43,0x72,0x43,0xae,0x32,0xab,0x52,0xde,0xff,0xff,0xff,
    0xdf,0xff,0xff,0xff,0xdf,0xff,0xf3,0x9c,0xeb,0x5a,0xd6,0xbd,0xff,0xff,0xff,0xff,
    0xff,0xff,0xff,0xff,0xff,0xff,0xff,0xff,0xff,0xff,0xff,0xff,0xff,0xff,0xff,0xff,
    0xff,0xff,0xff,0xff,0xff,0xff,0xff,0xff,0xff,0xff,0xff,0xff,0xff,0xff,0xff,0xff,
    0xff,0xff,0xff,0xff,0xff,0xff,0xff,0xff,0xff,0xff,0xff,0xff,0xff,0xff,0xff,0xff,
    0xff,0xff,0xff,0xff,0xff,0xff,0xff,0xff,0xff,0xff,0xff,0xff,0xff,0xff,0xff,0xff,
    0xff,0xff,0xff,0xff,0xff,0xff,0xff,0xff,0xff,0xff,0xff,0xff,0xff,0xff,0xff,0xff,
    0xff,0xff,0xff,0xff,0xff,0xff,0xff,0xff,0xff,0xff,0xff,0xff,0xff,0xff,0xff,0xff,
    0xff,0xff,0xff,0xff,0xff,0xff,0xff,0xff,0xff,0xff,0xff,0xff,0xff,0xff,0x3c,0xe7,
    0xfb,0xde,0xff,0xff,0xff,0xff,0xff,0xff,0xff,0xff,0xff,0xff,0xff,0xff,0xff,0xff,
    0xff,0xff,0xff,0xff,0xff,0xff,0xff,0xff,0xff,0xff,0x10,0x7c,0xcf,0x3a,0x11,0x3b,
    0x31,0x3b,0xd5,0x4b,0xb5,0x43,0xb4,0x43,0xb4,0x43,0xb5,0x43,0xb5,0x43,0xb5,0x43,
    0xb5,0x43,0xb5,0x43,0xb5,0x43,0xb5,0x43,0xb5,0x43,0xb5,0x43,0xb5,0x43,0xb5,0x43,
    0xb5,0x43,0xb5,0x43,0xb4,0x43,0xb5,0x43,0xb5,0x43,0xb5,0x43,0xb5,0x43,0xb5,0x43,
    0xd5,0x43,0xd5,0x43,0xd5,0x43,0xd5,0x43,0xd5,0x43,0xb5,0x43,0x16,0x54,0x3a,0x7d,
    0x89,0x29,0x4c,0x32,0xcf,0x3a,0xea,0x29,0xe9,0x31,0x08,0x3a,0x59,0xce,0xff,0xff,
    0xff,0xff,0xff,0xff,0x38,0xc6,0xae,0x6b,0xae,0x6b,0xd3,0x9c,0xff,0xff,0xff,0xff,
    0xff,0xff,0xff,0xff,0xff,0xff,0xff,0xff,0xff,0xff,0x79,0xce,0xad,0x3a,0xb4,0x43,
    0xb5,0x43,0xd4,0x43,0xb4,0x43,0xb4,0x43,0xb4,0x43,0xd4,0x43,0xd4,0x43,0xd5,0x43,
    0xd5,0x43,0xd5,0x43,0xd5,0x43,0xd5,0x4b,0x93,0x43,0x2b,0x3a,0xb6,0xad,0x6e,0x6b,
    0x2c,0x2a,0xd5,0x4b,0xd5,0x4b,0xd5,0x4b,0xd5,0x43,0xd5,0x43,0xb5,0x43,0xb5,0x43,
    0xd5,0x43,0xd5,0x43,0xd5,0x43,0xd5,0x43,0xd5,0x43,0x16,0x4c,0xad,0x3a,0xf7,0xbd,
    0xff,0xff,0x7d,0xef,0xba,0xd6,0xde,0xff,0xff,0xff,0xff,0xff,0xff,0xff,0xff,0xff,
    0xff,0xff,0xff,0xff,0xff,0xff,0xf4,0x9c,0xae,0x32,0xf5,0x4b,0xb4,0x43,0xb4,0x43,
    0x94,0x43,0xb4,0x4b,0xcf,0x3a,0xcc,0x52,0xbe,0xf7,0xff,0xff,0xff,0xff,0xff,0xff,
    0xff,0xff,0xff,0xff,0xff,0xff,0xff,0xff,0xff,0xff,0xff,0xff,0xff,0xff,0xff,0xff,
    0xff,0xff,0xff,0xff,0xff,0xff,0xff,0xff,0xff,0xff,0xff,0xff,0xff,0xff,0xff,0xff,
    0xff,0xff,0xff,0xff,0xff,0xff,0xff,0xff,0xff,0xff,0xff,0xff,0xff,0xff,0xff,0xff,
    0xff,0xff,0x7a,0xd6,0xe9,0x31,0xf4,0x4b,0xd5,0x43,0xd4,0x43,0xb4,0x43,0xb4,0x43,
    0xb4,0x43,0xd4,0x4b,0xd5,0x4b,0xd5,0x4b,0xf5,0x4b,0xd5,0x4b,0xd5,0x4b,0xd5,0x4b,
    0xb5,0x43,0xb4,0x43,0xb4,0x43,0xd5,0x4b,0x10,0x3b,0x6a,0x4a,0xdf,0xff,0xff,0xff,
    0xff,0xff,0xff,0xff,0xff,0xff,0xff,0xff,0xff,0xff,0xff,0xff,0xff,0xff,0xff,0xff,
    0xff,0xff,0xff,0xff,0xff,0xff,0xff,0xff,0xff,0xff,0xff,0xff,0xff,0xff,0xff,0xff,
    0xff,0xff,0xff,0xff,0xff,0xff,0xff,0xff,0xff,0xff,0xff,0xff,0xff,0xff,0xff,0xff,
    0xff,0xff,0xff,0xff,0xff,0xff,0xff,0xff,0xff,0xff,0xff,0xff,0xff,0xff,0xff,0xff,
    0xff,0xff,0xff,0xff,0xff,0xff,0xff,0xff,0xff,0xff,0xff,0xff,0xff,0xff,0xff,0xff,
    0xff,0xff,0xff,0xff,0xff,0xff,0xff,0xff,0xff,0xff,0xff,0xff,0xff,0xff,0xff,0xff,
    0xff,0xff,0xff,0xff,0xff,0xff,0xff,0xff,0xff,0xff,0xff,0xff,0xff,0xff,0xff,0xff,
    0xff,0xff,0xff,0xff,0xff,0xff,0xff,0xff,0xff,0xff,0xff,0xff,0xff,0xff,0xff,0xff,
    0xff,0xff,0xff,0xff,0xff,0xff,0xff,0xff,0xff,0xff,0xff,0xff,0xff,0xff,0xff,0xff,
    0xff,0xff,0xff,0xff,0xff,0xff,0xff,0xff,0xff,0xff,0xf0,0x7b,0x8e,0x3a,0xef,0x3a,
    0x10,0x3b,0xb5,0x43,0xb4,0x43,0xb4,0x43,0xb4,0x43,0xb4,0x43,0xb4,0x43,0xb4,0x43,
    0xb4,0x43,0xb4,0x43,0xb4,0x43,0xb4,0x43,0xb4,0x43,0xb4,0x43,0xb4,0x43,0xb4,0x43,
    0xb4,0x43,0xb4,0x43,0xd4,0x43,0xb4,0x43,0xb4,0x43,0xb4,0x43,0xb4,0x43,0xd4,0x43,
    0xb5,0x43,0xd5,0x43,0xd5,0x43,0xd5,0x43,0xd4,0x43,0xb4,0x43,0xf6,0x4b,0x3a,0x7d,
    0x89,0x21,0x4c,0x2a,0xef,0x3a,0xcf,0x3a,0x4c,0x32,0x0d,0x5b,0x7d,0xef,0xff,0xff,
    0xff,0xff,0xff,0xff,0x59,0xce,0xcf,0x73,0x8e,0x6b,0xd3,0x9c,0xff,0xff,0xff,0xff,
    0xff,0xff,0xff,0xff,0xff,0xff,0xff,0xff,0xff,0xff,0x7a,0xce,0xce,0x42,0xb4,0x4b,
    0xd5,0x4b,0xd5,0x4b,0xd4,0x4b,0xd4,0x4b,0xd4,0x4b,0xb4,0x43,0xd4,0x43,0xd4,0x4b,
    0xd4,0x4b,0xb4,0x4b,0xb4,0x4b,0xd4,0x4b,0x72,0x4b,0x2a,0x32,0xb7,0xb5,0x8f,0x73,
    0x2c,0x32,0xf5,0x53,0xd5,0x4b,0xd4,0x4b,0xd4,0x4b,0xb4,0x4b,0xb4,0x4b,0xb4,0x4b,
    0xb4,0x4b,0xb4,0x43,0xb4,0x43,0xb4,0x43,0xb4,0x43,0xf5,0x53,0xad,0x3a,0xb7,0xb5,
    0xff,0xff,0xff,0xff,0xff,0xff,0xff,0xff,0xff,0xff,0xff,0xff,0xff,0xff,0xff,0xff,
    0xff,0xff,0xff,0xff,0xff,0xff,0xd3,0x9c,0x8d,0x2a,0xd5,0x43,0x94,0x43,0x93,0x43,
    0x94,0x43,0xb4,0x4b,0xcf,0x32,0xec,0x52,0xbe,0xf7,0xff,0xff,0xff,0xff,0xff,0xff,
    0xff,0xff,0xff,0xff,0xff,0xff,0xff,0xff,0xff,0xff,0xff,0xff,0xff,0xff,0xff,0xff,
    0xff,0xff,0xff,0xff,0xff,0xff,0xff,0xff,0xff,0xff,0xff,0xff,0xff,0xff,0xff,0xff,
    0xff,0xff,0xff,0xff,0xff,0xff,0xff,0xff,0xff,0xff,0xff,0xff,0xff,0xff,0xff,0xff,
    0xff,0xff,0x59,0xce,0xe9,0x29,0xb3,0x4b,0xb4,0x43,0xb3,0x43,0x94,0x43,0xb4,0x43,
    0xb4,0x43,0xb4,0x43,0xb4,0x43,0xb4,0x4b,0xb4,0x4b,0xb4,0x4b,0xb4,0x4b,0xb4,0x43,
    0xb4,0x43,0x94,0x43,0x94,0x43,0xd5,0x4b,0x10,0x3b,0x6a,0x42,0xdf,0xff,0xff,0xff,
    0xff,0xff,0xff,0xff,0xff,0xff,0xff,0xff,0xff,0xff,0xff,0xff,0xff,0xff,0xff,0xff,
    0xff,0xff,0xff,0xff,0xff,0xff,0xff,0xff,0xff,0xff,0xff,0xff,0xff,0xff,0xff,0xff,
    0xff,0xff,0xff,0xff,0xff,0xff,0xff,0xff,0xff,0xff,0xff,0xff,0xff,0xff,0xff,0xff,
    0xff,0xff,0xff,0xff,0xff,0xff,0xff,0xff,0xff,0xff,0xff,0xff,0xff,0xff,0xff,0xff,
    0xff,0xff,0xff,0xff,0xff,0xff,0xff,0xff,0xff,0xff,0xff,0xff,0xff,0xff,0xff,0xff,
    0xff,0xff,0xff,0xff,0xff,0xff,0xff,0xff,0xff,0xff,0xff,0xff,0xff,0xff,0xff,0xff,
    0xff,0xff,0xff,0xff,0xff,0xff,0xff,0xff,0xff,0xff,0xff,0xff,0xff,0xff,0xff,0xff,
    0xff,0xff,0xff,0xff,0xff,0xff,0xff,0xff,0xff,0xff,0xff,0xff,0xff,0xff,0xff,0xff,
    0xff,0xff,0xff,0xff,0xff,0xff,0xff,0xff,0xff,0xff,0xff,0xff,0xff,0xff,0xff,0xff,
    0xff,0xff,0xff,0xff,0xff,0xff,0xff,0xff,0xff,0xff,0xf0,0x7b,0x8d,0x32,0xcf,0x3a,
    0xf0,0x3a,0xb4,0x4b,0xd4,0x43,0xd5,0x43,0xd5,0x43,0xd5,0x43,0xd5,0x43,0xd5,0x43,
    0xd5,0x43,0xd5,0x43,0xd5,0x43,0xd5,0x4b,0xd5,0x4b,0xd5,0x43,0xd5,0x43,0xd5,0x43,
    0xd5,0x43,0xd5,0x43,0xd5,0x43,0xd5,0x43,0xd5,0x43,0xd5,0x43,0xd5,0x43,0xd5,0x43,
    0xd5,0x4b,0xd5,0x4b,0xd5,0x4b,0xd5,0x4b,0xd5,0x4b,0xd5,0x43,0xf5,0x4b,0x3a,0x7d,
    0xa9,0x29,0x6d,0x32,0xef,0x3a,0xf0,0x3a,0xae,0x3a,0x0d,0x5b,0x5d,0xef,0xff,0xff,
    0xff,0xff,0xff,0xff,0x79,0xce,0x10,0x7c,0xaf,0x73,0xd3,0x9c,0xff,0xff,0xff,0xff,
    0xff,0xff,0xff,0xff,0xff,0xff,0xff,0xff,0xff,0xff,0x79,0xce,0x4c,0x3a,0x31,0x43,
    0x31,0x43,0x31,0x43,0x10,0x3b,0xcf,0x3a,0xaf,0x3a,0xae,0x32,0x8e,0x32,0x8e,0x32,
    0x8e,0x32,0x8d,0x32,0x6d,0x32,0x6d,0x32,0x2c,0x32,0xc8,0x29,0xf8,0xbd,0xd0,0x73,
    0x88,0x19,0x8d,0x32,0x6d,0x2a,0x4d,0x2a,0x4d,0x2a,0x2c,0x2a,0x2c,0x2a,0x2c,0x2a,
    0x0b,0x2a,0x2b,0x2a,0x0b,0x2a,0x0b,0x22,0x0b,0x22,0x4c,0x32,0xc9,0x29,0x76,0xad,
    0xff,0xff,0xdf,0xff,0xff,0xff,0xff,0xff,0xff,0xff,0xff,0xff,0xff,0xff,0xff,0xff,
    0xff,0xff,0xff,0xff,0xff,0xff,0xf3,0x9c,0x6d,0x32,0xb4,0x43,0x94,0x43,0x94,0x43,
    0x94,0x43,0xb4,0x43,0xcf,0x3a,0x2d,0x5b,0xdf,0xff,0xff,0xff,0xff,0xff,0xff,0xff,
    0xff,0xff,0xff,0xff,0xff,0xff,0xff,0xff,0xff,0xff,0xff,0xff,0xff,0xff,0xff,0xff,
    0xff,0xff,0xff,0xff,0xff,0xff,0xff,0xff,0xff,0xff,0xff,0xff,0xff,0xff,0xff,0xff,
    0xff,0xff,0xff,0xff,0xff,0xff,0xff,0xff,0xff,0xff,0xff,0xff,0xff,0xff,0xff,0xff,
    0xff,0xff,0x18,0xc6,0x09,0x2a,0xb4,0x4b,0x94,0x4b,0x94,0x43,0x94,0x43,0xb4,0x43,
    0xb5,0x4b,0xb5,0x4b,0xb4,0x43,0xd5,0x43,0xd5,0x43,0xd5,0x43,0xd5,0x43,0xb5,0x43,
    0xb4,0x43,0xb4,0x43,0x94,0x43,0xf5,0x4b,0x10,0x3b,0x8a,0x4a,0xff,0xff,0xff,0xff,
    0xff,0xff,0xff,0xff,0xff,0xff,0xff,0xff,0xff,0xff,0xff,0xff,0xff,0xff,0xff,0xff,
    0xff,0xff,0xff,0xff,0xff,0xff,0xff,0xff,0xff,0xff,0xff,0xff,0xff,0xff,0xff,0xff,
    0xff,0xff,0xff,0xff,0xff,0xff,0xff,0xff,0xff,0xff,0xff,0xff,0xff,0xff,0xff,0xff,
    0xff,0xff,0xff,0xff,0xff,0xff,0xff,0xff,0xff,0xff,0xff,0xff,0xff,0xff,0xff,0xff,
    0xff,0xff,0xff,0xff,0xff,0xff,0xff,0xff,0xff,0xff,0xff,0xff,0xff,0xff,0xff,0xff,
    0xff,0xff,0xff,0xff,0xff,0xff,0xff,0xff,0xff,0xff,0xff,0xff,0xff,0xff,0xff,0xff,
    0xff,0xff,0xff,0xff,0xff,0xff,0xff,0xff,0xff,0xff,0xff,0xff,0xff,0xff,0xff,0xff,
    0xff,0xff,0xff,0xff,0xff,0xff,0xff,0xff,0xff,0xff,0xff,0xff,0xff,0xff,0xff,0xff,
    0xff,0xff,0xff,0xff,0xff,0xff,0xff,0xff,0xff,0xff,0xff,0xff,0xff,0xff,0xff,0xff,
    0xff,0xff,0xff,0xff,0xff,0xff,0xff,0xff,0xff,0xff,0x31,0x7c,0x8d,0x32,0xf0,0x3a,
    0x8e,0x2a,0x10,0x3b,0x11,0x3b,0x31,0x3b,0x31,0x3b,0x32,0x3b,0x32,0x3b,0x32,0x43,
    0x52,0x3b,0x52,0x43,0x52,0x3b,0x32,0x3b,0x52,0x43,0x32,0x3b,0x32,0x43,0x32,0x43,
    0x32,0x43,0x32,0x43,0x32,0x43,0x32,0x43,0x52,0x43,0x32,0x3b,0x52,0x3b,0x52,0x43,
    0x52,0x3b,0x52,0x3b,0x72,0x43,0x72,0x43,0x53,0x3b,0x52,0x3b,0x73,0x43,0xd8,0x6c,
    0xc9,0x29,0x8d,0x32,0xf0,0x3a,0x10,0x3b,0x8e,0x32,0xed,0x52,0x7d,0xef,0xff,0xff,
    0xdf,0xff,0xff,0xff,0x79,0xce,0x30,0x84,0xcf,0x73,0xf3,0x9c,0xff,0xff,0xff,0xff,
    0xff,0xff,0xff,0xff,0xff,0xff,0xff,0xff,0xff,0xff,0x5d,0xef,0x52,0x84,0x6a,0x3a,
    0xe8,0x29,0x09,0x32,0xc8,0x29,0xa7,0x29,0x87,0x21,0x67,0x21,0x66,0x21,0x67,0x21,
    0x67,0x21,0x67,0x21,0x67,0x29,0xa7,0x29,0xa7,0x29,0xc7,0x31,0x18,0xbe,0xef,0x7b,
    0x45,0x21,0x29,0x3a,0xe9,0x31,0xe9,0x31,0xe9,0x31,0x08,0x3a,0x09,0x3a,0x09,0x3a,
    0x09,0x3a,0x09,0x3a,0x09,0x3a,0x08,0x3a,0x08,0x3a,0xc8,0x31,0xe8,0x39,0x9a,0xce,
    0xff,0xff,0xdf,0xff,0xff,0xff,0xff,0xff,0xff,0xff,0xff,0xff,0xff,0xff,0xff,0xff,
    0xff,0xff,0xdf,0xff,0xff,0xff,0x14,0x9d,0x8e,0x32,0xd4,0x4b,0xb3,0x43,0xb4,0x43,
    0xb4,0x43,0xd4,0x4b,0x10,0x3b,0x4e,0x63,0xde,0xff,0xff,0xff,0xdf,0xff,0xdf,0xff,
    0xff,0xff,0xff,0xff,0xff,0xff,0xff,0xff,0xff,0xff,0xff,0xff,0xff,0xff,0xff,0xff,
    0xff,0xff,0xff,0xff,0xff,0xff,0xff,0xff,0xff,0xff,0xff,0xff,0xff,0xff,0xff,0xff,
    0xff,0xff,0xff,0xff,0xff,0xff,0xff,0xff,0xff,0xff,0xff,0xff,0xff,0xff,0xdf,0xff,
    0xff,0xff,0xb7,0xbd,0xea,0x29,0xb4,0x4b,0xb4,0x4b,0xb4,0x43,0xb4,0x43,0xd4,0x4b,
    0xb4,0x4b,0xb4,0x4b,0xb4,0x4b,0xb4,0x4b,0xb4,0x4b,0x94,0x4b,0x93,0x43,0x93,0x4b,
    0x93,0x4b,0x93,0x43,0x93,0x43,0xf4,0x53,0x30,0x43,0xec,0x5a,0xff,0xff,0xff,0xff,
    0xff,0xff,0xff,0xff,0xff,0xff,0xff,0xff,0xff,0xff,0xff,0xff,0xff,0xff,0xff,0xff,
    0xff,0xff,0xff,0xff,0xdf,0xff,0xff,0xff,0xff,0xff,0xff,0xff,0xff,0xff,0xff,0xff,
    0xff,0xff,0xff,0xff,0xff,0xff,0xff,0xff,0xff,0xff,0xff,0xff,0xff,0xff,0xff,0xff,
    0xff,0xff,0xff,0xff,0xff,0xff,0xff,0xff,0xff,0xff,0xff,0xff,0xff,0xff,0xff,0xff,
    0xff,0xff,0xff,0xff,0xff,0xff,0xff,0xff,0xff,0xff,0xff,0xff,0xff,0xff,0xff,0xff,
    0xff,0xff,0xff,0xff,0xff,0xff,0xff,0xff,0xff,0xff,0xff,0xff,0xff,0xff,0xff,0xff,
    0xff,0xff,0xff,0xff,0xff,0xff,0xff,0xff,0xff,0xff,0xff,0xff,0xff,0xff,0xff,0xff,
    0xff,0xff,0xff,0xff,0xff,0xff,0xff,0xff,0xff,0xff,0xff,0xff,0xff,0xff,0xff,0xff,
    0xff,0xff,0xff,0xff,0xff,0xff,0xff,0xff,0xff,0xff,0xff,0xff,0xff,0xff,0xff,0xff,
    0xff,0xff,0xff,0xff,0xff,0xff,0xff,0xff,0xff,0xff,0x72,0x8c,0xae,0x32,0xb3,0x4b,
    0xf0,0x32,0xf0,0x3a,0x10,0x3b,0x10,0x3b,0x11,0x3b,0x11,0x3b,0x10,0x3b,0x10,0x3b,
    0xf0,0x3a,0xf0,0x3a,0xd0,0x32,0xcf,0x32,0xcf,0x32,0xcf,0x32,0xaf,0x32,0xcf,0x32,
    0xcf,0x32,0xd0,0x3a,0xf0,0x3a,0xf0,0x3a,0x11,0x3b,0x11,0x43,0x11,0x3b,0x31,0x43,
    0x31,0x3b,0x31,0x3b,0x31,0x3b,0x11,0x3b,0x11,0x3b,0x11,0x3b,0x52,0x3b,0x15,0x54,
    0x4c,0x2a,0xf0,0x3a,0x11,0x3b,0x31,0x43,0x8e,0x32,0x4e,0x5b,0xdf,0xff,0xff,0xff,
    0xff,0xff,0xff,0xff,0xda,0xd6,0x51,0x84,0xf0,0x7b,0x14,0xa5,0xff,0xff,0xff,0xff,
    0xff,0xff,0xff,0xff,0xff,0xff,0xff,0xff,0xff,0xff,0xff,0xff,0xff,0xff,0x71,0x8c,
    0xcb,0x52,0xd0,0x73,0x8e,0x6b,0x8e,0x6b,0x6e,0x63,0x4d,0x63,0x4d,0x63,0x4d,0x63,
    0x6d,0x63,0x6d,0x63,0x6e,0x63,0x8e,0x6b,0xcf,0x73,0x8a,0x4a,0xf8,0xbd,0xf0,0x7b,
    0x49,0x42,0x31,0x7c,0xcf,0x73,0xcf,0x73,0xcf,0x73,0xef,0x73,0xcf,0x73,0xef,0x73,
    0xf0,0x73,0xef,0x6b,0xef,0x73,0xcf,0x6b,0xef,0x73,0x2d,0x5b,0x8e,0x73,0xff,0xff,
    0xff,0xff,0xff,0xff,0xff,0xff,0xff,0xff,0xff,0xff,0xff,0xff,0xff,0xff,0xff,0xff,
    0xff,0xff,0xff,0xff,0xff,0xff,0xb6,0xb5,0xad,0x3a,0xf0,0x3a,0x8e,0x32,0xaf,0x32,
    0xcf,0x3a,0x31,0x43,0x30,0x43,0xd0,0x6b,0xff,0xff,0xff,0xff,0xff,0xff,0xff,0xff,
    0xff,0xff,0xff,0xff,0xff,0xff,0xff,0xff,0xff,0xff,0xff,0xff,0xff,0xff,0xff,0xff,
    0xff,0xff,0xff,0xff,0xff,0xff,0xff,0xff,0xff,0xff,0xff,0xff,0xff,0xff,0xff,0xff,
    0xff,0xff,0xff,0xff,0xff,0xff,0xff,0xff,0xff,0xff,0xff,0xff,0xff,0xff,0xff,0xff,
    0xff,0xff,0xf7,0xbd,0x0b,0x32,0xb3,0x4b,0xcf,0x3a,0xae,0x32,0x8e,0x32,0x8e,0x32,
    0x8d,0x32,0x6d,0x32,0x6d,0x32,0x4d,0x32,0x4d,0x32,0x4d,0x32,0x4d,0x32,0x4d,0x32,
    0x6d,0x32,0x8e,0x32,0xae,0x3a,0x51,0x43,0x50,0x43,0xaf,0x6b,0xff,0xff,0xff,0xff,
    0xff,0xff,0xff,0xff,0xff,0xff,0xff,0xff,0xff,0xff,0xff,0xff,0xff,0xff,0xff,0xff,
    0xff,0xff,0xff,0xff,0xff,0xff,0xff,0xff,0xff,0xff,0xff,0xff,0xff,0xff,0xff,0xff,
    0xff,0xff,0xff,0xff,0xff,0xff,0xff,0xff,0xff,0xff,0xff,0xff,0xff,0xff,0xff,0xff,
    0xff,0xff,0xff,0xff,0xff,0xff,0xff,0xff,0xff,0xff,0xff,0xff,0xff,0xff,0xff,0xff,
    0xff,0xff,0xff,0xff,0xff,0xff,0xff,0xff,0xff,0xff,0xff,0xff,0xff,0xff,0xff,0xff,
    0xff,0xff,0xff,0xff,0xff,0xff,0xff,0xff,0xff,0xff,0xff,0xff,0xff,0xff,0xff,0xff,
    0xff,0xff,0xff,0xff,0xff,0xff,0xff,0xff,0xff,0xff,0xff,0xff,0xff,0xff,0xff,0xff,
    0xff,0xff,0xff,0xff,0xff,0xff,0xff,0xff,0xff,0xff,0xff,0xff,0xff,0xff,0xff,0xff,
    0xff,0xff,0xff,0xff,0xff,0xff,0xff,0xff,0xff,0xff,0xff,0xff,0xff,0xff,0xff,0xff,
    0xff,0xff,0xff,0xff,0xff,0xff,0xff,0xff,0xff,0xff,0x92,0x8c,0x2b,0x2a,0x10,0x43,
    0xae,0x3a,0xae,0x3a,0x8e,0x3a,0xae,0x32,0xae,0x32,0xae,0x3a,0xcf,0x3a,0xcf,0x3a,
    0xcf,0x3a,0xcf,0x3a,0xcf,0x3a,0xcf,0x3a,0xcf,0x3a,0xcf,0x3a,0xcf,0x3a,0xce,0x3a,
    0xce,0x3a,0xce,0x3a,0xce,0x3a,0xcf,0x3a,0xce,0x3a,0xae,0x32,0xae,0x32,0xae,0x32,
    0xae,0x32,0x8d,0x32,0x6d,0x32,0x4d,0x32,0x4c,0x32,0x4c,0x32,0x4c,0x32,0x8d,0x32,
    0xca,0x21,0x6d,0x32,0x6d,0x32,0x8d,0x32,0x0b,0x2a,0xab,0x4a,0x99,0xce,0xda,0xd6,
    0xba,0xde,0xfb,0xde,0xb6,0xb5,0xae,0x73,0x2c,0x63,0x10,0x84,0xdb,0xde,0xba,0xd6,
    0xdb,0xde,0xdb,0xde,0xfb,0xde,0xfb,0xde,0xfb,0xde,0xdb,0xde,0x1c,0xe7,0x10,0x84,
    0x49,0x42,0x4d,0x63,0x0d,0x5b,0x0c,0x5b,0xec,0x52,0xcb,0x52,0xcb,0x52,0xcb,0x52,
    0xcb,0x52,0xcb,0x52,0xcb,0x52,0xec,0x52,0x2d,0x63,0x29,0x3a,0xf8,0xbd,0x10,0x7c,
    0xc7,0x31,0x2d,0x5b,0xcb,0x52,0xab,0x4a,0xab,0x4a,0xab,0x4a,0xab,0x4a,0xab,0x52,
    0xab,0x52,0xab,0x4a,0xcb,0x4a,0xab,0x4a,0xcb,0x52,0x28,0x42,0xcb,0x5a,0x18,0xc6,
    0x18,0xc6,0x38,0xc6,0x38,0xc6,0x38,0xc6,0x18,0xc6,0x18,0xc6,0x18,0xc6,0x18,0xc6,
    0xf7,0xbd,0xf7,0xbd,0x18,0xc6,0x10,0x7c,0xc8,0x29,0x6c,0x3a,0x4c,0x32,0x4c,0x32,
    0x4c,0x3a,0x8d,0x3a,0x6c,0x3a,0xab,0x52,0xd7,0xbd,0xd7,0xbd,0xb6,0xb5,0xb6,0xb5,
    0xb6,0xb5,0xb6,0xb5,0xb6,0xb5,0xb6,0xb5,0xb6,0xb5,0xb6,0xb5,0xb6,0xb5,0xb6,0xb5,
    0xb6,0xb5,0xb6,0xb5,0xb6,0xb5,0xb6,0xb5,0x96,0xb5,0x96,0xb5,0x75,0xad,0x75,0xad,
    0x75,0xad,0x75,0xad,0x55,0xad,0x55,0xad,0x54,0xad,0x34,0xad,0x34,0xa5,0x14,0xa5,
    0x54,0xad,0x6e,0x73,0x47,0x19,0x6c,0x32,0xea,0x21,0xc9,0x29,0xc9,0x29,0xa9,0x21,
    0xa9,0x21,0xa9,0x21,0xa9,0x21,0xa9,0x29,0xa9,0x29,0xa9,0x21,0xa9,0x29,0xa9,0x29,
    0xc9,0x29,0xca,0x29,0xea,0x29,0x4c,0x2a,0x0a,0x2a,0x49,0x42,0xb3,0x94,0x72,0x94,
    0x92,0x94,0x92,0x94,0x92,0x94,0x92,0x94,0x91,0x8c,0x71,0x8c,0x71,0x8c,0x71,0x8c,
    0x71,0x8c,0x71,0x8c,0x71,0x8c,0x71,0x8c,0x71,0x8c,0x91,0x94,0x92,0x94,0x71,0x8c,
    0x71,0x8c,0x34,0xa5,0x95,0xb5,0x79,0xce,0xff,0xff,0xff,0xff,0xff,0xff,0xff,0xff,
    0xff,0xff,0xff,0xff,0xff,0xff,0xff,0xff,0xff,0xff,0xff,0xff,0xff,0xff,0xff,0xff,
    0xff,0xff,0xff,0xff,0xff,0xff,0xff,0xff,0xff,0xff,0xff,0xff,0xff,0xff,0xff,0xff,
    0xff,0xff,0xff,0xff,0xff,0xff,0xff,0xff,0xff,0xff,0xff,0xff,0xff,0xff,0xff,0xff,
    0xff,0xff,0xff,0xff,0xff,0xff,0xff,0xff,0xff,0xff,0xff,0xff,0xff,0xff,0xff,0xff,
    0xff,0xff,0xff,0xff,0xff,0xff,0xff,0xff,0xff,0xff,0xff,0xff,0xff,0xff,0xff,0xff,
    0xff,0xff,0xff,0xff,0xff,0xff,0xff,0xff,0xff,0xff,0xff,0xff,0xff,0xff,0xff,0xff,
    0xff,0xff,0xff,0xff,0xff,0xff,0xff,0xff,0xff,0xff,0x59,0xc6,0x25,0x21,0xa3,0x10,
    0xc3,0x10,0xa3,0x10,0xa3,0x10,0xa2,0x10,0xa2,0x10,0xa2,0x10,0xa3,0x10,0xa3,0x10,
    0xa3,0x10,0xa3,0x10,0xa3,0x10,0xa3,0x10,0xa3,0x10,0xa3,0x10,0xa3,0x10,0xa2,0x10,
    0xa2,0x10,0xa2,0x10,0xa3,0x10,0xc3,0x10,0xa3,0x10,0xa3,0x10,0xa3,0x10,0xa3,0x10,
    0xa3,0x10,0xa3,0x10,0x82,0x10,0x82,0x10,0x82,0x10,0x82,0x10,0xa2,0x10,0xa2,0x10,
    0xe4,0x18,0x45,0x21,0x46,0x21,0x46,0x21,0x45,0x21,0x45,0x29,0xc6,0x39,0xc6,0x39,
    0xe7,0x41,0x08,0x42,0xc6,0x39,0x65,0x29,0x45,0x29,0x65,0x29,0xe7,0x39,0xe7,0x41,
    0x07,0x42,0x28,0x42,0x28,0x4a,0x48,0x4a,0x48,0x4a,0x48,0x4a,0x49,0x4a,0xe7,0x39,
    0x85,0x31,0xa6,0x31,0x86,0x31,0x86,0x31,0x85,0x29,0x85,0x29,0x65,0x29,0x65,0x29,
    0x65,0x29,0x86,0x31,0x85,0x29,0xa6,0x31,0xa7,0x31,0x86,0x29,0x18,0xbe,0x10,0x84,
    0xc3,0x18,0x65,0x29,0xa6,0x31,0x86,0x31,0xa6,0x31,0x86,0x31,0x85,0x31,0x86,0x31,
    0x86,0x31,0x86,0x31,0x86,0x31,0x86,0x31,0x86,0x31,0x85,0x31,0x85,0x31,0xc6,0x39,
    0xc7,0x39,0xe7,0x41,0xe7,0x41,0x07,0x42,0x07,0x42,0x07,0x42,0xe7,0x41,0xe7,0x39,
    0xc6,0x39,0xc6,0x39,0xc6,0x39,0xa6,0x31,0xa6,0x31,0xe7,0x39,0xe8,0x39,0xe7,0x39,
    0xe8,0x39,0xc7,0x39,0xc7,0x39,0xc7,0x39,0xe7,0x41,0xe7,0x41,0xc7,0x39,0xc6,0x39,
    0xc7,0x39,0xc7,0x39,0xc6,0x39,0xc7,0x39,0xc6,0x39,0xc6,0x39,0xc6,0x39,0xc6,0x39,
    0xc6,0x39,0xc7,0x39,0xe7,0x39,0xc7,0x39,0xc7,0x39,0xc6,0x39,0xc6,0x39,0xa6,0x39,
    0xa6,0x39,0xa6,0x39,0xa6,0x31,0x86,0x31,0x86,0x31,0x86,0x31,0xa6,0x31,0xa6,0x31,
    0x85,0x31,0xa6,0x39,0xe7,0x39,0x08,0x3a,0x08,0x3a,0x08,0x3a,0x08,0x3a,0x08,0x3a,
    0xe8,0x39,0xe8,0x39,0xe8,0x39,0xe7,0x39,0xe7,0x39,0xe7,0x39,0xe7,0x39,0xe7,0x39,
    0xe8,0x39,0x08,0x3a,0x09,0x42,0x29,0x42,0x08,0x3a,0xe7,0x41,0xc6,0x41,0xc6,0x39,
    0xa6,0x31,0xa6,0x31,0xa6,0x31,0xa6,0x31,0xa6,0x39,0xa6,0x39,0xa6,0x39,0xa6,0x39,
    0xa6,0x39,0xa6,0x39,0xa6,0x39,0xa6,0x39,0xa6,0x39,0xa6,0x31,0xa6,0x31,0xa6,0x31,
    0x85,0x31,0xa6,0x31,0x65,0x31,0xc7,0x39,0x59,0xce,0xff,0xff,0xff,0xff,0xff,0xff,
    0xff,0xff,0xff,0xff,0xff,0xff,0xff,0xff,0xff,0xff,0xff,0xff,0xff,0xff,0xff,0xff,
    0xff,0xff,0xff,0xff,0xff,0xff,0xff,0xff,0xff,0xff,0xff,0xff,0xff,0xff,0xff,0xff,
    0xff,0xff,0xff,0xff,0xff,0xff,0xff,0xff,0xff,0xff,0xff,0xff,0xff,0xff,0xff,0xff,
    0xff,0xff,0xff,0xff,0xff,0xff,0xff,0xff,0xff,0xff,0xff,0xff,0xff,0xff,0xff,0xff,
    0xff,0xff,0xff,0xff,0xff,0xff,0xff,0xff,0xff,0xff,0xff,0xff,0xff,0xff,0xff,0xff,
    0xff,0xff,0xff,0xff,0xff,0xff,0xff,0xff,0xff,0xff,0xff,0xff,0xff,0xff,0xff,0xff,
    0xff,0xff,0xff,0xff,0xff,0xff,0xdf,0xff,0xff,0xff,0x38,0xc6,0xe4,0x20,0xc6,0x39,
    0xe6,0x41,0xe7,0x41,0x28,0x4a,0x48,0x4a,0x69,0x52,0x89,0x52,0xaa,0x5a,0xca,0x5a,
    0xca,0x62,0xeb,0x62,0xeb,0x62,0x0b,0x63,0x0b,0x63,0x0b,0x63,0x0b,0x63,0x0b,0x63,
    0x0b,0x63,0x0b,0x63,0x0b,0x63,0x0b,0x63,0x0c,0x6b,0x2c,0x6b,0x2c,0x6b,0x2c,0x6b,
    0x2c,0x6b,0x2c,0x6b,0x2c,0x6b,0x2c,0x6b,0x2c,0x6b,0x4c,0x6b,0x4c,0x6b,0x6d,0x6b,
    0x6d,0x73,0x8d,0x73,0x8d,0x7b,0x8d,0x7b,0xad,0x7b,0x8d,0x73,0x6d,0x73,0x8d,0x73,
    0x8d,0x7b,0x8d,0x73,0x6d,0x73,0x6d,0x73,0x6d,0x73,0x6d,0x73,0x6d,0x73,0x8d,0x73,
    0xae,0x7b,0xae,0x7b,0xce,0x7b,0xce,0x7b,0xce,0x7b,0xce,0x7b,0xae,0x7b,0xce,0x7b,
    0xce,0x7b,0xce,0x7b,0xae,0x7b,0xad,0x7b,0xad,0x7b,0xae,0x7b,0xad,0x73,0x8d,0x73,
    0x8d,0x7b,0xae,0x7b,0xae,0x7b,0xce,0x83,0xef,0x83,0x28,0x42,0xd7,0xbd,0x31,0x84,
    0x03,0x21,0xca,0x5a,0x0f,0x84,0xce,0x83,0xce,0x83,0xce,0x7b,0xae,0x7b,0xce,0x7b,
    0xce,0x7b,0xce,0x7b,0xce,0x7b,0xce,0x7b,0xce,0x7b,0xce,0x7b,0xce,0x7b,0xae,0x7b,
    0xae,0x7b,0xae,0x7b,0xce,0x7b,0xce,0x7b,0xce,0x83,0xce,0x7b,0xce,0x7b,0xce,0x7b,
    0xae,0x7b,0xae,0x73,0xae,0x7b,0xce,0x7b,0xce,0x7b,0xce,0x7b,0xce,0x83,0xee,0x83,
    0xee,0x83,0xee,0x83,0xee,0x83,0xef,0x83,0x0f,0x84,0xef,0x83,0xef,0x83,0xef,0x83,
    0xee,0x83,0xce,0x83,0xce,0x7b,0xce,0x7b,0xce,0x7b,0xce,0x7b,0xce,0x83,0xce,0x83,
    0xce,0x7b,0xce,0x83,0xce,0x83,0xce,0x83,0xee,0x83,0xef,0x83,0xef,0x83,0xef,0x83,
    0xcf,0x83,0xcf,0x83,0xce,0x83,0xce,0x7b,0xce,0x7b,0xce,0x7b,0xce,0x7b,0xee,0x83,
    0xef,0x83,0x0f,0x84,0x2f,0x84,0x0f,0x8c,0x0f,0x8c,0x0f,0x8c,0xef,0x83,0xef,0x83,
    0xef,0x83,0xee,0x83,0xce,0x83,0xce,0x83,0xce,0x83,0xce,0x83,0xce,0x83,0xce,0x83,
    0xee,0x83,0xef,0x83,0xef,0x83,0x0f,0x84,0xee,0x83,0xef,0x83,0x0f,0x84,0xef,0x7b,
    0xce,0x7b,0xae,0x7b,0xae,0x7b,0xae,0x7b,0xae,0x7b,0xae,0x7b,0xce,0x7b,0xce,0x7b,
    0xce,0x7b,0xce,0x7b,0xce,0x7b,0xae,0x7b,0xce,0x7b,0xce,0x7b,0xae,0x7b,0xae,0x73,
    0xeb,0x62,0x28,0x4a,0x89,0x52,0x65,0x29,0xb2,0x94,0xff,0xff,0xff,0xff,0xff,0xff,
    0xff,0xff,0xff,0xff,0xff,0xff,0xff,0xff,0xff,0xff,0xff,0xff,0xff,0xff,0xff,0xff,
    0xff,0xff,0xff,0xff,0xff,0xff,0xff,0xff,0xff,0xff,0xff,0xff,0xff,0xff,0xff,0xff,
    0xff,0xff,0xff,0xff,0xff,0xff,0xff,0xff,0xff,0xff,0xff,0xff,0xff,0xff,0xff,0xff,
    0xff,0xff,0xff,0xff,0xff,0xff,0xff,0xff,0xff,0xff,0xff,0xff,0xff,0xff,0xff,0xff,
    0xff,0xff,0xff,0xff,0xff,0xff,0xff,0xff,0xff,0xff,0xff,0xff,0xff,0xff,0xff,0xff,
    0xff,0xff,0xff,0xff,0xff,0xff,0xff,0xff,0xff,0xff,0xff,0xff,0xff,0xff,0xff,0xff,
    0xff,0xff,0xff,0xff,0xff,0xff,0xff,0xff,0xff,0xff,0xf7,0xbd,0xa2,0x18,0xe7,0x41,
    0xe7,0x41,0xe7,0x41,0xe7,0x41,0xc6,0x41,0xe6,0x41,0xe6,0x41,0xe6,0x41,0xe7,0x41,
    0x07,0x42,0x07,0x42,0x07,0x42,0x07,0x42,0x07,0x42,0x07,0x42,0x07,0x42,0x27,0x4a,
    0x27,0x4a,0x27,0x4a,0x27,0x4a,0x28,0x4a,0x28,0x4a,0x28,0x4a,0x28,0x4a,0x28,0x4a,
    0x28,0x4a,0x28,0x4a,0x28,0x4a,0x28,0x4a,0x28,0x4a,0x28,0x4a,0x28,0x4a,0x48,0x4a,
    0x48,0x4a,0x48,0x4a,0x48,0x52,0x48,0x52,0x48,0x4a,0x68,0x52,0x69,0x52,0x69,0x52,
    0x69,0x52,0x49,0x52,0x49,0x52,0x69,0x52,0x69,0x52,0x69,0x52,0x69,0x52,0x89,0x52,
    0xaa,0x5a,0xaa,0x5a,0x89,0x5a,0x89,0x52,0x89,0x52,0x89,0x52,0x89,0x52,0x69,0x52,
    0x69,0x52,0x69,0x52,0x68,0x52,0x69,0x52,0x69,0x52,0x69,0x52,0x69,0x52,0x49,0x52,
    0x49,0x52,0x69,0x52,0x69,0x52,0x69,0x52,0x89,0x52,0xa7,0x31,0xd7,0xbd,0x10,0x84,
    0x03,0x21,0x07,0x42,0x89,0x52,0x69,0x52,0x68,0x52,0x69,0x52,0x69,0x52,0x69,0x52,
    0x69,0x52,0x69,0x52,0x69,0x52,0x69,0x52,0x69,0x52,0x69,0x52,0x69,0x52,0x69,0x52,
    0x69,0x52,0x69,0x52,0x69,0x52,0x69,0x52,0x69,0x52,0x69,0x52,0x69,0x52,0x89,0x52,
    0x69,0x52,0x69,0x52,0x69,0x52,0x69,0x52,0x69,0x52,0x69,0x52,0x69,0x52,0x69,0x52,
    0x69,0x52,0x69,0x52,0x69,0x52,0x69,0x52,0x89,0x52,0x69,0x52,0x69,0x52,0x69,0x52,
    0x69,0x52,0x69,0x52,0x69,0x52,0x69,0x52,0x69,0x52,0x69,0x52,0x69,0x52,0x69,0x52,
    0x69,0x52,0x69,0x52,0x69,0x52,0x69,0x52,0x69,0x52,0x69,0x52,0x69,0x52,0x69,0x52,
    0x69,0x52,0x69,0x52,0x69,0x52,0x69,0x52,0x69,0x52,0x69,0x52,0x69,0x52,0x69,0x52,
    0x69,0x52,0x69,0x52,0x69,0x52,0x89,0x52,0x89,0x52,0x89,0x52,0x69,0x52,0x69,0x52,
    0x69,0x52,0x49,0x52,0x48,0x4a,0x48,0x4a,0x68,0x52,0x48,0x4a,0x48,0x4a,0x48,0x4a,
    0x68,0x4a,0x68,0x52,0x68,0x52,0x69,0x52,0x69,0x52,0x69,0x4a,0x48,0x4a,0x48,0x4a,
    0x28,0x4a,0x28,0x4a,0x28,0x4a,0x28,0x4a,0x28,0x4a,0x28,0x4a,0x28,0x4a,0x28,0x4a,
    0x28,0x4a,0x28,0x4a,0x28,0x4a,0x28,0x4a,0x28,0x4a,0x28,0x4a,0x28,0x4a,0x07,0x42,
    0xc6,0x41,0x07,0x42,0x8d,0x73,0xc6,0x39,0x91,0x94,0xff,0xff,0xdf,0xff,0xff,0xff,
    0xff,0xff,0xff,0xff,0xff,0xff,0xff,0xff,0xff,0xff,0xff,0xff,0xff,0xff,0xff,0xff,
    0xff,0xff,0xff,0xff,0xff,0xff,0xff,0xff,0xff,0xff,0xff,0xff,0xff,0xff,0xff,0xff,
    0xff,0xff,0xff,0xff,0xff,0xff,0xff,0xff,0xff,0xff,0xff,0xff,0xff,0xff,0xff,0xff,
    0xff,0xff,0xff,0xff,0xff,0xff,0xff,0xff,0xff,0xff,0xff,0xff,0xff,0xff,0xff,0xff,
    0xff,0xff,0xff,0xff,0xff,0xff,0xff,0xff,0xff,0xff,0xff,0xff,0xff,0xff,0xff,0xff,
    0xff,0xff,0xff,0xff,0xfb,0xde,0x39,0xc6,0xd7,0xbd,0x96,0xb5,0x75,0xad,0x55,0xad,
    0x55,0xad,0x75,0xad,0x55,0xad,0x55,0xad,0xf8,0xbd,0x51,0x8c,0xc2,0x18,0xe7,0x41,
    0xe7,0x41,0xe7,0x41,0xe7,0x41,0xe7,0x41,0xe7,0x41,0xe7,0x41,0xe7,0x41,0xc7,0x41,
    0xe7,0x41,0xe7,0x41,0xe7,0x41,0xe7,0x41,0xe7,0x41,0xe7,0x41,0xe7,0x41,0xe7,0x41,
    0xe7,0x41,0xe7,0x41,0xe7,0x41,0xc7,0x41,0xc7,0x41,0xc7,0x41,0xc7,0x41,0xc7,0x39,
    0xc6,0x41,0xc6,0x39,0xc6,0x39,0xc6,0x39,0xc6,0x39,0xc6,0x41,0xc6,0x41,0xc6,0x39,
    0xc6,0x39,0xc6,0x39,0xc6,0x41,0xc6,0x39,0xc6,0x39,0xc6,0x39,0xc6,0x39,0xc6,0x39,
    0xc6,0x39,0xc6,0x39,0xc6,0x39,0xc6,0x39,0xc6,0x39,0xc6,0x39,0xc6,0x39,0xc6,0x41,
    0xe7,0x41,0xe7,0x41,0xe6,0x39,0xc6,0x39,0xc6,0x39,0xc6,0x39,0xc6,0x39,0xc6,0x39,
    0xc6,0x39,0xc6,0x39,0xc6,0x39,0xc6,0x39,0xc6,0x39,0xc6,0x39,0xc6,0x39,0xc6,0x39,
    0xc6,0x39,0xc6,0x39,0xc6,0x39,0xc6,0x39,0xa6,0x39,0x45,0x29,0xb7,0xb5,0xf0,0x7b,
    0xe3,0x18,0xa6,0x31,0xc6,0x39,0xc6,0x39,0xc6,0x39,0xc6,0x39,0xc6,0x39,0xc6,0x39,
    0xc6,0x39,0xc6,0x39,0xc6,0x39,0xc6,0x39,0xc6,0x39,0xc6,0x39,0xc6,0x39,0xc6,0x39,
    0xc6,0x39,0xc6,0x39,0xc6,0x39,0xc6,0x39,0xc6,0x39,0xc6,0x39,0xc6,0x39,0xc6,0x39,
    0xc6,0x39,0xc6,0x39,0xc6,0x39,0xc6,0x39,0xc6,0x39,0xc6,0x39,0xc6,0x39,0xc6,0x39,
    0xc6,0x39,0xc6,0x39,0xc6,0x39,0xc6,0x39,0xc6,0x39,0xc6,0x39,0xc6,0x39,0xc6,0x39,
    0xc6,0x39,0xc6,0x39,0xc6,0x39,0xc6,0x39,0xc6,0x39,0xc6,0x39,0xc6,0x39,0xc6,0x39,
    0xc6,0x39,0xc6,0x39,0xc6,0x39,0xc6,0x39,0xc6,0x39,0xc6,0x39,0xc6,0x39,0xc6,0x39,
    0xc6,0x39,0xc6,0x39,0xc6,0x39,0xc6,0x39,0xc6,0x39,0xc6,0x39,0xc6,0x39,0xc6,0x39,
    0xc6,0x39,0xc6,0x39,0xc6,0x41,0xc6,0x39,0xc6,0x39,0xc6,0x39,0xc6,0x39,0xc6,0x39,
    0xc6,0x39,0xc6,0x39,0xc6,0x39,0xc6,0x39,0xc6,0x39,0xc6,0x39,0xc6,0x39,0xc6,0x39,
    0xc6,0x39,0xc6,0x39,0xc6,0x41,0xc7,0x41,0xe7,0x41,0xc6,0x39,0xc6,0x41,0xc6,0x41,
    0xc6,0x41,0xc6,0x41,0xc7,0x41,0xc7,0x41,0xe7,0x41,0xe7,0x41,0xe7,0x41,0xe7,0x41,
    0xe7,0x41,0xe7,0x41,0xe7,0x41,0xe7,0x41,0xe7,0x41,0xe7,0x41,0xe7,0x41,0xe7,0x41,
    0xe7,0x41,0x07,0x4a,0x8d,0x73,0x07,0x42,0x13,0xa5,0xff,0xff,0xff,0xff,0xff,0xff,
    0xff,0xff,0xff,0xff,0xff,0xff,0xff,0xff,0xff,0xff,0xff,0xff,0xff,0xff,0xff,0xff,
    0xff,0xff,0xff,0xff,0xff,0xff,0xff,0xff,0xff,0xff,0xff,0xff,0xff,0xff,0xff,0xff,
    0xff,0xff,0xff,0xff,0xff,0xff,0xff,0xff,0xff,0xff,0xff,0xff,0xff,0xff,0xff,0xff,
    0xff,0xff,0xff,0xff,0xff,0xff,0xff,0xff,0xff,0xff,0xff,0xff,0xff,0xff,0xff,0xff,
    0xff,0xff,0xff,0xff,0xff,0xff,0xff,0xff,0xff,0xff,0xff,0xff,0xff,0xff,0xff,0xff,
    0xff,0xff,0x14,0xa5,0xcb,0x5a,0x8a,0x52,0xe7,0x39,0xc6,0x39,0x86,0x31,0x65,0x29,
    0x86,0x29,0xa6,0x31,0x28,0x42,0x8a,0x4a,0xeb,0x5a,0x08,0x42,0xe3,0x18,0xe7,0x41,
    0xe7,0x41,0xe7,0x41,0xe7,0x41,0xe7,0x41,0xe7,0x41,0xe7,0x41,0xe7,0x41,0xe7,0x41,
    0xe7,0x41,0xe7,0x41,0xe7,0x41,0xe7,0x41,0xe7,0x41,0xe7,0x41,0xe7,0x41,0xe7,0x41,
    0xe7,0x41,0xe7,0x41,0xe7,0x41,0xe7,0x41,0xe7,0x41,0xe7,0x41,0xe7,0x41,0xe7,0x41,
    0xe7,0x41,0xe7,0x41,0xe7,0x41,0xe7,0x41,0xe7,0x41,0xe7,0x41,0xe7,0x41,0xe7,0x41,
    0xe7,0x41,0xe7,0x41,0xe7,0x41,0xe7,0x41,0xe7,0x41,0xe7,0x41,0xe7,0x41,0xe7,0x41,
    0xe7,0x41,0xe7,0x41,0xe7,0x41,0xe7,0x41,0xe7,0x41,0xe7,0x41,0xe7,0x41,0x07,0x42,
    0x07,0x42,0x07,0x42,0x07,0x42,0x07,0x42,0x07,0x42,0x07,0x42,0xe7,0x41,0xe7,0x41,
    0xe7,0x41,0xe7,0x41,0xe7,0x41,0x07,0x42,0x07,0x42,0x07,0x42,0x07,0x42,0x07,0x42,
    0x07,0x42,0x07,0x42,0x07,0x42,0xe7,0x41,0xe7,0x41,0x44,0x29,0x56,0xa5,0xcf,0x73,
    0xc2,0x18,0x85,0x31,0xe7,0x41,0xe7,0x41,0xe7,0x41,0xe7,0x41,0xe7,0x41,0xe7,0x41,
    0xe7,0x41,0xe7,0x41,0xe7,0x41,0xe7,0x41,0xe7,0x41,0xe7,0x41,0xe7,0x41,0xe7,0x41,
    0xe7,0x41,0xe7,0x41,0xe7,0x41,0xe7,0x41,0xe7,0x41,0xe7,0x41,0xe7,0x41,0x07,0x42,
    0xe7,0x41,0xe7,0x41,0xe7,0x41,0xe7,0x41,0xe7,0x41,0x07,0x42,0x07,0x42,0x07,0x42,
    0xe7,0x41,0x07,0x42,0x07,0x42,0x07,0x42,0x07,0x42,0x07,0x42,0x07,0x42,0x07,0x42,
    0x07,0x42,0x07,0x42,0x07,0x42,0x07,0x42,0x07,0x42,0x07,0x42,0xe7,0x41,0xe7,0x41,
    0xe7,0x41,0x07,0x42,0x07,0x42,0x07,0x42,0xe7,0x41,0xe7,0x41,0xe7,0x41,0xe7,0x41,
    0xe7,0x41,0xe7,0x41,0xe7,0x41,0xe7,0x41,0xe7,0x41,0xe7,0x41,0xe7,0x41,0xe7,0x41,
    0xe7,0x41,0xe7,0x41,0xe7,0x41,0xe7,0x41,0xe7,0x41,0xe7,0x41,0xe7,0x41,0xe7,0x41,
    0xe7,0x41,0xe7,0x41,0xe7,0x41,0xe7,0x41,0xe7,0x41,0xe7,0x41,0xe7,0x41,0x07,0x42,
    0x07,0x42,0x07,0x42,0x07,0x42,0xe7,0x41,0xe7,0x41,0xe7,0x41,0xe7,0x41,0xe7,0x41,
    0x07,0x42,0x07,0x42,0x07,0x42,0x07,0x42,0xe7,0x41,0xe7,0x41,0xe7,0x41,0xe7,0x41,
    0xe7,0x41,0xe7,0x41,0xe7,0x41,0xe7,0x41,0xe7,0x41,0xe7,0x41,0xe7,0x41,0xe7,0x41,
    0xc6,0x41,0x07,0x4a,0x8d,0x7b,0x28,0x4a,0x75,0xad,0xff,0xff,0xff,0xff,0xff,0xff,
    0xff,0xff,0xff,0xff,0xff,0xff,0xff,0xff,0xff,0xff,0xff,0xff,0xff,0xff,0xff,0xff,
    0xff,0xff,0xff,0xff,0xff,0xff,0xff,0xff,0xff,0xff,0xff,0xff,0xff,0xff,0xff,0xff,
    0xff,0xff,0xff,0xff,0xff,0xff,0xff,0xff,0xff,0xff,0xff,0xff,0xff,0xff,0xff,0xff,
    0xff,0xff,0xff,0xff,0xff,0xff,0xff,0xff,0xff,0xff,0xff,0xff,0xff,0xff,0xff,0xff,
    0xff,0xff,0xff,0xff,0xff,0xff,0xff,0xff,0xff,0xff,0xff,0xff,0xff,0xff,0xff,0xff,
    0xff,0xff,0x92,0x94,0x2c,0x63,0x2c,0x63,0x8a,0x52,0x8a,0x52,0x89,0x52,0x89,0x4a,
    0xaa,0x52,0x69,0x4a,0x4d,0x6b,0x34,0xa5,0x55,0xad,0x2c,0x63,0xc2,0x18,0x07,0x42,
    0xe7,0x41,0xe7,0x41,0xe7,0x41,0xe7,0x41,0xe7,0x41,0xe7,0x41,0xe7,0x41,0xe7,0x41,
    0xe7,0x41,0xe7,0x41,0xe7,0x41,0xe7,0x41,0xe7,0x41,0xe7,0x41,0xe7,0x41,0xe7,0x41,
    0xe7,0x41,0xe7,0x41,0xe7,0x41,0xe7,0x41,0xe7,0x41,0xe7,0x41,0xe7,0x41,0xe7,0x41,
    0xe7,0x41,0xe7,0x41,0xe7,0x41,0xe7,0x41,0xe7,0x41,0xe7,0x41,0xe7,0x41,0xe7,0x41,
    0xe7,0x41,0xe7,0x41,0xe7,0x41,0xe7,0x41,0xe7,0x41,0xe7,0x41,0xe7,0x41,0xe7,0x41,
    0xe7,0x41,0xe7,0x41,0xe7,0x41,0xe7,0x41,0xe7,0x41,0xe7,0x41,0xe7,0x41,0xe7,0x41,
    0xe7,0x41,0xe7,0x41,0xe7,0x41,0xe7,0x41,0xe7,0x41,0xe7,0x41,0xe7,0x41,0xe7,0x41,
    0xe7,0x41,0xe7,0x41,0xe7,0x41,0xe7,0x41,0x07,0x42,0xe7,0x41,0xe7,0x41,0xe7,0x41,
    0xe7,0x41,0xe7,0x41,0xe7,0x41,0xe7,0x41,0xe6,0x41,0x44,0x29,0x55,0xa5,0xcf,0x73,
    0xa2,0x10,0x85,0x31,0xe7,0x41,0xe7,0x41,0xe7,0x41,0xe7,0x41,0xe7,0x41,0xe7,0x41,
    0xe7,0x41,0xe7,0x41,0xe7,0x41,0xe7,0x41,0xe7,0x41,0xe7,0x41,0xe7,0x41,0xe7,0x41,
    0xe7,0x41,0xe7,0x41,0xe7,0x41,0xe7,0x41,0xe7,0x41,0xe7,0x41,0xe7,0x41,0xe7,0x41,
    0xe7,0x41,0xe7,0x41,0xe7,0x41,0xe7,0x41,0xe7,0x41,0xe7,0x41,0xe7,0x41,0xe7,0x41,
    0xe7,0x41,0xe7,0x41,0xe7,0x41,0xe7,0x41,0xe7,0x41,0xe7,0x41,0xe7,0x41,0xe7,0x41,
    0xe7,0x41,0xe7,0x41,0xe7,0x41,0xe7,0x41,0xe7,0x41,0xe7,0x41,0xe7,0x41,0xe7,0x41,
    0xe7,0x41,0xe7,0x41,0xe7,0x41,0xe7,0x41,0xe7,0x41,0xe7,0x41,0xe7,0x41,0xe7,0x41,
    0xe7,0x41,0xe7,0x41,0xe7,0x41,0xe7,0x41,0xe7,0x41,0xe7,0x41,0xe7,0x41,0xe7,0x41,
    0xe7,0x41,0xe7,0x41,0xe7,0x41,0xe7,0x41,0xe7,0x41,0xe7,0x41,0xe7,0x41,0xe7,0x41,
    0xe7,0x41,0xe7,0x41,0xe7,0x41,0xe7,0x41,0xe7,0x41,0xe7,0x41,0xe7,0x41,0xe7,0x41,
    0xe7,0x41,0xe7,0x41,0xe7,0x41,0xe7,0x41,0xe7,0x41,0xe7,0x41,0xe7,0x41,0xe7,0x41,
    0xe7,0x41,0xe7,0x41,0xe7,0x41,0xe7,0x41,0xe7,0x41,0xe7,0x41,0xe7,0x41,0xe7,0x41,
    0xe7,0x41,0xe7,0x41,0xe7,0x41,0xe7,0x41,0xe7,0x41,0xe7,0x41,0xe7,0x41,0xe7,0x41,
    0xc6,0x41,0x28,0x4a,0xae,0x7b,0x48,0x4a,0x75,0xb5,0xff,0xff,0xff,0xff,0xff,0xff,
    0xff,0xff,0xff,0xff,0xff,0xff,0xff,0xff,0xff,0xff,0xff,0xff,0xff,0xff,0xff,0xff,
    0xff,0xff,0xff,0xff,0xff,0xff,0xff,0xff,0xff,0xff,0xff,0xff,0xff,0xff,0xff,0xff,
    0xff,0xff,0xff,0xff,0xff,0xff,0xff,0xff,0xff,0xff,0xff,0xff,0xff,0xff,0xff,0xff,
    0xff,0xff,0xff,0xff,0xff,0xff,0xff,0xff,0xff,0xff,0xff,0xff,0xff,0xff,0xff,0xff,
    0xff,0xff,0xff,0xff,0xff,0xff,0xff,0xff,0xff,0xff,0xff,0xff,0xff,0xff,0xff,0xff,
    0xff,0xff,0x79,0xce,0xcb,0x5a,0xf3,0x9c,0xf3,0x9c,0xb2,0x94,0xb2,0x94,0x71,0x8c,
    0x6d,0x6b,0xaa,0x52,0x10,0x84,0xd3,0x9c,0x14,0xa5,0x2c,0x63,0xa2,0x10,0xe7,0x41,
    0xe7,0x41,0xe7,0x41,0xe7,0x41,0xe7,0x41,0xe7,0x41,0xe7,0x41,0xe7,0x41,0xe7,0x41,
    0xe7,0x41,0xe7,0x41,0xe7,0x41,0xe7,0x41,0xe7,0x41,0xe7,0x41,0xe7,0x41,0xe7,0x41,
    0xe7,0x41,0xe7,0x41,0xe7,0x41,0xe7,0x41,0xe7,0x41,0xe7,0x41,0xe7,0x41,0xe7,0x41,
    0xe7,0x41,0xe7,0x41,0xe7,0x41,0xe7,0x41,0xe7,0x41,0xe7,0x41,0xe7,0x41,0xe7,0x41,
    0xe7,0x41,0xe7,0x41,0xe7,0x41,0xe7,0x41,0xe7,0x41,0xe7,0x41,0xe7,0x41,0xe7,0x41,
    0xe7,0x41,0xe7,0x41,0xe7,0x41,0xe7,0x41,0xe7,0x41,0xe7,0x41,0xe7,0x41,0xe7,0x41,
    0xe7,0x41,0xe7,0x41,0xe7,0x41,0xe7,0x41,0xe7,0x41,0xe7,0x41,0xe7,0x41,0xe7,0x41,
    0xe7,0x41,0xe7,0x41,0xe7,0x41,0xe7,0x41,0x07,0x42,0xe7,0x41,0xe7,0x41,0xe7,0x41,
    0xe7,0x41,0xe7,0x41,0xe7,0x41,0xe7,0x41,0xe6,0x41,0x44,0x29,0x55,0xa5,0xcf,0x73,
    0xa2,0x10,0x65,0x31,0xe7,0x41,0xe7,0x41,0xe7,0x41,0xe7,0x41,0xe7,0x41,0xe7,0x41,
    0xe7,0x41,0xe7,0x41,0xe7,0x41,0xe7,0x41,0xe7,0x41,0xe7,0x41,0xe7,0x41,0xe7,0x41,
    0xe7,0x41,0xe7,0x41,0xe7,0x41,0xe7,0x41,0xe7,0x41,0xe7,0x41,0xe7,0x41,0xe7,0x41,
    0xe7,0x41,0xe7,0x41,0xe7,0x41,0xe7,0x41,0xe7,0x41,0xe7,0x41,0xe7,0x41,0xe7,0x41,
    0xe7,0x41,0xe7,0x41,0xe7,0x41,0xe7,0x41,0xe7,0x41,0xe7,0x41,0xe7,0x41,0xe7,0x41,
    0xe7,0x41,0xe7,0x41,0xe7,0x41,0xe7,0x41,0xe7,0x41,0xe7,0x41,0xe7,0x41,0xe7,0x41,
    0xe7,0x41,0x07,0x42,0x07,0x42,0x07,0x42,0xe7,0x41,0xe7,0x41,0xe7,0x41,0xe7,0x41,
    0xe7,0x41,0xe7,0x41,0xe7,0x41,0xe7,0x41,0xe7,0x41,0xe7,0x41,0xe7,0x41,0xe7,0x41,
    0xe7,0x41,0xe7,0x41,0xe7,0x41,0xe7,0x41,0xe7,0x41,0xe7,0x41,0xe7,0x41,0xe7,0x41,
    0xe7,0x41,0xe7,0x41,0xe7,0x41,0xe7,0x41,0xe7,0x41,0xe7,0x41,0xe7,0x41,0xe7,0x41,
    0xe7,0x41,0xe7,0x41,0xe7,0x41,0xe7,0x41,0xe7,0x41,0xe7,0x41,0xe7,0x41,0xe7,0x41,
    0xe7,0x41,0xe7,0x41,0xe7,0x41,0xe7,0x41,0xe7,0x41,0xe7,0x41,0xe7,0x41,0xe7,0x41,
    0xe7,0x41,0xe7,0x41,0xe7,0x41,0xe7,0x41,0xe7,0x41,0xe7,0x41,0xe7,0x41,0xe7,0x41,
    0xe7,0x41,0x48,0x4a,0xce,0x7b,0x68,0x4a,0x75,0xad,0xff,0xff,0xff,0xff,0xff,0xff,
    0xff,0xff,0xff,0xff,0xff,0xff,0xff,0xff,0xff,0xff,0xff,0xff,0xff,0xff,0xff,0xff,
    0xff,0xff,0xff,0xff,0xff,0xff,0xff,0xff,0xff,0xff,0xff,0xff,0xff,0xff,0xff,0xff,
    0xff,0xff,0xff,0xff,0xff,0xff,0xff,0xff,0xff,0xff,0xff,0xff,0xff,0xff,0xff,0xff,
    0xff,0xff,0xff,0xff,0xff,0xff,0xff,0xff,0xff,0xff,0xff,0xff,0xff,0xff,0xff,0xff,
    0xff,0xff,0xff,0xff,0xff,0xff,0xff,0xff,0xff,0xff,0xff,0xff,0xff,0xff,0xff,0xff,
    0xff,0xff,0x79,0xce,0x69,0x4a,0x55,0xad,0x96,0xb5,0x34,0xa5,0x75,0xad,0xef,0x7b,
    0x89,0x4a,0x30,0x84,0x13,0x9d,0xd3,0x9c,0x14,0xa5,0x2c,0x63,0xa2,0x10,0xe7,0x41,
    0xe7,0x41,0xe7,0x41,0xe7,0x41,0xe7,0x41,0xe7,0x41,0xe7,0x41,0xe7,0x41,0xe7,0x41,
    0xe7,0x41,0xe7,0x41,0xe7,0x41,0xe7,0x41,0xe7,0x41,0xe7,0x41,0xe7,0x41,0xe7,0x41,
    0xe7,0x41,0xe7,0x41,0xe7,0x41,0xe7,0x41,0xe7,0x41,0xe7,0x41,0xe7,0x41,0xe7,0x41,
    0xe7,0x41,0xe7,0x41,0xe7,0x41,0xe7,0x41,0xe7,0x41,0xe7,0x41,0xe7,0x41,0xe7,0x41,
    0xe7,0x41,0xe7,0x41,0xe7,0x41,0xe7,0x41,0xe7,0x41,0xe7,0x41,0xe7,0x41,0xe7,0x41,
    0xe7,0x41,0xe7,0x41,0xe7,0x41,0xe7,0x41,0xe7,0x41,0xe7,0x41,0xe7,0x41,0xe7,0x41,
    0xe7,0x41,0xe7,0x41,0xe7,0x41,0xe7,0x41,0xe7,0x41,0xe7,0x41,0xe7,0x41,0xe7,0x41,
    0xe7,0x41,0xe7,0x41,0xe7,0x41,0xe7,0x41,0xe7,0x41,0xe7,0x41,0xe7,0x41,0xe7,0x41,
    0xe7,0x41,0xe7,0x41,0xe7,0x41,0xe7,0x41,0xe6,0x41,0x44,0x29,0x55,0xa5,0xef,0x7b,
    0xa2,0x10,0x65,0x31,0xe7,0x41,0xe7,0x41,0xe7,0x41,0xe7,0x41,0xe7,0x41,0xe7,0x41,
    0xe7,0x41,0xe7,0x41,0xe7,0x41,0xe7,0x41,0xe7,0x41,0xe7,0x41,0xe7,0x41,0xe7,0x41,
    0xe7,0x41,0xe7,0x41,0xe7,0x41,0xe7,0x41,0xe7,0x41,0xe7,0x41,0xe7,0x41,0xe7,0x41,
    0xe7,0x41,0xe7,0x41,0xe7,0x41,0xe7,0x41,0xe7,0x41,0xe7,0x41,0xe7,0x41,0xe7,0x41,
    0xe7,0x41,0xe7,0x41,0xe7,0x41,0xe7,0x41,0xe7,0x41,0xe7,0x41,0xe7,0x41,0xe7,0x41,
    0xe7,0x41,0xe7,0x41,0xe7,0x41,0xe7,0x41,0xe7,0x41,0xe7,0x41,0xe7,0x41,0xe7,0x41,
    0xe7,0x41,0xe7,0x41,0xe7,0x41,0xe7,0x41,0xe7,0x41,0xe7,0x41,0xe7,0x41,0xe7,0x41,
    0xe7,0x41,0xe7,0x41,0xe7,0x41,0xe7,0x41,0xe7,0x41,0xe7,0x41,0xe7,0x41,0xe7,0x41,
    0xe7,0x41,0xe7,0x41,0xe7,0x41,0xe7,0x41,0xe7,0x41,0xe7,0x41,0xe7,0x41,0xe7,0x41,
    0xe7,0x41,0xe7,0x41,0xe7,0x41,0xe7,0x41,0xe7,0x41,0xe7,0x41,0xe7,0x41,0xe7,0x41,
    0xe7,0x41,0xe7,0x41,0xe7,0x41,0xe7,0x41,0xe7,0x41,0xe7,0x41,0xe7,0x41,0xe7,0x41,
    0xe7,0x41,0xe7,0x41,0xe7,0x41,0xe7,0x41,0xe7,0x41,0xe7,0x41,0xe7,0x41,0xe7,0x41,
    0xe7,0x41,0xe7,0x41,0xe7,0x41,0xe7,0x41,0xe7,0x41,0xe7,0x41,0xe7,0x41,0xe7,0x41,
    0xc7,0x41,0x48,0x52,0xee,0x83,0x68,0x4a,0x54,0xad,0xff,0xff,0xff,0xff,0xff,0xff,
    0xff,0xff,0xff,0xff,0xff,0xff,0xff,0xff,0xff,0xff,0xff,0xff,0xff,0xff,0xff,0xff,
    0xff,0xff,0xff,0xff,0xff,0xff,0xff,0xff,0xff,0xff,0xff,0xff,0xff,0xff,0xff,0xff,
    0xff,0xff,0xff,0xff,0xff,0xff,0xff,0xff,0xff,0xff,0xff,0xff,0xff,0xff,0xff,0xff,
    0xff,0xff,0xff,0xff,0xff,0xff,0xff,0xff,0xff,0xff,0xff,0xff,0xff,0xff,0xff,0xff,
    0xff,0xff,0xff,0xff,0xff,0xff,0xff,0xff,0xff,0xff,0xff,0xff,0xff,0xff,0xff,0xff,
    0xff,0xff,0x59,0xce,0x49,0x4a,0x55,0xad,0xb6,0xb5,0x96,0xb5,0xf3,0x9c,0xcb,0x52,
    0x51,0x8c,0x54,0xa5,0x13,0x9d,0xf3,0x9c,0x34,0xa5,0x0c,0x63,0xa2,0x10,0x07,0x42,
    0xe7,0x41,0xe7,0x41,0xe7,0x41,0xe7,0x41,0xe7,0x41,0xe7,0x41,0xe7,0x41,0xe7,0x41,
    0xe7,0x41,0xe7,0x41,0xe7,0x41,0xe7,0x41,0xe7,0x41,0xe7,0x41,0xe7,0x41,0xe7,0x41,
    0xe7,0x41,0xe7,0x41,0xe7,0x41,0xe7,0x41,0xe7,0x41,0xe7,0x41,0xe7,0x41,0xe7,0x41,
    0xe7,0x41,0xe7,0x41,0xe7,0x41,0xe7,0x41,0xe7,0x41,0xe7,0x41,0xe7,0x41,0xe7,0x41,
    0xe7,0x41,0xe7,0x41,0xe7,0x41,0xe7,0x41,0xe7,0x41,0xe7,0x41,0xe7,0x41,0xe7,0x41,
    0xe7,0x41,0xe7,0x41,0xe7,0x41,0xe7,0x41,0xe7,0x41,0xe7,0x41,0xe7,0x41,0xe7,0x41,
    0xe7,0x41,0xe7,0x41,0xe7,0x41,0xe7,0x41,0xe7,0x41,0xe7,0x41,0xe7,0x41,0xe7,0x41,
    0xe7,0x41,0xe7,0x41,0xe7,0x41,0xe7,0x41,0xe7,0x41,0xe7,0x41,0xe7,0x41,0xe7,0x41,
    0xe7,0x41,0xe7,0x41,0xe7,0x41,0xe7,0x41,0xe7,0x41,0x44,0x29,0x55,0xa5,0x10,0x84,
    0xa2,0x18,0x65,0x31,0xe7,0x41,0xe7,0x41,0xe7,0x41,0xe7,0x41,0xe7,0x41,0xe7,0x41,
    0xe7,0x41,0xe7,0x41,0xe7,0x41,0xe7,0x41,0xe7,0x41,0xe7,0x41,0xe7,0x41,0xe7,0x41,
    0xe7,0x41,0xe7,0x41,0xe7,0x41,0xe7,0x41,0xe7,0x41,0xe7,0x41,0xe7,0x41,0xe7,0x41,
    0xe7,0x41,0xe7,0x41,0xe7,0x41,0xe7,0x41,0xe7,0x41,0xe7,0x41,0xe7,0x41,0xe7,0x41,
    0xe7,0x41,0xe7,0x41,0xe7,0x41,0xe7,0x41,0xe7,0x41,0xe7,0x41,0xe7,0x41,0xe7,0x41,
    0xe7,0x41,0xe7,0x41,0xe7,0x41,0xe7,0x41,0xe7,0x41,0xe7,0x41,0xe7,0x41,0xe7,0x41,
    0xe7,0x41,0xe7,0x41,0xe7,0x41,0xe7,0x41,0xe7,0x41,0xe7,0x41,0xe7,0x41,0xc6,0x41,
    0xe7,0x41,0xe7,0x41,0xe7,0x41,0xe7,0x41,0xe7,0x41,0xe7,0x41,0xe7,0x41,0xe7,0x41,
    0xe7,0x41,0xe7,0x41,0xe7,0x41,0xe7,0x41,0xc6,0x41,0xc6,0x41,0xc7,0x41,0xc7,0x41,
    0xc7,0x41,0xc7,0x41,0xe7,0x41,0xe7,0x41,0xe7,0x41,0xe7,0x41,0xe7,0x41,0xe7,0x41,
    0xe7,0x41,0xe7,0x41,0xc6,0x41,0xc6,0x39,0xc6,0x39,0xe7,0x41,0xe7,0x41,0xe7,0x41,
    0xe7,0x41,0xe7,0x41,0xe7,0x41,0xe7,0x41,0xe7,0x41,0xe7,0x41,0xe7,0x41,0xe7,0x41,
    0xe7,0x41,0xe7,0x41,0xe7,0x41,0xe7,0x41,0xe7,0x41,0xe7,0x41,0xe7,0x41,0xe7,0x41,
    0xc6,0x41,0x48,0x52,0xef,0x83,0x68,0x52,0x34,0xa5,0xff,0xff,0xff,0xff,0xff,0xff,
    0xff,0xff,0xff,0xff,0xff,0xff,0xff,0xff,0xff,0xff,0xff,0xff,0xff,0xff,0xff,0xff,
    0xff,0xff,0xff,0xff,0xff,0xff,0xff,0xff,0xff,0xff,0xff,0xff,0xff,0xff,0xff,0xff,
    0xff,0xff,0xff,0xff,0xff,0xff,0xff,0xff,0xff,0xff,0xff,0xff,0xff,0xff,0xff,0xff,
    0xff,0xff,0xff,0xff,0xff,0xff,0xff,0xff,0xff,0xff,0xff,0xff,0xff,0xff,0xff,0xff,
    0xff,0xff,0xff,0xff,0xff,0xff,0xff,0xff,0xff,0xff,0xff,0xff,0xff,0xff,0xff,0xff,
    0xff,0xff,0x59,0xce,0x08,0x42,0x8e,0x73,0xcf,0x7b,0xcf,0x73,0x2c,0x63,0x4c,0x63,
    0x34,0xa5,0xf3,0x9c,0x13,0x9d,0xf3,0x9c,0x34,0xa5,0x4c,0x63,0xa2,0x10,0x07,0x42,
    0xe7,0x41,0xe7,0x41,0xe7,0x41,0xe7,0x41,0xe7,0x41,0xe7,0x41,0xe7,0x41,0x07,0x42,
    0x07,0x42,0x07,0x42,0x07,0x42,0xe7,0x41,0xe7,0x41,0xe7,0x41,0xe7,0x41,0xe7,0x41,
    0xe7,0x41,0xe7,0x41,0xe7,0x41,0xe7,0x41,0xe7,0x41,0xe7,0x41,0xe7,0x41,0xe7,0x41,
    0xe7,0x41,0xe7,0x41,0xe7,0x41,0xe7,0x41,0xe7,0x41,0xe7,0x41,0xe7,0x41,0xe7,0x41,
    0xe7,0x41,0xe7,0x41,0xe7,0x41,0xe7,0x41,0xe7,0x41,0xe7,0x41,0xe7,0x41,0xe7,0x41,
    0xe7,0x41,0xe7,0x41,0xe7,0x41,0xe7,0x41,0xe7,0x41,0xe7,0x41,0xe7,0x41,0xe7,0x41,
    0xe7,0x41,0xe7,0x41,0xe7,0x41,0xe7,0x41,0xe7,0x41,0xe7,0x41,0xe7,0x41,0xe7,0x41,
    0xe7,0x41,0xe7,0x41,0xe7,0x41,0xe7,0x41,0xe7,0x41,0xe7,0x41,0xe7,0x41,0xe7,0x41,
    0xe7,0x41,0xe7,0x41,0xe7,0x41,0xe7,0x41,0xe7,0x41,0x65,0x29,0x56,0xad,0x30,0x84,
    0xa2,0x18,0x65,0x31,0xe7,0x41,0xe7,0x41,0xe7,0x41,0xe7,0x41,0xe7,0x41,0xe7,0x41,
    0xe7,0x41,0xe7,0x41,0xe7,0x41,0xe7,0x41,0xe7,0x41,0xe7,0x41,0xe7,0x41,0xe7,0x41,
    0xe7,0x41,0xe7,0x41,0xe7,0x41,0xe7,0x41,0xe7,0x41,0xe7,0x41,0xe7,0x41,0xe7,0x41,
    0xe7,0x41,0xe7,0x41,0xe7,0x41,0xe7,0x41,0xe7,0x41,0xe7,0x41,0xe7,0x41,0xe7,0x41,
    0xe7,0x41,0xe7,0x41,0xe7,0x41,0xe7,0x41,0xe7,0x41,0xe7,0x41,0xe7,0x41,0xe7,0x41,
    0xe7,0x41,0xe7,0x41,0xe7,0x41,0xe7,0x41,0xe7,0x41,0xe7,0x41,0xe7,0x41,0xe7,0x41,
    0xe7,0x41,0xe7,0x41,0xe7,0x41,0xe7,0x41,0xe7,0x41,0xe7,0x41,0xe7,0x41,0xe7,0x41,
    0xe7,0x41,0xe7,0x41,0xe7,0x41,0xc7,0x41,0xe7,0x41,0xe7,0x41,0xe7,0x41,0xe7,0x41,
    0xe7,0x41,0xe7,0x41,0xe7,0x41,0xe7,0x41,0xc6,0x41,0xc6,0x41,0xe7,0x41,0xe7,0x41,
    0xe7,0x41,0xe7,0x41,0xe7,0x41,0xe7,0x41,0xe7,0x41,0xe7,0x41,0xe7,0x41,0xe7,0x41,
    0xe7,0x41,0xe7,0x41,0xc6,0x39,0xc6,0x39,0xc6,0x41,0xc7,0x41,0xc7,0x41,0xc7,0x41,
    0xe7,0x41,0xe7,0x41,0xe7,0x41,0xe7,0x41,0xe7,0x41,0xe7,0x41,0xe7,0x41,0xe7,0x41,
    0xe7,0x41,0xe7,0x41,0xe7,0x41,0xe7,0x41,0xe7,0x41,0xe7,0x41,0xe7,0x41,0xe7,0x41,
    0xc6,0x39,0x68,0x52,0xef,0x83,0x48,0x4a,0xf3,0x9c,0xff,0xff,0xff,0xff,0xff,0xff,
    0xff,0xff,0xff,0xff,0xff,0xff,0xff,0xff,0xff,0xff,0xff,0xff,0xff,0xff,0xff,0xff,
    0xff,0xff,0xff,0xff,0xff,0xff,0xff,0xff,0xff,0xff,0xff,0xff,0xff,0xff,0xff,0xff,
    0xff,0xff,0xff,0xff,0xff,0xff,0xff,0xff,0xff,0xff,0xff,0xff,0xff,0xff,0xff,0xff,
    0xff,0xff,0xff,0xff,0xff,0xff,0xff,0xff,0xff,0xff,0xff,0xff,0xff,0xff,0xff,0xff,
    0xff,0xff,0xff,0xff,0xff,0xff,0xff,0xff,0xff,0xff,0xff,0xff,0xff,0xff,0xff,0xff,
    0xff,0xff,0x38,0xc6,0xc7,0x39,0x6a,0x52,0x69,0x4a,0xca,0x52,0x0c,0x63,0xae,0x73,
    0x14,0x9d,0xf3,0x9c,0xf3,0x9c,0xf3,0x9c,0x34,0xa5,0x6d,0x6b,0xc2,0x18,0xe7,0x41,
    0xe7,0x41,0xe7,0x41,0xe7,0x41,0xe7,0x41,0xe7,0x41,0xe7,0x41,0xe7,0x41,0x07,0x42,
    0x07,0x42,0x07,0x42,0x07,0x42,0xe7,0x41,0xe7,0x41,0xe7,0x41,0xe7,0x41,0xe7,0x41,
    0xe7,0x41,0xe7,0x41,0xe7,0x41,0xe7,0x41,0xe7,0x41,0xe7,0x41,0xe7,0x41,0xe7,0x41,
    0xe7,0x41,0xe7,0x41,0xe7,0x41,0xe7,0x41,0xe7,0x41,0xe7,0x41,0xe7,0x41,0xe7,0x41,
    0xe7,0x41,0xe7,0x41,0xe7,0x41,0xe7,0x41,0xe7,0x41,0xe7,0x41,0xe7,0x41,0xe7,0x41,
    0xe7,0x41,0xe7,0x41,0xe7,0x41,0xe7,0x41,0xe7,0x41,0xe7,0x41,0xe7,0x41,0xe7,0x41,
    0xe7,0x41,0xe7,0x41,0xe7,0x41,0xe7,0x41,0xc6,0x41,0xc6,0x41,0xe7,0x41,0xe7,0x41,
    0xe7,0x41,0xe7,0x41,0xe7,0x41,0xe7,0x41,0xe7,0x41,0xe7,0x41,0xe7,0x41,0xe7,0x41,
    0xe7,0x41,0xc6,0x39,0xc6,0x41,0xe7,0x41,0xe7,0x41,0x85,0x29,0x96,0xad,0x51,0x8c,
    0xc2,0x18,0x65,0x31,0xe7,0x41,0xe7,0x41,0xe7,0x41,0xe7,0x41,0xe7,0x41,0xe7,0x41,
    0xe7,0x41,0x07,0x42,0x07,0x42,0xe7,0x41,0xe7,0x41,0xe7,0x41,0xe7,0x41,0xe7,0x41,
    0xe7,0x41,0xe7,0x41,0xe7,0x41,0xe7,0x41,0xe7,0x41,0xe7,0x41,0xe7,0x41,0xe7,0x41,
    0xe7,0x41,0xe7,0x41,0xe7,0x41,0xe7,0x41,0xe7,0x41,0xe7,0x41,0xe7,0x41,0xe7,0x41,
    0xe7,0x41,0xe7,0x41,0xe7,0x41,0xe7,0x41,0xe7,0x41,0xe7,0x41,0xe7,0x41,0xe7,0x41,
    0xe7,0x41,0xe7,0x41,0xe7,0x41,0xe7,0x41,0xe7,0x41,0xe7,0x41,0xe7,0x41,0xe7,0x41,
    0xe7,0x41,0xe7,0x41,0xe7,0x41,0xe7,0x41,0xe7,0x41,0xe7,0x41,0xe7,0x41,0xe7,0x41,
    0xe7,0x41,0xe7,0x41,0xe7,0x41,0xe7,0x41,0xe7,0x41,0xe7,0x41,0xe7,0x41,0xe7,0x41,
    0xe7,0x41,0xe7,0x41,0xe7,0x41,0xe7,0x41,0xe7,0x41,0x07,0x42,0x07,0x42,0x07,0x42,
    0x07,0x42,0x07,0x42,0xe7,0x41,0xe7,0x41,0x07,0x42,0xe7,0x41,0xe7,0x41,0xe7,0x41,
    0xe7,0x41,0xe7,0x41,0xe7,0x41,0xe7,0x41,0xe7,0x41,0xe7,0x41,0xe7,0x41,0xe7,0x41,
    0x07,0x42,0x07,0x42,0x07,0x4a,0x07,0x42,0x07,0x42,0xe7,0x41,0xe7,0x41,0xe7,0x41,
    0xe7,0x41,0xe7,0x41,0xe7,0x41,0xe7,0x41,0xe7,0x41,0xe7,0x41,0xe7,0x41,0xe7,0x41,
    0xc6,0x41,0x69,0x52,0x0f,0x8c,0x48,0x4a,0xd2,0x9c,0xff,0xff,0xff,0xff,0xff,0xff,
    0xff,0xff,0xff,0xff,0xff,0xff,0xff,0xff,0xff,0xff,0xff,0xff,0xff,0xff,0xff,0xff,
    0xff,0xff,0xff,0xff,0xff,0xff,0xff,0xff,0xff,0xff,0xff,0xff,0xff,0xff,0xff,0xff,
    0xff,0xff,0xff,0xff,0xff,0xff,0xff,0xff,0xff,0xff,0xff,0xff,0xff,0xff,0xff,0xff,
    0xff,0xff,0xff,0xff,0xff,0xff,0xff,0xff,0xff,0xff,0xff,0xff,0xff,0xff,0xff,0xff,
    0xff,0xff,0xff,0xff,0xff,0xff,0xff,0xff,0xff,0xff,0xff,0xff,0xff,0xff,0xff,0xff,
    0xff,0xff,0x38,0xc6,0x08,0x42,0x4d,0x6b,0x2c,0x63,0x2c,0x63,0x0c,0x63,0x8e,0x73,
    0x34,0xa5,0xf3,0x9c,0x13,0x9d,0x13,0x9d,0x54,0xa5,0x6d,0x6b,0xa2,0x10,0x07,0x42,
    0xe7,0x41,0xe7,0x41,0xe7,0x41,0xe7,0x41,0xe7,0x41,0xe7,0x41,0xe7,0x41,0x07,0x42,
    0x07,0x42,0x07,0x42,0x07,0x42,0xe7,0x41,0xe7,0x41,0x07,0x42,0xe7,0x41,0xe7,0x41,
    0xe7,0x41,0x07,0x42,0x07,0x42,0x07,0x42,0x07,0x42,0x07,0x42,0x07,0x42,0x07,0x42,
    0x07,0x42,0x07,0x42,0x07,0x42,0x07,0x42,0x07,0x42,0x07,0x42,0x07,0x42,0x07,0x42,
    0x07,0x42,0x07,0x42,0x07,0x42,0x07,0x42,0x07,0x42,0x07,0x42,0x07,0x42,0x07,0x42,
    0x07,0x42,0x07,0x42,0x07,0x42,0x07,0x42,0x07,0x42,0x07,0x42,0x07,0x42,0x07,0x42,
    0x07,0x42,0x07,0x42,0xe7,0x41,0xe7,0x41,0x07,0x42,0x07,0x42,0x07,0x42,0x07,0x42,
    0x07,0x4a,0x27,0x4a,0x28,0x4a,0x27,0x4a,0x07,0x4a,0x07,0x42,0xe7,0x41,0xe7,0x41,
    0xe7,0x41,0xe7,0x41,0xe7,0x41,0x07,0x42,0x28,0x4a,0xa6,0x31,0x96,0xb5,0x92,0x8c,
    0x03,0x21,0xc6,0x39,0x07,0x42,0x07,0x42,0xe7,0x41,0x07,0x42,0x07,0x42,0x07,0x42,
    0x07,0x42,0x07,0x42,0x07,0x42,0x07,0x42,0x07,0x42,0x07,0x42,0x07,0x42,0x07,0x42,
    0x07,0x42,0xe7,0x41,0x07,0x42,0x07,0x42,0x07,0x42,0xe7,0x41,0xe7,0x41,0x07,0x42,
    0xe7,0x41,0xe7,0x41,0xe7,0x41,0xe6,0x41,0xc6,0x39,0xe7,0x41,0xe6,0x41,0xe7,0x41,
    0xe6,0x39,0xe6,0x39,0xe6,0x39,0xe6,0x39,0xe6,0x39,0xe6,0x39,0xe6,0x39,0xc6,0x39,
    0xc6,0x41,0xc6,0x41,0xc6,0x41,0xc6,0x41,0xc6,0x41,0xc6,0x39,0xc6,0x39,0xc6,0x39,
    0xc6,0x39,0xc6,0x39,0xc6,0x39,0xc6,0x39,0xc6,0x39,0xc6,0x39,0xc6,0x39,0xc6,0x39,
    0xc6,0x39,0xc6,0x39,0xc6,0x39,0xc6,0x39,0xc6,0x39,0xc6,0x39,0xa6,0x39,0xa6,0x39,
    0xa6,0x39,0xa6,0x39,0xa6,0x39,0xa6,0x39,0xa6,0x39,0xa6,0x39,0xa6,0x39,0xa6,0x31,
    0xa6,0x31,0xa6,0x31,0xa6,0x39,0xa6,0x39,0xa6,0x39,0xa6,0x39,0xa6,0x39,0xa6,0x39,
    0xa6,0x39,0xa5,0x31,0xa5,0x31,0x85,0x31,0xa5,0x31,0xa6,0x39,0xa6,0x39,0xa6,0x39,
    0xc6,0x39,0xc6,0x39,0xa6,0x39,0xa6,0x39,0xc6,0x39,0xe7,0x41,0xe7,0x41,0xe7,0x41,
    0xe7,0x41,0xe7,0x41,0xe7,0x41,0xe7,0x41,0xe7,0x41,0xe7,0x41,0xe7,0x41,0xe7,0x41,
    0xe7,0x41,0x69,0x52,0x0f,0x8c,0x28,0x4a,0x91,0x94,0xff,0xff,0xff,0xff,0xff,0xff,
    0xff,0xff,0xff,0xff,0xff,0xff,0xff,0xff,0xff,0xff,0xff,0xff,0xff,0xff,0xff,0xff,
    0xff,0xff,0xff,0xff,0xff,0xff,0xff,0xff,0xff,0xff,0xff,0xff,0xff,0xff,0xff,0xff,
    0xff,0xff,0xff,0xff,0xff,0xff,0xff,0xff,0xff,0xff,0xff,0xff,0xff,0xff,0xff,0xff,
    0xff,0xff,0xff,0xff,0xff,0xff,0xff,0xff,0xff,0xff,0xff,0xff,0xff,0xff,0xff,0xff,
    0xff,0xff,0xff,0xff,0xff,0xff,0xff,0xff,0xff,0xff,0xff,0xff,0xff,0xff,0xff,0xff,
    0xff,0xff,0x58,0xce,0x28,0x42,0x55,0xad,0x75,0xad,0xf3,0x9c,0xce,0x73,0xeb,0x5a,
    0x14,0x9d,0x14,0xa5,0x13,0x9d,0x13,0xa5,0x34,0xa5,0x6d,0x6b,0xa2,0x18,0x07,0x42,
    0xe6,0x41,0xe7,0x41,0xe7,0x41,0x07,0x42,0xe7,0x41,0xe7,0x41,0xe7,0x41,0xe7,0x41,
    0xe7,0x41,0xe7,0x41,0xe7,0x41,0xe7,0x41,0xe7,0x39,0x85,0x31,0x44,0x29,0x45,0x29,
    0x45,0x29,0x65,0x31,0x45,0x29,0x65,0x31,0x65,0x29,0x65,0x31,0x65,0x31,0x65,0x29,
    0x65,0x29,0x65,0x29,0x65,0x29,0x65,0x29,0x44,0x29,0x44,0x29,0x44,0x29,0x44,0x29,
    0x44,0x29,0x44,0x29,0x44,0x29,0x24,0x29,0x24,0x29,0x24,0x29,0x24,0x29,0x24,0x29,
    0x24,0x21,0x24,0x21,0x24,0x21,0x24,0x21,0x03,0x21,0x03,0x21,0x23,0x21,0x03,0x21,
    0x03,0x21,0x03,0x21,0x03,0x21,0x03,0x21,0x03,0x21,0x03,0x21,0x24,0x21,0xe3,0x20,
    0xe3,0x18,0xe3,0x18,0xe3,0x18,0x04,0x21,0x24,0x21,0x03,0x21,0xe3,0x20,0xe3,0x18,
    0xc3,0x18,0xc3,0x18,0xc3,0x18,0xe3,0x18,0x03,0x21,0x24,0x21,0x96,0xad,0xb2,0x94,
    0xc2,0x18,0xc2,0x18,0xc2,0x18,0xa2,0x18,0xc2,0x18,0xc3,0x18,0xe3,0x18,0xe3,0x18,
    0xe3,0x18,0xe3,0x18,0xe3,0x18,0xe2,0x18,0xe2,0x18,0xe2,0x18,0xe2,0x18,0xe2,0x18,
    0xe2,0x18,0xc2,0x18,0xe2,0x18,0xc2,0x18,0xc2,0x18,0xc2,0x18,0xc2,0x18,0xc2,0x18,
    0xc2,0x18,0xc2,0x18,0xc2,0x18,0xc3,0x18,0xc3,0x18,0xa2,0x10,0xa2,0x18,0xc2,0x18,
    0xc2,0x18,0xc2,0x18,0xc2,0x18,0xc2,0x18,0xc2,0x18,0xc2,0x18,0xc2,0x18,0xc2,0x18,
    0xa2,0x18,0xa2,0x18,0xa2,0x18,0xa2,0x18,0xc2,0x18,0xc2,0x18,0xc2,0x18,0xa2,0x18,
    0xa2,0x18,0xa2,0x10,0xa2,0x10,0xa2,0x10,0xa2,0x10,0xa2,0x10,0xa2,0x10,0xa2,0x10,
    0xa2,0x10,0xa2,0x10,0xa2,0x10,0xa2,0x10,0xa2,0x10,0xa2,0x10,0xa2,0x10,0xa2,0x10,
    0xa1,0x10,0x81,0x10,0xa1,0x10,0xa1,0x10,0x81,0x10,0xa1,0x10,0xa2,0x10,0xa2,0x10,
    0xa2,0x10,0xa2,0x10,0xa2,0x10,0xa2,0x10,0xa2,0x10,0xa2,0x10,0xa2,0x10,0xa1,0x10,
    0xa1,0x10,0xa1,0x10,0xa2,0x10,0xa2,0x10,0xa2,0x10,0xa2,0x10,0x81,0x10,0x81,0x10,
    0x81,0x10,0x81,0x10,0x81,0x10,0x81,0x10,0xc2,0x18,0x85,0x31,0xe7,0x41,0xe7,0x41,
    0xe7,0x41,0xe7,0x41,0xe7,0x41,0xe7,0x41,0xe7,0x41,0xe7,0x41,0xe7,0x41,0xe7,0x41,
    0xe6,0x41,0x89,0x52,0x0f,0x84,0x07,0x42,0x50,0x8c,0xff,0xff,0xff,0xff,0xff,0xff,
    0xff,0xff,0xff,0xff,0xff,0xff,0xff,0xff,0xff,0xff,0xff,0xff,0xff,0xff,0xff,0xff,
    0xff,0xff,0xff,0xff,0xff,0xff,0xff,0xff,0xff,0xff,0xff,0xff,0xff,0xff,0xff,0xff,
    0xff,0xff,0xff,0xff,0xff,0xff,0xff,0xff,0xff,0xff,0xff,0xff,0xff,0xff,0xff,0xff,
    0xff,0xff,0xff,0xff,0xff,0xff,0xff,0xff,0xff,0xff,0xff,0xff,0xff,0xff,0xff,0xff,
    0xff,0xff,0xff,0xff,0xff,0xff,0xff,0xff,0xff,0xff,0xff,0xff,0xff,0xff,0xff,0xff,
    0xff,0xff,0xf7,0xbd,0x28,0x42,0xb6,0xb5,0x96,0xb5,0x14,0x9d,0x92,0x8c,0xeb,0x5a,
    0xae,0x73,0x34,0xa5,0x14,0xa5,0xf3,0x9c,0x14,0xa5,0x6d,0x6b,0xc2,0x18,0x07,0x42,
    0xe7,0x41,0xe7,0x41,0xe7,0x41,0x07,0x42,0xe7,0x41,0xe7,0x41,0xe7,0x41,0xe7,0x41,
    0xe7,0x41,0xe6,0x39,0x07,0x42,0xaa,0x5a,0x24,0x21,0x41,0x08,0x61,0x10,0x81,0x10,
    0x81,0x10,0x81,0x10,0x81,0x10,0xa2,0x10,0xc2,0x18,0xc2,0x18,0xc2,0x18,0xc2,0x18,
    0xc2,0x18,0xc2,0x10,0xc2,0x10,0xa2,0x10,0xa2,0x10,0xa2,0x18,0xa2,0x10,0xa2,0x18,
    0xc2,0x18,0xa2,0x18,0xc2,0x18,0xc2,0x18,0xc2,0x18,0xc2,0x10,0xc2,0x10,0xc2,0x18,
    0xc2,0x10,0xc2,0x10,0xc2,0x10,0xc2,0x10,0xc2,0x10,0xa2,0x10,0xa2,0x10,0xc2,0x10,
    0xc2,0x10,0xc2,0x10,0xc2,0x18,0xc2,0x18,0xe3,0x18,0xe3,0x18,0xc2,0x18,0x48,0x4a,
    0x2c,0x63,0x2c,0x63,0x8a,0x52,0xc2,0x10,0xa2,0x10,0xe3,0x18,0xe3,0x18,0xc2,0x18,
    0xa2,0x10,0xa2,0x10,0xa2,0x10,0xc2,0x10,0xc2,0x18,0xe3,0x18,0x76,0xad,0xb2,0x94,
    0xc2,0x18,0xc3,0x18,0xc2,0x18,0x82,0x10,0x82,0x10,0xa2,0x10,0xc2,0x18,0xc2,0x18,
    0xc2,0x18,0xc2,0x18,0xc2,0x18,0xc2,0x18,0xc2,0x18,0xe2,0x18,0xe2,0x18,0xc2,0x18,
    0xe2,0x18,0xe3,0x18,0xe3,0x18,0xe3,0x18,0xe3,0x18,0xe3,0x18,0xe3,0x18,0xe3,0x18,
    0xe3,0x18,0x03,0x19,0xe3,0x18,0xcb,0x5a,0x8a,0x4a,0xc2,0x10,0xc2,0x18,0xe3,0x18,
    0xe3,0x18,0xe3,0x18,0xe3,0x18,0xe3,0x18,0xe3,0x18,0x03,0x19,0x03,0x21,0x03,0x21,
    0x03,0x21,0x03,0x21,0x03,0x21,0x03,0x21,0x03,0x21,0x03,0x21,0x03,0x21,0x03,0x21,
    0x03,0x21,0x03,0x21,0x03,0x21,0x23,0x21,0x23,0x21,0x23,0x21,0x23,0x21,0x23,0x21,
    0x23,0x21,0x24,0x21,0x24,0x21,0x24,0x21,0x24,0x21,0x24,0x21,0x24,0x21,0x24,0x29,
    0x24,0x29,0x24,0x29,0x44,0x21,0x44,0x21,0x44,0x21,0x44,0x21,0x24,0x21,0x24,0x21,
    0x24,0x29,0x24,0x29,0x24,0x21,0x24,0x21,0x24,0x21,0x24,0x29,0x24,0x21,0x24,0x21,
    0x23,0x21,0x03,0x21,0x03,0x21,0x24,0x21,0x44,0x29,0x24,0x21,0x24,0x29,0x44,0x29,
    0x24,0x29,0x24,0x29,0x24,0x29,0x44,0x29,0xe3,0x18,0xc2,0x18,0x07,0x42,0xe7,0x41,
    0xe7,0x41,0xe7,0x41,0xe7,0x41,0xe7,0x41,0xe7,0x41,0xe7,0x41,0xe7,0x41,0xe7,0x41,
    0xc6,0x39,0x89,0x5a,0x0f,0x84,0x07,0x42,0x30,0x84,0xff,0xff,0xff,0xff,0xff,0xff,
    0xff,0xff,0xff,0xff,0xff,0xff,0xff,0xff,0xff,0xff,0xff,0xff,0xff,0xff,0xff,0xff,
    0xff,0xff,0xff,0xff,0xff,0xff,0xff,0xff,0xff,0xff,0xff,0xff,0xff,0xff,0xff,0xff,
    0xff,0xff,0xff,0xff,0xff,0xff,0xff,0xff,0xff,0xff,0xff,0xff,0xff,0xff,0xff,0xff,
    0xff,0xff,0xff,0xff,0xff,0xff,0xff,0xff,0xff,0xff,0xff,0xff,0xff,0xff,0xff,0xff,
    0xff,0xff,0xff,0xff,0xff,0xff,0xff,0xff,0xff,0xff,0xff,0xff,0xff,0xff,0xff,0xff,
    0xff,0xff,0x10,0x84,0x6d,0x6b,0xb6,0xb5,0x34,0xa5,0xb2,0x94,0xb2,0x94,0xcf,0x7b,
    0xeb,0x5a,0x2c,0x63,0x91,0x94,0x14,0xa5,0x34,0xa5,0x8e,0x73,0xc3,0x18,0x07,0x42,
    0xe7,0x41,0xe7,0x41,0xe7,0x41,0xe7,0x41,0xe7,0x41,0x07,0x42,0xe7,0x41,0xe7,0x41,
    0xe7,0x41,0xc6,0x39,0x28,0x4a,0xaa,0x5a,0x82,0x10,0xc3,0x18,0x24,0x21,0x24,0x29,
    0x24,0x29,0x24,0x29,0x24,0x29,0x03,0x21,0x03,0x21,0xe3,0x18,0xe3,0x18,0xc2,0x18,
    0xc2,0x18,0xc2,0x18,0xc2,0x18,0xc2,0x18,0xc2,0x18,0xc2,0x18,0xc2,0x18,0xc2,0x18,
    0xc2,0x18,0xe3,0x18,0xe3,0x18,0xe3,0x18,0xe3,0x20,0x03,0x21,0x03,0x21,0x03,0x21,
    0x03,0x21,0x24,0x21,0x24,0x21,0x04,0x21,0x24,0x21,0x24,0x21,0x24,0x21,0x24,0x21,
    0x24,0x21,0x24,0x21,0x24,0x21,0x44,0x29,0x45,0x29,0x65,0x29,0xe3,0x20,0x8e,0x73,
    0x75,0xa5,0x75,0xad,0x92,0x8c,0xcb,0x5a,0x28,0x42,0x24,0x21,0x44,0x29,0x44,0x29,
    0x24,0x21,0x03,0x21,0x03,0x21,0x04,0x21,0x24,0x21,0x04,0x21,0x35,0xa5,0x92,0x94,
    0xe3,0x20,0x04,0x21,0x24,0x21,0x45,0x29,0x44,0x29,0x65,0x29,0x85,0x31,0xa5,0x31,
    0xa6,0x31,0xc6,0x31,0xc6,0x39,0xc6,0x39,0xc6,0x39,0xa6,0x31,0xa6,0x31,0xa6,0x31,
    0xa6,0x31,0xa6,0x31,0xa6,0x31,0xa6,0x31,0xa6,0x31,0x86,0x31,0x85,0x31,0x65,0x31,
    0x65,0x31,0x86,0x31,0x24,0x21,0x8e,0x73,0x4d,0x63,0x03,0x21,0x85,0x31,0x85,0x31,
    0x85,0x31,0x86,0x31,0x86,0x31,0x86,0x31,0x86,0x31,0x86,0x31,0x85,0x31,0x85,0x31,
    0x85,0x31,0x85,0x31,0x85,0x31,0x85,0x31,0x65,0x29,0x65,0x29,0x65,0x29,0x65,0x29,
    0x85,0x29,0x85,0x29,0x85,0x29,0x65,0x29,0x65,0x29,0x65,0x29,0x65,0x29,0x65,0x29,
    0x65,0x29,0x65,0x29,0x65,0x29,0x65,0x29,0x65,0x29,0x65,0x29,0x45,0x29,0x45,0x29,
    0x45,0x29,0x44,0x29,0x44,0x29,0x44,0x29,0x44,0x29,0x44,0x29,0x44,0x29,0x44,0x29,
    0x44,0x29,0x44,0x29,0x44,0x29,0x64,0x29,0x64,0x29,0x65,0x29,0x65,0x29,0x65,0x31,
    0x65,0x29,0x65,0x31,0x85,0x31,0x85,0x31,0xa6,0x31,0x85,0x31,0x03,0x21,0x44,0x29,
    0x44,0x29,0x44,0x29,0x24,0x21,0x44,0x29,0xe3,0x18,0xc2,0x18,0x07,0x42,0xe7,0x41,
    0xe7,0x41,0xe7,0x41,0xe7,0x41,0xe7,0x41,0xe7,0x41,0xe7,0x41,0xe7,0x41,0xe7,0x41,
    0xc6,0x39,0x89,0x5a,0x0f,0x84,0x07,0x42,0x30,0x84,0xff,0xff,0xff,0xff,0xff,0xff,
    0xff,0xff,0xff,0xff,0xff,0xff,0xff,0xff,0xff,0xff,0xff,0xff,0xff,0xff,0xff,0xff,
    0xff,0xff,0xff,0xff,0xff,0xff,0xff,0xff,0xff,0xff,0xff,0xff,0xff,0xff,0xff,0xff,
    0xff,0xff,0xff,0xff,0xff,0xff,0xff,0xff,0xff,0xff,0xff,0xff,0xff,0xff,0xff,0xff,
    0xff,0xff,0xff,0xff,0xff,0xff,0xff,0xff,0xff,0xff,0xff,0xff,0xff,0xff,0xff,0xff,
    0xff,0xff,0xff,0xff,0xff,0xff,0xff,0xff,0xff,0xff,0xff,0xff,0xff,0xff,0xff,0xff,
    0x7d,0xef,0x48,0x4a,0x92,0x94,0x30,0x84,0xeb,0x5a,0xaa,0x52,0xcb,0x5a,0xeb,0x5a,
    0x6d,0x6b,0x0c,0x63,0xeb,0x5a,0x50,0x8c,0xd3,0x9c,0x8d,0x73,0xe3,0x18,0x07,0x42,
    0xe7,0x41,0xe7,0x41,0xe7,0x41,0xe7,0x41,0xe7,0x41,0xe7,0x41,0xe7,0x41,0xe7,0x41,
    0xe7,0x41,0xc6,0x39,0x28,0x4a,0x48,0x4a,0x61,0x08,0xe3,0x18,0x24,0x21,0x24,0x21,
    0x24,0x29,0x44,0x29,0xe3,0x20,0x44,0x29,0x71,0x8c,0xd2,0x9c,0xb2,0x94,0xb2,0x94,
    0xb2,0x94,0xb2,0x94,0xd2,0x94,0xd2,0x9c,0xd3,0x9c,0xf3,0x9c,0xf3,0x9c,0x13,0xa5,
    0x14,0xa5,0x34,0xa5,0x34,0xa5,0x54,0xad,0x55,0xad,0x75,0xad,0x75,0xad,0x96,0xb5,
    0xb6,0xb5,0xd6,0xb5,0xd7,0xbd,0xd7,0xbd,0xf7,0xbd,0xf7,0xbd,0xf7,0xbd,0xf7,0xbd,
    0x17,0xc6,0x18,0xc6,0x17,0xc6,0x17,0xc6,0x17,0xc6,0x38,0xc6,0x51,0x8c,0x2c,0x63,
    0x14,0x9d,0x34,0xa5,0x51,0x8c,0x4d,0x6b,0x8e,0x6b,0x69,0x4a,0x13,0xa5,0x59,0xce,
    0x18,0xc6,0x18,0xc6,0x18,0xc6,0x17,0xbe,0x59,0xce,0x8e,0x73,0xd3,0x94,0x71,0x8c,
    0x07,0x42,0x8a,0x4a,0x71,0x8c,0xfb,0xde,0xdb,0xde,0xfb,0xde,0xfb,0xe6,0x1b,0xe7,
    0x3c,0xe7,0x1c,0xe7,0x3c,0xe7,0x3c,0xe7,0x3c,0xe7,0x3c,0xe7,0x3c,0xe7,0x3c,0xe7,
    0x3c,0xe7,0x3c,0xe7,0x1c,0xe7,0x1c,0xe7,0x3c,0xe7,0x1c,0xe7,0x1c,0xe7,0x1c,0xe7,
    0x1c,0xe7,0x3c,0xe7,0x8d,0x73,0x0c,0x63,0xeb,0x5a,0xae,0x73,0x5c,0xe7,0x3c,0xe7,
    0x3c,0xe7,0x3c,0xe7,0x3c,0xe7,0x3c,0xe7,0x3c,0xe7,0x3c,0xe7,0x1c,0xe7,0x1c,0xe7,
    0x1c,0xe7,0x1c,0xe7,0x1c,0xe7,0x1c,0xe7,0x1c,0xe7,0x1c,0xe7,0x1c,0xe7,0x1c,0xe7,
    0x1c,0xe7,0x1c,0xe7,0x1b,0xe7,0xfb,0xde,0xfb,0xde,0xfb,0xde,0xfb,0xde,0xfb,0xde,
    0xfb,0xde,0xfb,0xde,0xfb,0xde,0xfb,0xde,0xfb,0xde,0xdb,0xde,0xda,0xde,0xba,0xd6,
    0xba,0xd6,0xba,0xd6,0xba,0xd6,0xba,0xd6,0xba,0xd6,0xba,0xd6,0xba,0xd6,0xba,0xd6,
    0xda,0xde,0xda,0xde,0xdb,0xde,0xfb,0xde,0xfb,0xde,0xfb,0xde,0xfb,0xde,0x1b,0xe7,
    0x1c,0xe7,0x1c,0xe7,0x1c,0xe7,0x3c,0xe7,0x3c,0xe7,0x3c,0xe7,0xc6,0x39,0x03,0x21,
    0x44,0x29,0x24,0x29,0x24,0x21,0x44,0x29,0xe3,0x18,0xa2,0x18,0x07,0x42,0xe7,0x41,
    0xe7,0x41,0xe7,0x41,0xe7,0x41,0xe7,0x41,0xe7,0x41,0xe7,0x41,0xe7,0x41,0xe7,0x41,
    0xc7,0x41,0x89,0x5a,0x0e,0x84,0xe6,0x39,0x50,0x8c,0xff,0xff,0xff,0xff,0xff,0xff,
    0xff,0xff,0xff,0xff,0xff,0xff,0xff,0xff,0xff,0xff,0xff,0xff,0xff,0xff,0xff,0xff,
    0xff,0xff,0xff,0xff,0xff,0xff,0xff,0xff,0xff,0xff,0xff,0xff,0xff,0xff,0xff,0xff,
    0xff,0xff,0xff,0xff,0xff,0xff,0xff,0xff,0xff,0xff,0xff,0xff,0xff,0xff,0xff,0xff,
    0xff,0xff,0xff,0xff,0xff,0xff,0xff,0xff,0xff,0xff,0xff,0xff,0xff,0xff,0xff,0xff,
    0xff,0xff,0xff,0xff,0xff,0xff,0xff,0xff,0xff,0xff,0xff,0xff,0xff,0xff,0xff,0xff,
    0x1c,0xe7,0xaa,0x52,0x34,0xa5,0xf3,0x9c,0xd2,0x9c,0xb2,0x94,0x92,0x94,0x71,0x8c,
    0x10,0x84,0xcf,0x7b,0x89,0x52,0xe7,0x39,0x69,0x4a,0xe7,0x39,0xe3,0x18,0x07,0x42,
    0xe7,0x41,0xe7,0x41,0xe7,0x41,0xe7,0x41,0xe7,0x41,0xe7,0x41,0xe7,0x41,0xe7,0x41,
    0xe7,0x41,0xc6,0x39,0x48,0x52,0x69,0x52,0x61,0x08,0xe3,0x18,0x24,0x29,0x24,0x29,
    0x24,0x29,0x44,0x29,0xc2,0x18,0xaa,0x52,0xff,0xff,0xff,0xff,0xff,0xff,0xff,0xff,
    0xff,0xff,0xff,0xff,0xff,0xff,0xff,0xff,0xff,0xff,0xff,0xff,0xff,0xff,0xff,0xff,
    0xff,0xff,0xff,0xff,0xff,0xff,0xff,0xff,0xff,0xff,0xff,0xff,0xff,0xff,0xff,0xff,
    0xff,0xff,0xff,0xff,0xff,0xff,0xff,0xff,0xff,0xff,0xff,0xff,0xff,0xff,0xff,0xff,
    0xff,0xff,0xff,0xff,0xff,0xff,0xff,0xff,0xff,0xff,0xff,0xff,0xfb,0xde,0x0c,0x63,
    0xab,0x52,0xeb,0x5a,0x8a,0x52,0xeb,0x5a,0xae,0x73,0xaa,0x52,0xba,0xd6,0xff,0xff,
    0xff,0xff,0xff,0xff,0xff,0xff,0xff,0xff,0xff,0xff,0x92,0x94,0x92,0x8c,0x51,0x8c,
    0x48,0x42,0xcb,0x52,0x55,0xad,0xff,0xff,0xff,0xff,0xff,0xff,0xff,0xff,0xff,0xff,
    0xff,0xff,0xff,0xff,0xff,0xff,0xff,0xff,0xff,0xff,0xff,0xff,0xff,0xff,0xff,0xff,
    0xff,0xff,0xff,0xff,0xff,0xff,0xff,0xff,0xff,0xff,0xff,0xff,0xff,0xff,0xff,0xff,
    0xff,0xff,0xff,0xff,0x10,0x84,0xeb,0x5a,0xcb,0x52,0x30,0x84,0xff,0xff,0xff,0xff,
    0xff,0xff,0xff,0xff,0xff,0xff,0xff,0xff,0xff,0xff,0xff,0xff,0xff,0xff,0xff,0xff,
    0xff,0xff,0xff,0xff,0xff,0xff,0xff,0xff,0xff,0xff,0xff,0xff,0xff,0xff,0xff,0xff,
    0xff,0xff,0xff,0xff,0xff,0xff,0xff,0xff,0xff,0xff,0xff,0xff,0xff,0xff,0xff,0xff,
    0xff,0xff,0xff,0xff,0xff,0xff,0xff,0xff,0xff,0xff,0xff,0xff,0xff,0xff,0xff,0xff,
    0xff,0xff,0xff,0xff,0xff,0xff,0xff,0xff,0xff,0xff,0xff,0xff,0xff,0xff,0xff,0xff,
    0xff,0xff,0xff,0xff,0xff,0xff,0xff,0xff,0xff,0xff,0xff,0xff,0xff,0xff,0xff,0xff,
    0xff,0xff,0xff,0xff,0xff,0xff,0xff,0xff,0xff,0xff,0xff,0xff,0xe7,0x39,0x03,0x21,
    0x44,0x29,0x24,0x21,0x23,0x21,0x44,0x29,0xe3,0x18,0xc2,0x18,0xe7,0x41,0xe7,0x41,
    0xe7,0x41,0xe7,0x41,0xe7,0x41,0xe7,0x41,0xe7,0x41,0xe7,0x41,0xe7,0x41,0xe7,0x41,
    0xe7,0x41,0xa9,0x5a,0x0f,0x84,0xe6,0x39,0x51,0x8c,0xff,0xff,0xff,0xff,0xff,0xff,
    0xff,0xff,0xff,0xff,0xff,0xff,0xff,0xff,0xff,0xff,0xff,0xff,0xff,0xff,0xff,0xff,
    0xff,0xff,0xff,0xff,0xff,0xff,0xff,0xff,0xff,0xff,0xff,0xff,0xff,0xff,0xff,0xff,
    0xff,0xff,0xff,0xff,0xff,0xff,0xff,0xff,0xff,0xff,0xff,0xff,0xff,0xff,0xff,0xff,
    0xff,0xff,0xff,0xff,0xff,0xff,0xff,0xff,0xff,0xff,0xff,0xff,0xff,0xff,0xff,0xff,
    0xff,0xff,0xff,0xff,0xff,0xff,0xff,0xff,0xff,0xff,0xff,0xff,0xba,0xd6,0xae,0x73,
    0xcb,0x5a,0xe7,0x39,0xaa,0x52,0xaa,0x52,0xeb,0x5a,0xeb,0x5a,0xcb,0x5a,0xeb,0x5a,
    0xeb,0x5a,0xcb,0x52,0xaa,0x52,0x2c,0x63,0x8e,0x73,0x8a,0x52,0xe3,0x18,0x07,0x42,
    0xe7,0x41,0xe7,0x41,0xe7,0x41,0xe7,0x41,0xe7,0x41,0xe7,0x41,0xe7,0x41,0xe7,0x41,
    0xe7,0x41,0xc6,0x39,0x69,0x52,0x89,0x52,0x81,0x10,0x03,0x21,0x24,0x29,0x23,0x29,
    0x24,0x29,0x44,0x29,0xc2,0x18,0xaa,0x52,0xbe,0xf7,0xff,0xff,0xff,0xff,0xff,0xff,
    0xff,0xff,0xff,0xff,0xff,0xff,0xff,0xff,0xff,0xff,0xff,0xff,0xff,0xff,0xff,0xff,
    0xff,0xff,0xff,0xff,0xff,0xff,0xff,0xff,0xff,0xff,0xff,0xff,0xff,0xff,0xff,0xff,
    0xff,0xff,0xff,0xff,0xff,0xff,0xff,0xff,0xff,0xff,0xff,0xff,0xff,0xff,0xff,0xff,
    0xff,0xff,0xff,0xff,0xff,0xff,0xff,0xff,0xff,0xff,0xff,0xff,0xdf,0xff,0xfb,0xde,
    0xae,0x73,0x08,0x42,0xcb,0x5a,0x28,0x42,0xc7,0x31,0x69,0x4a,0xfb,0xde,0xff,0xff,
    0xff,0xff,0xff,0xff,0xff,0xff,0xdf,0xff,0xff,0xff,0x92,0x8c,0x72,0x8c,0x51,0x8c,
    0x29,0x42,0x8a,0x52,0x55,0xad,0xff,0xff,0xdf,0xff,0xff,0xff,0xff,0xff,0xff,0xff,
    0xff,0xff,0xff,0xff,0xff,0xff,0xff,0xff,0xff,0xff,0xff,0xff,0xff,0xff,0xff,0xff,
    0xff,0xff,0xff,0xff,0xff,0xff,0xff,0xff,0xff,0xff,0xff,0xff,0xff,0xff,0xff,0xff,
    0xdf,0xff,0xff,0xff,0xef,0x7b,0xab,0x52,0xec,0x5a,0x30,0x84,0xff,0xff,0xdf,0xff,
    0xff,0xff,0xff,0xff,0xff,0xff,0xff,0xff,0xff,0xff,0xff,0xff,0xff,0xff,0xff,0xff,
    0xff,0xff,0xff,0xff,0xff,0xff,0xff,0xff,0xff,0xff,0xff,0xff,0xff,0xff,0xff,0xff,
    0xff,0xff,0xff,0xff,0xff,0xff,0xff,0xff,0xff,0xff,0xff,0xff,0xff,0xff,0xff,0xff,
    0xff,0xff,0xff,0xff,0xff,0xff,0xff,0xff,0xff,0xff,0xff,0xff,0xff,0xff,0xff,0xff,
    0xff,0xff,0xff,0xff,0xff,0xff,0xff,0xff,0xff,0xff,0xff,0xff,0xff,0xff,0xff,0xff,
    0xff,0xff,0xff,0xff,0xff,0xff,0xff,0xff,0xff,0xff,0xff,0xff,0xff,0xff,0xff,0xff,
    0xff,0xff,0xff,0xff,0xff,0xff,0xff,0xff,0xff,0xff,0xdf,0xff,0xa6,0x31,0x03,0x21,
    0x44,0x29,0x24,0x21,0x24,0x21,0x44,0x29,0xe3,0x18,0xc2,0x18,0x07,0x42,0xe7,0x41,
    0xe7,0x41,0xe7,0x41,0xe7,0x41,0xe7,0x41,0xe7,0x41,0xe7,0x41,0xe7,0x41,0xe7,0x41,
    0xe7,0x39,0xa9,0x5a,0x0f,0x8c,0xe7,0x41,0x71,0x8c,0xff,0xff,0xff,0xff,0xff,0xff,
    0xff,0xff,0xff,0xff,0xff,0xff,0xff,0xff,0xff,0xff,0xff,0xff,0xff,0xff,0xff,0xff,
    0xff,0xff,0xff,0xff,0xff,0xff,0xff,0xff,0xff,0xff,0xff,0xff,0xff,0xff,0xff,0xff,
    0xff,0xff,0xff,0xff,0xff,0xff,0xff,0xff,0xff,0xff,0xff,0xff,0xff,0xff,0xff,0xff,
    0xff,0xff,0xff,0xff,0xff,0xff,0xff,0xff,0xff,0xff,0xff,0xff,0xff,0xff,0xff,0xff,
    0xff,0xff,0xff,0xff,0xff,0xff,0xff,0xff,0xff,0xff,0xf3,0x9c,0x8a,0x52,0x0c,0x63,
    0x71,0x8c,0x71,0x8c,0xcf,0x7b,0xcf,0x7b,0xae,0x73,0x8e,0x73,0x6d,0x6b,0x4d,0x6b,
    0x2c,0x63,0x4d,0x6b,0x0c,0x63,0xae,0x73,0x10,0x7c,0xcb,0x5a,0xe3,0x18,0xe7,0x41,
    0xe7,0x41,0xe7,0x41,0xe7,0x41,0xe7,0x41,0xe7,0x41,0xe7,0x41,0xe7,0x41,0xe7,0x41,
    0xe7,0x41,0xc6,0x39,0x69,0x52,0xaa,0x5a,0x81,0x10,0x03,0x21,0x24,0x29,0x24,0x29,
    0x24,0x29,0x44,0x29,0xc2,0x18,0x89,0x52,0xbe,0xf7,0xff,0xff,0xff,0xff,0xff,0xff,
    0xff,0xff,0xff,0xff,0xff,0xff,0xff,0xff,0xff,0xff,0xff,0xff,0xff,0xff,0xff,0xff,
    0xff,0xff,0xff,0xff,0xff,0xff,0xff,0xff,0xff,0xff,0xff,0xff,0xff,0xff,0xff,0xff,
    0xff,0xff,0xff,0xff,0xff,0xff,0xff,0xff,0xff,0xff,0xff,0xff,0xff,0xff,0xff,0xff,
    0xff,0xff,0xff,0xff,0xff,0xff,0xff,0xff,0xff,0xff,0xff,0xff,0xff,0xff,0xff,0xff,
    0x14,0xa5,0xcb,0x52,0xef,0x7b,0xaa,0x52,0xb2,0x94,0x79,0xce,0xdf,0xff,0xff,0xff,
    0xff,0xff,0xff,0xff,0xff,0xff,0xff,0xff,0xff,0xff,0xb2,0x94,0x72,0x8c,0x71,0x8c,
    0x28,0x42,0x6a,0x4a,0x35,0xa5,0xff,0xff,0xff,0xff,0xff,0xff,0xff,0xff,0xff,0xff,
    0xff,0xff,0xff,0xff,0xff,0xff,0xff,0xff,0xff,0xff,0xff,0xff,0xff,0xff,0xff,0xff,
    0xff,0xff,0xff,0xff,0xff,0xff,0xff,0xff,0xff,0xff,0xff,0xff,0xff,0xff,0xff,0xff,
    0xff,0xff,0xff,0xff,0x10,0x84,0xcb,0x5a,0x0c,0x5b,0x51,0x8c,0xff,0xff,0xff,0xff,
    0xff,0xff,0xff,0xff,0xff,0xff,0xff,0xff,0xff,0xff,0xff,0xff,0xff,0xff,0xff,0xff,
    0xff,0xff,0xff,0xff,0xff,0xff,0xff,0xff,0xff,0xff,0xff,0xff,0xff,0xff,0xff,0xff,
    0xff,0xff,0xff,0xff,0xff,0xff,0xff,0xff,0xff,0xff,0xff,0xff,0xff,0xff,0xff,0xff,
    0xff,0xff,0xff,0xff,0xff,0xff,0xff,0xff,0xff,0xff,0xff,0xff,0xff,0xff,0xff,0xff,
    0xff,0xff,0xff,0xff,0xff,0xff,0xff,0xff,0xff,0xff,0xff,0xff,0xff,0xff,0xff,0xff,
    0xff,0xff,0xff,0xff,0xff,0xff,0xff,0xff,0xff,0xff,0xff,0xff,0xff,0xff,0xff,0xff,
    0xff,0xff,0xff,0xff,0xff,0xff,0xff,0xff,0xff,0xff,0xff,0xff,0x65,0x29,0xe3,0x18,
    0x24,0x29,0x23,0x21,0x24,0x21,0x44,0x29,0xe3,0x18,0xc2,0x18,0x07,0x42,0xe7,0x41,
    0xe7,0x41,0xe7,0x41,0xe7,0x41,0xe7,0x41,0xe7,0x41,0xe7,0x41,0xe7,0x41,0x07,0x42,
    0xe6,0x39,0xa9,0x5a,0x0f,0x8c,0xe7,0x41,0x71,0x8c,0xff,0xff,0xff,0xff,0xff,0xff,
    0xff,0xff,0xff,0xff,0xff,0xff,0xff,0xff,0xff,0xff,0xff,0xff,0xff,0xff,0xff,0xff,
    0xff,0xff,0xff,0xff,0xff,0xff,0xff,0xff,0xff,0xff,0xff,0xff,0xff,0xff,0xff,0xff,
    0xff,0xff,0xff,0xff,0xff,0xff,0xff,0xff,0xff,0xff,0xff,0xff,0xff,0xff,0xff,0xff,
    0xff,0xff,0xff,0xff,0xff,0xff,0xff,0xff,0xff,0xff,0xff,0xff,0xff,0xff,0xff,0xff,
    0xff,0xff,0xff,0xff,0xff,0xff,0xff,0xff,0xdf,0xff,0x2c,0x63,0x4d,0x6b,0x6d,0x6b,
    0x8e,0x73,0x4d,0x6b,0xeb,0x5a,0x0c,0x63,0xec,0x5a,0xeb,0x5a,0xcb,0x5a,0xaa,0x52,
    0x8a,0x52,0x8a,0x52,0x28,0x42,0xe7,0x39,0x2c,0x63,0xeb,0x5a,0xc3,0x18,0xe7,0x41,
    0xe7,0x41,0xe7,0x41,0xe7,0x41,0xe7,0x41,0xe7,0x41,0xe7,0x41,0xe7,0x41,0xe7,0x41,
    0xe7,0x41,0xc6,0x39,0x69,0x52,0xca,0x5a,0x82,0x10,0x03,0x21,0x24,0x29,0x24,0x29,
    0x24,0x29,0x44,0x29,0xc2,0x18,0x69,0x4a,0xbe,0xf7,0xff,0xff,0xff,0xff,0xff,0xff,
    0xff,0xff,0xff,0xff,0xff,0xff,0xff,0xff,0xff,0xff,0xff,0xff,0xff,0xff,0xff,0xff,
    0xff,0xff,0xff,0xff,0xff,0xff,0xff,0xff,0xff,0xff,0xff,0xff,0xff,0xff,0xff,0xff,
    0xff,0xff,0xff,0xff,0xff,0xff,0xff,0xff,0xff,0xff,0xff,0xff,0xff,0xff,0xff,0xff,
    0xff,0xff,0xff,0xff,0xff,0xff,0xff,0xff,0xff,0xff,0xff,0xff,0xff,0xff,0xff,0xff,
    0x14,0xa5,0xcb,0x52,0xae,0x73,0xaa,0x52,0x1c,0xe7,0xff,0xff,0xff,0xff,0xff,0xff,
    0xff,0xff,0xff,0xff,0xff,0xff,0xff,0xff,0xff,0xff,0xb3,0x94,0x92,0x94,0x92,0x94,
    0x49,0x4a,0x8a,0x52,0x55,0xad,0xff,0xff,0xff,0xff,0xff,0xff,0xff,0xff,0xff,0xff,
    0xff,0xff,0xff,0xff,0xff,0xff,0xff,0xff,0xff,0xff,0xff,0xff,0xff,0xff,0xff,0xff,
    0xff,0xff,0xff,0xff,0xff,0xff,0xff,0xff,0xff,0xff,0xff,0xff,0xff,0xff,0xff,0xff,
    0xff,0xff,0xff,0xff,0x30,0x84,0x6d,0x6b,0x8e,0x6b,0x51,0x8c,0xff,0xff,0xff,0xff,
    0xff,0xff,0xff,0xff,0xff,0xff,0xff,0xff,0xff,0xff,0xff,0xff,0xff,0xff,0xff,0xff,
    0xff,0xff,0xff,0xff,0xff,0xff,0xff,0xff,0xff,0xff,0xff,0xff,0xff,0xff,0xff,0xff,
    0xff,0xff,0xff,0xff,0xff,0xff,0xff,0xff,0xff,0xff,0xff,0xff,0xff,0xff,0xff,0xff,
    0xff,0xff,0xff,0xff,0xff,0xff,0xff,0xff,0xff,0xff,0xff,0xff,0xff,0xff,0xff,0xff,
    0xff,0xff,0xff,0xff,0xff,0xff,0xff,0xff,0xff,0xff,0xff,0xff,0xff,0xff,0xff,0xff,
    0xff,0xff,0xff,0xff,0xff,0xff,0xff,0xff,0xff,0xff,0xff,0xff,0xff,0xff,0xff,0xff,
    0xff,0xff,0xff,0xff,0xff,0xff,0xff,0xff,0xff,0xff,0xdf,0xff,0x65,0x29,0xe3,0x18,
    0x44,0x29,0x24,0x21,0x24,0x21,0x44,0x29,0xe3,0x18,0xc2,0x18,0x07,0x42,0xe7,0x41,
    0xe7,0x41,0xe7,0x41,0xe7,0x41,0xe7,0x41,0xe7,0x41,0xe7,0x41,0xe7,0x41,0xe7,0x41,
    0xe7,0x39,0xa9,0x5a,0x0f,0x8c,0xe7,0x41,0x71,0x8c,0xff,0xff,0xff,0xff,0xff,0xff,
    0xff,0xff,0xff,0xff,0xff,0xff,0xff,0xff,0xff,0xff,0xff,0xff,0xff,0xff,0xff,0xff,
    0xff,0xff,0xff,0xff,0xff,0xff,0xff,0xff,0xff,0xff,0xff,0xff,0xff,0xff,0xff,0xff,
    0xff,0xff,0xff,0xff,0xff,0xff,0xff,0xff,0xff,0xff,0xff,0xff,0xff,0xff,0xff,0xff,
    0xff,0xff,0xff,0xff,0xff,0xff,0xff,0xff,0xff,0xff,0xff,0xff,0xff,0xff,0xff,0xff,
    0xff,0xff,0xff,0xff,0xff,0xff,0xff,0xff,0xbe,0xf7,0x6d,0x6b,0x10,0x84,0x92,0x94,
    0xd7,0xbd,0x96,0xb5,0xd3,0x9c,0x14,0xa5,0x34,0xa5,0x34,0xa5,0x34,0xa5,0x14,0xa5,
    0x14,0xa5,0xf3,0x9c,0xcf,0x73,0x4c,0x63,0x8e,0x73,0xcb,0x5a,0xe3,0x18,0xe7,0x41,
    0xe7,0x41,0xe7,0x41,0xe7,0x41,0xe7,0x41,0xe7,0x41,0xe7,0x41,0xe7,0x41,0xe7,0x41,
    0xe7,0x41,0xc6,0x39,0x69,0x52,0xca,0x5a,0x82,0x10,0x03,0x21,0x24,0x29,0x24,0x29,
    0x24,0x29,0x44,0x29,0xc2,0x18,0x49,0x4a,0x9e,0xf7,0xff,0xff,0xff,0xff,0xff,0xff,
    0xff,0xff,0xff,0xff,0xff,0xff,0xff,0xff,0xff,0xff,0xff,0xff,0xff,0xff,0xff,0xff,
    0xff,0xff,0xff,0xff,0xff,0xff,0xff,0xff,0xff,0xff,0xff,0xff,0xff,0xff,0xff,0xff,
    0xff,0xff,0xff,0xff,0xff,0xff,0xff,0xff,0xff,0xff,0xff,0xff,0xff,0xff,0xff,0xff,
    0xff,0xff,0xff,0xff,0xff,0xff,0xff,0xff,0xff,0xff,0xff,0xff,0xff,0xff,0xff,0xff,
    0x34,0xa5,0x0c,0x63,0x51,0x8c,0xeb,0x5a,0xba,0xde,0xff,0xff,0xff,0xff,0xff,0xff,
    0xff,0xff,0xff,0xff,0xff,0xff,0xff,0xff,0xff,0xff,0xd3,0x9c,0xb2,0x94,0xb3,0x94,
    0x8a,0x52,0xab,0x52,0x75,0xad,0xff,0xff,0xff,0xff,0xff,0xff,0xff,0xff,0xff,0xff,
    0xff,0xff,0xff,0xff,0xff,0xff,0xff,0xff,0xff,0xff,0xff,0xff,0xff,0xff,0xff,0xff,
    0xff,0xff,0xff,0xff,0xff,0xff,0xff,0xff,0xff,0xff,0xff,0xff,0xff,0xff,0xff,0xff,
    0xff,0xff,0xff,0xff,0x51,0x8c,0xcf,0x73,0xcf,0x73,0x51,0x8c,0xff,0xff,0xff,0xff,
    0xff,0xff,0xff,0xff,0xff,0xff,0xff,0xff,0xff,0xff,0xff,0xff,0xff,0xff,0xff,0xff,
    0xff,0xff,0xff,0xff,0xff,0xff,0xff,0xff,0xff,0xff,0xff,0xff,0xff,0xff,0xff,0xff,
    0xff,0xff,0xff,0xff,0xff,0xff,0xff,0xff,0xff,0xff,0xff,0xff,0xff,0xff,0xff,0xff,
    0xff,0xff,0xff,0xff,0xff,0xff,0xff,0xff,0xff,0xff,0xff,0xff,0xff,0xff,0xff,0xff,
    0xff,0xff,0xff,0xff,0xff,0xff,0xff,0xff,0xff,0xff,0xff,0xff,0xff,0xff,0xff,0xff,
    0xff,0xff,0xff,0xff,0xff,0xff,0xff,0xff,0xff,0xff,0xff,0xff,0xff,0xff,0xff,0xff,
    0xff,0xff,0xff,0xff,0xff,0xff,0xff,0xff,0xff,0xff,0xdf,0xff,0x64,0x29,0xe3,0x18,
    0x44,0x29,0x24,0x21,0x24,0x29,0x44,0x29,0xe3,0x18,0xc3,0x18,0x07,0x42,0xe7,0x41,
    0xe7,0x41,0xe7,0x41,0xe7,0x41,0xe7,0x41,0xe7,0x41,0xe7,0x41,0xe7,0x41,0xe7,0x41,
    0xe7,0x41,0xa9,0x5a,0x0f,0x8c,0xe7,0x41,0x71,0x8c,0xff,0xff,0xff,0xff,0xff,0xff,
    0xff,0xff,0xff,0xff,0xff,0xff,0xff,0xff,0xff,0xff,0xff,0xff,0xff,0xff,0xff,0xff,
    0xff,0xff,0xff,0xff,0xff,0xff,0xff,0xff,0xff,0xff,0xff,0xff,0xff,0xff,0xff,0xff,
    0xff,0xff,0xff,0xff,0xff,0xff,0xff,0xff,0xff,0xff,0xff,0xff,0xff,0xff,0xff,0xff,
    0xff,0xff,0xff,0xff,0xff,0xff,0xff,0xff,0xff,0xff,0xff,0xff,0xff,0xff,0xff,0xff,
    0xff,0xff,0xff,0xff,0xff,0xff,0xff,0xff,0xdf,0xff,0x6d,0x6b,0x30,0x84,0xf3,0x9c,
    0x17,0xc6,0x17,0xc6,0xf3,0x9c,0xf3,0x9c,0xf3,0x9c,0x14,0xa5,0x14,0xa5,0x14,0xa5,
    0x14,0xa5,0x14,0xa5,0x51,0x84,0xae,0x73,0xef,0x7b,0xcb,0x5a,0xe3,0x18,0xe7,0x41,
    0xe7,0x41,0xe7,0x41,0xe7,0x41,0xe7,0x41,0xe7,0x41,0xe7,0x41,0xe7,0x41,0xe7,0x41,
    0xe7,0x41,0xc6,0x41,0x69,0x52,0xeb,0x62,0x82,0x10,0x03,0x21,0x44,0x29,0x24,0x29,
    0x24,0x29,0x44,0x29,0xc2,0x18,0x48,0x4a,0x9e,0xf7,0xff,0xff,0xff,0xff,0xff,0xff,
    0xff,0xff,0xff,0xff,0xff,0xff,0xff,0xff,0xff,0xff,0xff,0xff,0xff,0xff,0xff,0xff,
    0xff,0xff,0xff,0xff,0xff,0xff,0xff,0xff,0xff,0xff,0xff,0xff,0xff,0xff,0xff,0xff,
    0xff,0xff,0xff,0xff,0xff,0xff,0xff,0xff,0xff,0xff,0xff,0xff,0xff,0xff,0xff,0xff,
    0xff,0xff,0xff,0xff,0xff,0xff,0xff,0xff,0xff,0xff,0xff,0xff,0xff,0xff,0xff,0xff,
    0x14,0xa5,0x6e,0x6b,0xd7,0xbd,0x6d,0x6b,0xdb,0xde,0xff,0xff,0xff,0xff,0xff,0xff,
    0xff,0xff,0xff,0xff,0xff,0xff,0xff,0xff,0xff,0xff,0xd3,0x9c,0x92,0x94,0xd3,0x9c,
    0xaa,0x52,0xcb,0x5a,0x96,0xb5,0xff,0xff,0xff,0xff,0xff,0xff,0xff,0xff,0xff,0xff,
    0xff,0xff,0xff,0xff,0xff,0xff,0xff,0xff,0xff,0xff,0xff,0xff,0xff,0xff,0xff,0xff,
    0xff,0xff,0xff,0xff,0xff,0xff,0xff,0xff,0xff,0xff,0xff,0xff,0xff,0xff,0xff,0xff,
    0xff,0xff,0xff,0xff,0x51,0x8c,0xef,0x7b,0xef,0x7b,0x30,0x84,0xff,0xff,0xff,0xff,
    0xff,0xff,0xff,0xff,0xff,0xff,0xff,0xff,0xff,0xff,0xff,0xff,0xff,0xff,0xff,0xff,
    0xff,0xff,0xff,0xff,0xff,0xff,0xff,0xff,0xff,0xff,0xff,0xff,0xff,0xff,0xff,0xff,
    0xff,0xff,0xff,0xff,0xff,0xff,0xff,0xff,0xff,0xff,0xff,0xff,0xff,0xff,0xff,0xff,
    0xff,0xff,0xff,0xff,0xff,0xff,0xff,0xff,0xff,0xff,0xff,0xff,0xff,0xff,0xff,0xff,
    0xff,0xff,0xff,0xff,0xff,0xff,0xff,0xff,0xff,0xff,0xff,0xff,0xff,0xff,0xff,0xff,
    0xff,0xff,0xff,0xff,0xff,0xff,0xff,0xff,0xff,0xff,0xff,0xff,0xff,0xff,0xff,0xff,
    0xff,0xff,0xff,0xff,0xff,0xff,0xff,0xff,0xff,0xff,0xdf,0xff,0x44,0x29,0xe3,0x18,
    0x44,0x29,0x24,0x29,0x24,0x29,0x44,0x29,0xe3,0x18,0xe3,0x18,0x07,0x42,0xe6,0x41,
    0xe7,0x41,0xe7,0x41,0xe7,0x41,0xe7,0x41,0xe7,0x41,0xe7,0x41,0xe7,0x41,0xe7,0x41,
    0xe7,0x41,0xca,0x62,0x0f,0x8c,0xe7,0x41,0x71,0x94,0xff,0xff,0xff,0xff,0xff,0xff,
    0xff,0xff,0xff,0xff,0xff,0xff,0xff,0xff,0xff,0xff,0xff,0xff,0xff,0xff,0xff,0xff,
    0xff,0xff,0xff,0xff,0xff,0xff,0xff,0xff,0xff,0xff,0xff,0xff,0xff,0xff,0xff,0xff,
    0xff,0xff,0xff,0xff,0xff,0xff,0xff,0xff,0xff,0xff,0xff,0xff,0xff,0xff,0xff,0xff,
    0xff,0xff,0xff,0xff,0xff,0xff,0xff,0xff,0xff,0xff,0xff,0xff,0xff,0xff,0xff,0xff,
    0xff,0xff,0xff,0xff,0xff,0xff,0xff,0xff,0xff,0xff,0x8e,0x73,0xae,0x73,0x30,0x84,
    0x8e,0x73,0x2c,0x63,0x69,0x4a,0x28,0x42,0x28,0x42,0x69,0x4a,0x8a,0x52,0xaa,0x52,
    0xaa,0x52,0xcb,0x5a,0xeb,0x5a,0x0b,0x5b,0x8e,0x73,0xeb,0x5a,0xe3,0x18,0xe7,0x41,
    0xe7,0x41,0xe7,0x41,0xe7,0x41,0xe7,0x41,0xe7,0x41,0xe7,0x41,0xe7,0x41,0xe7,0x41,
    0xe7,0x41,0xc6,0x41,0x89,0x5a,0xeb,0x62,0x82,0x10,0x03,0x21,0x44,0x29,0x24,0x29,
    0x24,0x29,0x44,0x29,0xc2,0x18,0x48,0x4a,0x9e,0xf7,0xff,0xff,0xff,0xff,0xff,0xff,
    0xff,0xff,0xff,0xff,0xff,0xff,0xff,0xff,0xff,0xff,0xff,0xff,0xff,0xff,0xff,0xff,
    0xff,0xff,0xff,0xff,0xff,0xff,0xff,0xff,0xff,0xff,0xff,0xff,0xff,0xff,0xff,0xff,
    0xff,0xff,0xff,0xff,0xff,0xff,0xff,0xff,0xff,0xff,0xff,0xff,0xff,0xff,0xff,0xff,
    0xff,0xff,0xff,0xff,0xff,0xff,0xff,0xff,0xff,0xff,0xff,0xff,0xff,0xff,0xff,0xff,
    0x14,0x9d,0x8e,0x6b,0xf7,0xbd,0x8e,0x73,0xfb,0xde,0xff,0xff,0xff,0xff,0xff,0xff,
    0xff,0xff,0xff,0xff,0xff,0xff,0xff,0xff,0xff,0xff,0xf3,0x9c,0x71,0x8c,0xb2,0x94,
    0x8a,0x52,0x0c,0x5b,0xb6,0xb5,0xff,0xff,0xff,0xff,0xff,0xff,0xff,0xff,0xff,0xff,
    0xff,0xff,0xff,0xff,0xff,0xff,0xff,0xff,0xff,0xff,0xff,0xff,0xff,0xff,0xff,0xff,
    0xff,0xff,0xff,0xff,0xff,0xff,0xff,0xff,0xff,0xff,0xff,0xff,0xff,0xff,0xff,0xff,
    0xff,0xff,0xff,0xff,0x51,0x8c,0xcf,0x73,0xef,0x7b,0x10,0x84,0xff,0xff,0xff,0xff,
    0xff,0xff,0xff,0xff,0xff,0xff,0xff,0xff,0xff,0xff,0xff,0xff,0xff,0xff,0xff,0xff,
    0xff,0xff,0xff,0xff,0xff,0xff,0xff,0xff,0xff,0xff,0xff,0xff,0xff,0xff,0xff,0xff,
    0xff,0xff,0xff,0xff,0xff,0xff,0xff,0xff,0xff,0xff,0xff,0xff,0xff,0xff,0xff,0xff,
    0xff,0xff,0xff,0xff,0xff,0xff,0xff,0xff,0xff,0xff,0xff,0xff,0xff,0xff,0xff,0xff,
    0xff,0xff,0xff,0xff,0xff,0xff,0xff,0xff,0xff,0xff,0xff,0xff,0xff,0xff,0xff,0xff,
    0xff,0xff,0xff,0xff,0xff,0xff,0xff,0xff,0xff,0xff,0xff,0xff,0xff,0xff,0xff,0xff,
    0xff,0xff,0xff,0xff,0xff,0xff,0xff,0xff,0xff,0xff,0xdf,0xff,0x44,0x29,0xe3,0x20,
    0x44,0x29,0x24,0x29,0x24,0x29,0x44,0x29,0xe3,0x18,0xe3,0x18,0x07,0x42,0xe6,0x41,
    0xe7,0x41,0xe7,0x41,0xe7,0x41,0xe7,0x41,0xe7,0x41,0xe7,0x41,0xe7,0x41,0xe7,0x41,
    0xc6,0x41,0xca,0x62,0x0f,0x8c,0xe7,0x41,0x92,0x94,0xff,0xff,0xff,0xff,0xff,0xff,
    0xff,0xff,0xff,0xff,0xff,0xff,0xff,0xff,0xff,0xff,0xff,0xff,0xff,0xff,0xff,0xff,
    0xff,0xff,0xff,0xff,0xff,0xff,0xff,0xff,0xff,0xff,0xff,0xff,0xff,0xff,0xff,0xff,
    0xff,0xff,0xff,0xff,0xff,0xff,0xff,0xff,0xff,0xff,0xff,0xff,0xff,0xff,0xff,0xff,
    0xff,0xff,0xff,0xff,0xff,0xff,0xff,0xff,0xff,0xff,0xff,0xff,0xff,0xff,0xff,0xff,
    0xff,0xff,0xff,0xff,0xff,0xff,0xff,0xff,0xff,0xff,0xf7,0xbd,0x69,0x4a,0x49,0x4a,
    0x08,0x42,0xe7,0x39,0xe7,0x39,0x08,0x42,0x08,0x42,0x28,0x42,0x69,0x4a,0x8a,0x4a,
    0x8a,0x52,0xaa,0x52,0xaa,0x52,0xaa,0x52,0x6d,0x6b,0x0c,0x63,0xe3,0x18,0xe7,0x41,
    0xe7,0x41,0xe7,0x41,0xe7,0x41,0xe7,0x41,0xe7,0x41,0xe7,0x41,0xe7,0x41,0xe7,0x41,
    0xe7,0x41,0xc6,0x41,0x89,0x5a,0x0b,0x63,0x82,0x10,0x03,0x21,0x24,0x29,0x24,0x29,
    0x24,0x29,0x44,0x29,0xa2,0x18,0x28,0x42,0x9e,0xf7,0xff,0xff,0xff,0xff,0xff,0xff,
    0xff,0xff,0xff,0xff,0xff,0xff,0xff,0xff,0xff,0xff,0xff,0xff,0xff,0xff,0xff,0xff,
    0xff,0xff,0xff,0xff,0xff,0xff,0xff,0xff,0xff,0xff,0xff,0xff,0xff,0xff,0xff,0xff,
    0xff,0xff,0xff,0xff,0xff,0xff,0xff,0xff,0xff,0xff,0xff,0xff,0xff,0xff,0xff,0xff,
    0xff,0xff,0xff,0xff,0xff,0xff,0xff,0xff,0xff,0xff,0xff,0xff,0xff,0xff,0xff,0xff,
    0xf3,0x9c,0x6e,0x6b,0xf7,0xbd,0x8e,0x73,0xfb,0xde,0xff,0xff,0xff,0xff,0xff,0xff,
    0xff,0xff,0xff,0xff,0xff,0xff,0xff,0xff,0xff,0xff,0xf3,0x9c,0x71,0x8c,0xb2,0x94,
    0x89,0x4a,0x0c,0x63,0xd7,0xbd,0xff,0xff,0xff,0xff,0xff,0xff,0xff,0xff,0xff,0xff,
    0xff,0xff,0xff,0xff,0xff,0xff,0xff,0xff,0xff,0xff,0xff,0xff,0xff,0xff,0xff,0xff,
    0xff,0xff,0xff,0xff,0xff,0xff,0xff,0xff,0xff,0xff,0xff,0xff,0xff,0xff,0xff,0xff,
    0xff,0xff,0xff,0xff,0x51,0x8c,0xcf,0x73,0xef,0x7b,0x0f,0x7c,0xff,0xff,0xff,0xff,
    0xff,0xff,0xff,0xff,0xff,0xff,0xff,0xff,0xff,0xff,0xff,0xff,0xff,0xff,0xff,0xff,
    0xff,0xff,0xff,0xff,0xff,0xff,0xff,0xff,0xff,0xff,0xff,0xff,0xff,0xff,0xff,0xff,
    0xff,0xff,0xff,0xff,0xff,0xff,0xff,0xff,0xff,0xff,0xff,0xff,0xff,0xff,0xff,0xff,
    0xff,0xff,0xff,0xff,0xff,0xff,0xff,0xff,0xff,0xff,0xff,0xff,0xff,0xff,0xff,0xff,
    0xff,0xff,0xff,0xff,0xff,0xff,0xff,0xff,0xff,0xff,0xff,0xff,0xff,0xff,0xff,0xff,
    0xff,0xff,0xff,0xff,0xff,0xff,0xff,0xff,0xff,0xff,0xff,0xff,0xff,0xff,0xff,0xff,
    0xff,0xff,0xff,0xff,0xff,0xff,0xff,0xff,0xff,0xff,0xdf,0xff,0x44,0x29,0xe3,0x20,
    0x44,0x29,0x24,0x29,0x24,0x29,0x44,0x29,0xe3,0x18,0xe3,0x20,0x07,0x42,0xe6,0x41,
    0xe7,0x41,0xe7,0x41,0xe7,0x41,0xe7,0x41,0xe7,0x41,0xe7,0x41,0xe7,0x41,0xe7,0x41,
    0xe7,0x41,0xca,0x62,0x0f,0x8c,0xe7,0x41,0x92,0x94,0xff,0xff,0xff,0xff,0xff,0xff,
    0xff,0xff,0xff,0xff,0xff,0xff,0xff,0xff,0xff,0xff,0xff,0xff,0xff,0xff,0xff,0xff,
    0xff,0xff,0xff,0xff,0xff,0xff,0xff,0xff,0xff,0xff,0xff,0xff,0xff,0xff,0xff,0xff,
    0xff,0xff,0xff,0xff,0xff,0xff,0xff,0xff,0xff,0xff,0xff,0xff,0xff,0xff,0xff,0xff,
    0xff,0xff,0xff,0xff,0xff,0xff,0xff,0xff,0xff,0xff,0xff,0xff,0xff,0xff,0xff,0xff,
    0xff,0xff,0xff,0xff,0xff,0xff,0xff,0xff,0xff,0xff,0xff,0xff,0x8e,0x73,0x10,0x84,
    0xd3,0x94,0x71,0x8c,0x51,0x8c,0x30,0x84,0x30,0x84,0x30,0x84,0x51,0x84,0x71,0x8c,
    0x92,0x8c,0x92,0x94,0x30,0x84,0xcf,0x7b,0xef,0x7b,0x0c,0x63,0xe3,0x18,0xe7,0x41,
    0xe7,0x41,0xe7,0x41,0xe7,0x41,0xe7,0x41,0xe7,0x41,0xe7,0x41,0xe7,0x41,0xe7,0x41,
    0xe7,0x41,0xc6,0x41,0x89,0x5a,0x0b,0x6b,0x82,0x10,0x03,0x21,0x44,0x29,0x24,0x29,
    0x24,0x29,0x44,0x29,0xa2,0x18,0x28,0x42,0x9e,0xf7,0xff,0xff,0xff,0xff,0xff,0xff,
    0xff,0xff,0xff,0xff,0xff,0xff,0xff,0xff,0xff,0xff,0xff,0xff,0xff,0xff,0xff,0xff,
    0xff,0xff,0xff,0xff,0xff,0xff,0xff,0xff,0xff,0xff,0xff,0xff,0xff,0xff,0xff,0xff,
    0xff,0xff,0xff,0xff,0xff,0xff,0xff,0xff,0xff,0xff,0xff,0xff,0xff,0xff,0xff,0xff,
    0xff,0xff,0xff,0xff,0xff,0xff,0xff,0xff,0xff,0xff,0xff,0xff,0xff,0xff,0xff,0xff,
    0xf3,0x9c,0x6e,0x6b,0xd7,0xbd,0xae,0x73,0xfb,0xde,0xff,0xff,0xff,0xff,0xff,0xff,
    0xff,0xff,0xff,0xff,0xff,0xff,0xff,0xff,0xff,0xff,0x14,0xa5,0x51,0x84,0xb2,0x94,
    0x69,0x4a,0x0b,0x5b,0xd7,0xbd,0xff,0xff,0xff,0xff,0xff,0xff,0xff,0xff,0xff,0xff,
    0xff,0xff,0xff,0xff,0xff,0xff,0xff,0xff,0xff,0xff,0xff,0xff,0xff,0xff,0xff,0xff,
    0xff,0xff,0xff,0xff,0xff,0xff,0xff,0xff,0xff,0xff,0xff,0xff,0xff,0xff,0xff,0xff,
    0xff,0xff,0xff,0xff,0x71,0x8c,0xcf,0x73,0xef,0x7b,0xef,0x7b,0xff,0xff,0xff,0xff,
    0xff,0xff,0xff,0xff,0xff,0xff,0xff,0xff,0xff,0xff,0xff,0xff,0xff,0xff,0xff,0xff,
    0xff,0xff,0xff,0xff,0xff,0xff,0xff,0xff,0xff,0xff,0xff,0xff,0xff,0xff,0xff,0xff,
    0xff,0xff,0xff,0xff,0xff,0xff,0xff,0xff,0xff,0xff,0xff,0xff,0xff,0xff,0xff,0xff,
    0xff,0xff,0xff,0xff,0xff,0xff,0xff,0xff,0xff,0xff,0xff,0xff,0xff,0xff,0xff,0xff,
    0xff,0xff,0xff,0xff,0xff,0xff,0xff,0xff,0xff,0xff,0xff,0xff,0xff,0xff,0xff,0xff,
    0xff,0xff,0xff,0xff,0xff,0xff,0xff,0xff,0xff,0xff,0xff,0xff,0xff,0xff,0xff,0xff,
    0xff,0xff,0xff,0xff,0xff,0xff,0xff,0xff,0xff,0xff,0xdf,0xff,0x24,0x29,0xe3,0x20,
    0x44,0x29,0x24,0x29,0x24,0x29,0x44,0x29,0xe3,0x18,0xe3,0x20,0x07,0x42,0xe6,0x41,
    0xe7,0x41,0xe7,0x41,0xe7,0x41,0xe7,0x41,0xe7,0x41,0xe7,0x41,0xe7,0x41,0xe7,0x41,
    0xc6,0x41,0xca,0x62,0x0f,0x8c,0xe7,0x41,0xb2,0x94,0xff,0xff,0xff,0xff,0xff,0xff,
    0xff,0xff,0xff,0xff,0xff,0xff,0xff,0xff,0xff,0xff,0xff,0xff,0xff,0xff,0xff,0xff,
    0xff,0xff,0xff,0xff,0xff,0xff,0xff,0xff,0xff,0xff,0xff,0xff,0xff,0xff,0xff,0xff,
    0xff,0xff,0xff,0xff,0xff,0xff,0xff,0xff,0xff,0xff,0xff,0xff,0xff,0xff,0xff,0xff,
    0xff,0xff,0xff,0xff,0xff,0xff,0xff,0xff,0xff,0xff,0xff,0xff,0xff,0xff,0xff,0xff,
    0xff,0xff,0xff,0xff,0xff,0xff,0xff,0xff,0xbe,0xf7,0x38,0xc6,0x8a,0x52,0x71,0x8c,
    0xb3,0x94,0x92,0x94,0x72,0x8c,0x72,0x8c,0x92,0x8c,0x92,0x8c,0xb2,0x94,0xf3,0x9c,
    0x14,0xa5,0x55,0xad,0x92,0x94,0xcf,0x7b,0xef,0x7b,0x2c,0x63,0xe3,0x20,0xe6,0x41,
    0xe7,0x41,0xe7,0x41,0xe7,0x41,0xe7,0x41,0xe7,0x41,0xe7,0x41,0xe7,0x41,0xe7,0x41,
    0xe7,0x41,0xc6,0x41,0xaa,0x5a,0x2c,0x6b,0xa2,0x10,0x03,0x21,0x44,0x29,0x24,0x29,
    0x24,0x29,0x44,0x29,0xc2,0x18,0x28,0x42,0x7d,0xef,0xff,0xff,0xff,0xff,0xff,0xff,
    0xff,0xff,0xff,0xff,0xff,0xff,0xff,0xff,0xff,0xff,0xff,0xff,0xff,0xff,0xff,0xff,
    0xff,0xff,0xff,0xff,0xff,0xff,0xff,0xff,0xff,0xff,0xff,0xff,0xff,0xff,0xff,0xff,
    0xff,0xff,0xff,0xff,0xff,0xff,0xff,0xff,0xff,0xff,0xff,0xff,0xff,0xff,0xff,0xff,
    0xff,0xff,0xff,0xff,0xff,0xff,0xff,0xff,0xff,0xff,0xff,0xff,0xff,0xff,0xff,0xff,
    0xf3,0x9c,0x6e,0x6b,0xb7,0xb5,0xae,0x73,0x1c,0xe7,0xff,0xff,0xff,0xff,0xff,0xff,
    0xff,0xff,0xff,0xff,0xff,0xff,0xff,0xff,0xff,0xff,0x34,0xa5,0x30,0x84,0xb2,0x94,
    0x69,0x4a,0xeb,0x5a,0xd7,0xbd,0xff,0xff,0xff,0xff,0xff,0xff,0xff,0xff,0xff,0xff,
    0xff,0xff,0xff,0xff,0xff,0xff,0xff,0xff,0xff,0xff,0xff,0xff,0xff,0xff,0xff,0xff,
    0xff,0xff,0xff,0xff,0xff,0xff,0xff,0xff,0xff,0xff,0xff,0xff,0xff,0xff,0xff,0xff,
    0xff,0xff,0xff,0xff,0x71,0x8c,0xcf,0x7b,0xef,0x7b,0xcf,0x7b,0xff,0xff,0xff,0xff,
    0xff,0xff,0xff,0xff,0xff,0xff,0xff,0xff,0xff,0xff,0xff,0xff,0xff,0xff,0xff,0xff,
    0xff,0xff,0xff,0xff,0xff,0xff,0xff,0xff,0xff,0xff,0xff,0xff,0xff,0xff,0xff,0xff,
    0xff,0xff,0xff,0xff,0xff,0xff,0xff,0xff,0xff,0xff,0xff,0xff,0xff,0xff,0xff,0xff,
    0xff,0xff,0xff,0xff,0xff,0xff,0xff,0xff,0xff,0xff,0xff,0xff,0xff,0xff,0xff,0xff,
    0xff,0xff,0xff,0xff,0xff,0xff,0xff,0xff,0xff,0xff,0xff,0xff,0xff,0xff,0xff,0xff,
    0xff,0xff,0xff,0xff,0xff,0xff,0xff,0xff,0xff,0xff,0xff,0xff,0xff,0xff,0xff,0xff,
    0xff,0xff,0xff,0xff,0xff,0xff,0xff,0xff,0xff,0xff,0xbf,0xff,0x24,0x29,0xe3,0x20,
    0x44,0x29,0x24,0x29,0x24,0x29,0x44,0x29,0xc3,0x18,0xe3,0x20,0x07,0x42,0xe7,0x41,
    0xe7,0x41,0xe7,0x41,0xe7,0x41,0xe7,0x41,0xe7,0x41,0xe7,0x41,0xe7,0x41,0xe7,0x41,
    0xc6,0x39,0xca,0x62,0x0f,0x8c,0xe7,0x39,0xb2,0x94,0xff,0xff,0xff,0xff,0xff,0xff,
    0xff,0xff,0xff,0xff,0xff,0xff,0xff,0xff,0xff,0xff,0xff,0xff,0xff,0xff,0xff,0xff,
    0xff,0xff,0xff,0xff,0xff,0xff,0xff,0xff,0xff,0xff,0xff,0xff,0xff,0xff,0xff,0xff,
    0xff,0xff,0xff,0xff,0xff,0xff,0xff,0xff,0xff,0xff,0xff,0xff,0xff,0xff,0xff,0xff,
    0xff,0xff,0xff,0xff,0xff,0xff,0xff,0xff,0xff,0xff,0xff,0xff,0xff,0xff,0xff,0xff,
    0xff,0xff,0xff,0xff,0x59,0xce,0x6d,0x6b,0xae,0x73,0xca,0x5a,0x28,0x42,0xaa,0x52,
    0x8a,0x52,0x8a,0x52,0x8a,0x52,0x89,0x4a,0x69,0x4a,0x49,0x4a,0x28,0x42,0x49,0x4a,
    0x69,0x4a,0xcb,0x5a,0xaa,0x52,0xeb,0x5a,0x10,0x7c,0x2c,0x63,0x03,0x21,0xe6,0x41,
    0xe7,0x41,0xe7,0x41,0xe7,0x41,0xe7,0x41,0xe7,0x41,0xe7,0x41,0xe7,0x41,0xe7,0x41,
    0xe7,0x41,0xc6,0x39,0xaa,0x5a,0x2c,0x6b,0xa2,0x10,0x03,0x21,0x44,0x29,0x24,0x29,
    0x24,0x29,0x44,0x29,0xc2,0x18,0x08,0x42,0x7d,0xef,0xff,0xff,0xff,0xff,0xff,0xff,
    0xff,0xff,0xff,0xff,0xff,0xff,0xff,0xff,0xff,0xff,0xff,0xff,0xff,0xff,0xff,0xff,
    0xff,0xff,0xff,0xff,0xff,0xff,0xff,0xff,0xff,0xff,0xff,0xff,0xff,0xff,0xff,0xff,
    0xff,0xff,0xff,0xff,0xff,0xff,0xff,0xff,0xff,0xff,0xff,0xff,0xff,0xff,0xff,0xff,
    0xff,0xff,0xff,0xff,0xff,0xff,0xff,0xff,0xff,0xff,0xff,0xff,0xff,0xff,0xff,0xff,
    0xf3,0x9c,0x8e,0x6b,0xb7,0xb5,0x8e,0x73,0x3c,0xe7,0xff,0xff,0xff,0xff,0xff,0xff,
    0xff,0xff,0xff,0xff,0xff,0xff,0xff,0xff,0xff,0xff,0x34,0xa5,0x30,0x84,0xd3,0x9c,
    0x69,0x4a,0xec,0x5a,0xf7,0xbd,0xff,0xff,0xff,0xff,0xff,0xff,0xff,0xff,0xff,0xff,
    0xff,0xff,0xff,0xff,0xff,0xff,0xff,0xff,0xff,0xff,0xff,0xff,0xff,0xff,0xff,0xff,
    0xff,0xff,0xff,0xff,0xff,0xff,0xff,0xff,0xff,0xff,0xff,0xff,0xff,0xff,0xff,0xff,
    0xff,0xff,0xff,0xff,0x71,0x94,0xcf,0x7b,0xf0,0x7b,0xcf,0x7b,0xff,0xff,0xff,0xff,
    0xff,0xff,0xff,0xff,0xff,0xff,0xff,0xff,0xff,0xff,0xff,0xff,0xff,0xff,0xff,0xff,
    0xff,0xff,0xff,0xff,0xff,0xff,0xff,0xff,0xff,0xff,0xff,0xff,0xff,0xff,0xff,0xff,
    0xff,0xff,0xff,0xff,0xff,0xff,0xff,0xff,0xff,0xff,0xff,0xff,0xff,0xff,0xff,0xff,
    0xff,0xff,0xff,0xff,0xff,0xff,0xff,0xff,0xff,0xff,0xff,0xff,0xff,0xff,0xff,0xff,
    0xff,0xff,0xff,0xff,0xff,0xff,0xff,0xff,0xff,0xff,0xff,0xff,0xff,0xff,0xff,0xff,
    0xff,0xff,0xff,0xff,0xff,0xff,0xff,0xff,0xff,0xff,0xff,0xff,0xff,0xff,0xff,0xff,
    0xff,0xff,0xff,0xff,0xff,0xff,0xff,0xff,0xff,0xff,0xbf,0xff,0x24,0x29,0xe3,0x20,
    0x44,0x29,0x24,0x29,0x24,0x29,0x44,0x29,0xc2,0x18,0xe3,0x20,0x07,0x42,0xe7,0x41,
    0xe7,0x41,0xe7,0x41,0xe7,0x41,0xe7,0x41,0xe7,0x41,0xe7,0x41,0xe7,0x41,0xe7,0x41,
    0xc6,0x41,0xca,0x62,0x0f,0x8c,0xe7,0x39,0xd2,0x9c,0xff,0xff,0xff,0xff,0xff,0xff,
    0xff,0xff,0xff,0xff,0xff,0xff,0xff,0xff,0xff,0xff,0xff,0xff,0xff,0xff,0xff,0xff,
    0xff,0xff,0xff,0xff,0xff,0xff,0xff,0xff,0xff,0xff,0xff,0xff,0xff,0xff,0xff,0xff,
    0xff,0xff,0xff,0xff,0xff,0xff,0xff,0xff,0xff,0xff,0xff,0xff,0xff,0xff,0xff,0xff,
    0xff,0xff,0xff,0xff,0xff,0xff,0xff,0xff,0xff,0xff,0xff,0xff,0xff,0xff,0xff,0xff,
    0xff,0xff,0xdf,0xff,0x6d,0x6b,0xcf,0x7b,0x51,0x8c,0x8e,0x73,0x8e,0x73,0x8e,0x6b,
    0x8e,0x73,0xae,0x73,0xae,0x73,0xae,0x73,0xce,0x73,0xef,0x7b,0x10,0x84,0x0f,0x7c,
    0xef,0x7b,0x10,0x84,0xae,0x73,0xaa,0x52,0x4c,0x63,0x2c,0x63,0x03,0x21,0xe6,0x41,
    0xe6,0x41,0xe7,0x41,0xe7,0x41,0xe7,0x41,0xe7,0x41,0xe7,0x41,0xe7,0x41,0xe7,0x41,
    0xe7,0x41,0xc6,0x41,0xaa,0x5a,0x2c,0x6b,0xa2,0x10,0xe3,0x20,0x44,0x29,0x24,0x29,
    0x24,0x29,0x44,0x29,0xc2,0x18,0xe7,0x39,0x7d,0xef,0xff,0xff,0xff,0xff,0xff,0xff,
    0xff,0xff,0xff,0xff,0xff,0xff,0xff,0xff,0xff,0xff,0xff,0xff,0xff,0xff,0xff,0xff,
    0xff,0xff,0xff,0xff,0xff,0xff,0xff,0xff,0xff,0xff,0xff,0xff,0xff,0xff,0xff,0xff,
    0xff,0xff,0xff,0xff,0xff,0xff,0xff,0xff,0xff,0xff,0xff,0xff,0xff,0xff,0xff,0xff,
    0xff,0xff,0xff,0xff,0xff,0xff,0xff,0xff,0xff,0xff,0xff,0xff,0xff,0xff,0xff,0xff,
    0xf3,0x9c,0x8e,0x73,0xb7,0xb5,0x8e,0x73,0x3c,0xe7,0xff,0xff,0xff,0xff,0xff,0xff,
    0xff,0xff,0xff,0xff,0xff,0xff,0xff,0xff,0xff,0xff,0x35,0xa5,0x10,0x84,0xf3,0x9c,
    0x89,0x4a,0xec,0x5a,0xf7,0xbd,0xff,0xff,0xff,0xff,0xff,0xff,0xff,0xff,0xff,0xff,
    0xff,0xff,0xff,0xff,0xff,0xff,0xff,0xff,0xff,0xff,0xff,0xff,0xff,0xff,0xff,0xff,
    0xff,0xff,0xff,0xff,0xff,0xff,0xff,0xff,0xff,0xff,0xff,0xff,0xff,0xff,0xff,0xff,
    0xff,0xff,0xff,0xff,0x72,0x94,0xcf,0x7b,0x10,0x84,0xcf,0x7b,0xff,0xff,0xff,0xff,
    0xff,0xff,0xff,0xff,0xff,0xff,0xff,0xff,0xff,0xff,0xff,0xff,0xff,0xff,0xff,0xff,
    0xff,0xff,0xff,0xff,0xff,0xff,0xff,0xff,0xff,0xff,0xff,0xff,0xff,0xff,0xff,0xff,
    0xff,0xff,0xff,0xff,0xff,0xff,0xff,0xff,0xff,0xff,0xff,0xff,0xff,0xff,0xff,0xff,
    0xff,0xff,0xff,0xff,0xff,0xff,0xff,0xff,0xff,0xff,0xff,0xff,0xff,0xff,0xff,0xff,
    0xff,0xff,0xff,0xff,0xff,0xff,0xff,0xff,0xff,0xff,0xff,0xff,0xff,0xff,0xff,0xff,
    0xff,0xff,0xff,0xff,0xff,0xff,0xff,0xff,0xff,0xff,0xff,0xff,0xff,0xff,0xff,0xff,
    0xff,0xff,0xff,0xff,0xff,0xff,0xff,0xff,0xff,0xff,0xbf,0xff,0x24,0x29,0x03,0x21,
    0x44,0x29,0x24,0x29,0x24,0x29,0x44,0x29,0xe2,0x18,0x03,0x21,0x07,0x42,0xe7,0x41,
    0xe7,0x41,0xe7,0x41,0xe7,0x41,0xe7,0x41,0xe7,0x41,0xe7,0x41,0xe7,0x41,0xe7,0x41,
    0xc6,0x39,0xca,0x62,0x0f,0x8c,0xe7,0x39,0xd3,0x9c,0xff,0xff,0xff,0xff,0xff,0xff,
    0xff,0xff,0xff,0xff,0xff,0xff,0xff,0xff,0xff,0xff,0xff,0xff,0xff,0xff,0xff,0xff,
    0xff,0xff,0xff,0xff,0xff,0xff,0xff,0xff,0xff,0xff,0xff,0xff,0xff,0xff,0xff,0xff,
    0xff,0xff,0xff,0xff,0xff,0xff,0xff,0xff,0xff,0xff,0xff,0xff,0xff,0xff,0xff,0xff,
    0xff,0xff,0xff,0xff,0xff,0xff,0xff,0xff,0xff,0xff,0xff,0xff,0xff,0xff,0xff,0xff,
    0xff,0xff,0x7d,0xef,0x2c,0x63,0x34,0xa5,0x17,0xbe,0xb6,0xb5,0xb6,0xb5,0xf7,0xbd,
    0xf7,0xbd,0x17,0xbe,0x38,0xc6,0x38,0xc6,0x59,0xc6,0x59,0xce,0x38,0xc6,0x38,0xc6,
    0xb6,0xb5,0x34,0xa5,0x92,0x94,0x6d,0x6b,0x49,0x4a,0x4d,0x6b,0xe3,0x20,0xe6,0x41,
    0xe7,0x41,0xe7,0x41,0xe7,0x41,0xe7,0x41,0xe7,0x41,0xe7,0x41,0xe7,0x41,0xe7,0x41,
    0xe7,0x41,0xc6,0x41,0xaa,0x5a,0x4c,0x6b,0xa2,0x10,0xe3,0x18,0x44,0x29,0x24,0x29,
    0x24,0x29,0x44,0x29,0xc2,0x18,0xe7,0x39,0x7d,0xef,0xff,0xff,0xff,0xff,0xff,0xff,
    0xff,0xff,0xff,0xff,0xff,0xff,0xff,0xff,0xff,0xff,0xff,0xff,0xff,0xff,0xff,0xff,
    0xff,0xff,0xff,0xff,0xff,0xff,0xff,0xff,0xff,0xff,0xff,0xff,0xff,0xff,0xff,0xff,
    0xff,0xff,0xff,0xff,0xff,0xff,0xff,0xff,0xff,0xff,0xff,0xff,0xff,0xff,0xff,0xff,
    0xff,0xff,0xff,0xff,0xff,0xff,0xff,0xff,0xff,0xff,0xff,0xff,0xff,0xff,0xff,0xff,
    0xf3,0x9c,0xae,0x73,0xd7,0xb5,0x8e,0x73,0x3c,0xef,0xff,0xff,0xff,0xff,0xff,0xff,
    0xff,0xff,0xff,0xff,0xff,0xff,0xff,0xff,0xff,0xff,0x55,0xad,0x10,0x7c,0xf3,0x9c,
    0x89,0x4a,0xec,0x5a,0xd7,0xbd,0xff,0xff,0xff,0xff,0xff,0xff,0xff,0xff,0xff,0xff,
    0xff,0xff,0xff,0xff,0xff,0xff,0xff,0xff,0xff,0xff,0xff,0xff,0xff,0xff,0xff,0xff,
    0xff,0xff,0xff,0xff,0xff,0xff,0xff,0xff,0xff,0xff,0xff,0xff,0xff,0xff,0xff,0xff,
    0xff,0xff,0xff,0xff,0x92,0x94,0xcf,0x7b,0x10,0x84,0xae,0x73,0xff,0xff,0xff,0xff,
    0xff,0xff,0xff,0xff,0xff,0xff,0xff,0xff,0xff,0xff,0xff,0xff,0xff,0xff,0xff,0xff,
    0xff,0xff,0xff,0xff,0xff,0xff,0xff,0xff,0xff,0xff,0xff,0xff,0xff,0xff,0xff,0xff,
    0xff,0xff,0xff,0xff,0xff,0xff,0xff,0xff,0xff,0xff,0xff,0xff,0xff,0xff,0xff,0xff,
    0xff,0xff,0xff,0xff,0xff,0xff,0xff,0xff,0xff,0xff,0xff,0xff,0xff,0xff,0xff,0xff,
    0xff,0xff,0xff,0xff,0xff,0xff,0xff,0xff,0xff,0xff,0xff,0xff,0xff,0xff,0xff,0xff,
    0xff,0xff,0xff,0xff,0xff,0xff,0xff,0xff,0xff,0xff,0xff,0xff,0xff,0xff,0xff,0xff,
    0xff,0xff,0xff,0xff,0xff,0xff,0xff,0xff,0xff,0xff,0xbe,0xff,0x24,0x29,0x03,0x21,
    0x44,0x29,0x24,0x29,0x24,0x29,0x44,0x29,0xe3,0x18,0x03,0x21,0x07,0x42,0xe7,0x41,
    0xe7,0x41,0xe7,0x41,0xe7,0x41,0xe7,0x41,0xe7,0x41,0xe7,0x41,0xe7,0x41,0xe7,0x41,
    0xc6,0x39,0xea,0x62,0x0f,0x8c,0xe7,0x39,0xd3,0x9c,0xff,0xff,0xff,0xff,0xff,0xff,
    0xff,0xff,0xff,0xff,0xff,0xff,0xff,0xff,0xff,0xff,0xff,0xff,0xff,0xff,0xff,0xff,
    0xff,0xff,0xff,0xff,0xff,0xff,0xff,0xff,0xff,0xff,0xff,0xff,0xff,0xff,0xff,0xff,
    0xff,0xff,0xff,0xff,0xff,0xff,0xff,0xff,0xff,0xff,0xff,0xff,0xff,0xff,0xff,0xff,
    0xff,0xff,0xff,0xff,0xff,0xff,0xff,0xff,0xff,0xff,0xff,0xff,0xff,0xff,0xff,0xff,
    0xff,0xff,0x7d,0xef,0xca,0x52,0x30,0x7c,0x14,0xa5,0x55,0xa5,0x55,0xa5,0x55,0xad,
    0x75,0xad,0x75,0xad,0x96,0xad,0x96,0xad,0x96,0xad,0x75,0xad,0x34,0xa5,0x34,0xa5,
    0x14,0xa5,0x14,0xa5,0xcb,0x5a,0x0c,0x63,0x08,0x42,0x2c,0x63,0xe3,0x18,0xe6,0x41,
    0xe7,0x41,0xe7,0x41,0xe7,0x41,0xe7,0x41,0xe7,0x41,0xe7,0x41,0xe7,0x41,0xe7,0x41,
    0xe7,0x41,0xc6,0x41,0xaa,0x5a,0x4c,0x6b,0xa2,0x10,0xe3,0x18,0x44,0x29,0x24,0x29,
    0x44,0x29,0x44,0x29,0xc2,0x18,0xe7,0x39,0x7d,0xef,0xff,0xff,0xff,0xff,0xff,0xff,
    0xff,0xff,0xff,0xff,0xff,0xff,0xff,0xff,0xff,0xff,0xff,0xff,0xff,0xff,0xff,0xff,
    0xff,0xff,0xff,0xff,0xff,0xff,0xff,0xff,0xff,0xff,0xff,0xff,0xff,0xff,0xff,0xff,
    0xff,0xff,0xff,0xff,0xff,0xff,0xff,0xff,0xff,0xff,0xff,0xff,0xff,0xff,0xff,0xff,
    0xff,0xff,0xff,0xff,0xff,0xff,0xff,0xff,0xff,0xff,0xff,0xff,0xff,0xff,0xff,0xff,
    0xf3,0x9c,0xae,0x73,0xd7,0xb5,0xae,0x73,0x5d,0xef,0xff,0xff,0xff,0xff,0xff,0xff,
    0xff,0xff,0xff,0xff,0xff,0xff,0xff,0xff,0xff,0xff,0x55,0xad,0xef,0x7b,0x13,0x9d,
    0x89,0x4a,0xec,0x5a,0xf7,0xbd,0xff,0xff,0xff,0xff,0xff,0xff,0xff,0xff,0xff,0xff,
    0xff,0xff,0xff,0xff,0xff,0xff,0xff,0xff,0xff,0xff,0xff,0xff,0xff,0xff,0xff,0xff,
    0xff,0xff,0xff,0xff,0xff,0xff,0xff,0xff,0xff,0xff,0xff,0xff,0xff,0xff,0xff,0xff,
    0xff,0xff,0xff,0xff,0x92,0x94,0xcf,0x7b,0x10,0x84,0xae,0x73,0xff,0xff,0xff,0xff,
    0xff,0xff,0xff,0xff,0xff,0xff,0xff,0xff,0xff,0xff,0xff,0xff,0xff,0xff,0xff,0xff,
    0xff,0xff,0xff,0xff,0xff,0xff,0xff,0xff,0xff,0xff,0xff,0xff,0xff,0xff,0xff,0xff,
    0xff,0xff,0xff,0xff,0xff,0xff,0xff,0xff,0xff,0xff,0xff,0xff,0xff,0xff,0xff,0xff,
    0xff,0xff,0xff,0xff,0xff,0xff,0xff,0xff,0xff,0xff,0xff,0xff,0xff,0xff,0xff,0xff,
    0xff,0xff,0xff,0xff,0xff,0xff,0xff,0xff,0xff,0xff,0xff,0xff,0xff,0xff,0xff,0xff,
    0xff,0xff,0xff,0xff,0xff,0xff,0xff,0xff,0xff,0xff,0xff,0xff,0xff,0xff,0xff,0xff,
    0xff,0xff,0xff,0xff,0xff,0xff,0xff,0xff,0xff,0xff,0xbe,0xf7,0x24,0x21,0x03,0x21,
    0x44,0x29,0x24,0x29,0x24,0x29,0x44,0x29,0xe3,0x18,0x03,0x21,0x07,0x42,0xe7,0x41,
    0xe7,0x41,0xe7,0x41,0xe7,0x41,0xe7,0x41,0xe7,0x41,0xe7,0x41,0xe7,0x41,0xe7,0x41,
    0xc6,0x39,0xea,0x62,0x0f,0x8c,0xe7,0x39,0xf3,0x9c,0xff,0xff,0xff,0xff,0xff,0xff,
    0xff,0xff,0xff,0xff,0xff,0xff,0xff,0xff,0xff,0xff,0xff,0xff,0xff,0xff,0xff,0xff,
    0xff,0xff,0xff,0xff,0xff,0xff,0xff,0xff,0xff,0xff,0xff,0xff,0xff,0xff,0xff,0xff,
    0xff,0xff,0xff,0xff,0xff,0xff,0xff,0xff,0xff,0xff,0xff,0xff,0xff,0xff,0xff,0xff,
    0xff,0xff,0xff,0xff,0xff,0xff,0xff,0xff,0xff,0xff,0xff,0xff,0xff,0xff,0xff,0xff,
    0xff,0xff,0x5c,0xe7,0x89,0x4a,0x8d,0x6b,0xb2,0x94,0xd3,0x9c,0xd3,0x9c,0xd3,0x9c,
    0xd3,0x9c,0xd3,0x9c,0xd3,0x9c,0xd3,0x9c,0xd3,0x9c,0xd3,0x9c,0xd3,0x9c,0xd2,0x9c,
    0xb2,0x94,0x34,0xa5,0x69,0x4a,0xeb,0x5a,0x08,0x3a,0x0c,0x63,0x03,0x21,0xc6,0x39,
    0xe7,0x41,0xe7,0x41,0xe7,0x41,0xe7,0x41,0xe7,0x41,0xe7,0x41,0xe7,0x41,0xe7,0x41,
    0xe7,0x41,0xc6,0x39,0xaa,0x5a,0x6c,0x6b,0xa2,0x10,0xe3,0x18,0x44,0x29,0x24,0x29,
    0x44,0x29,0x44,0x29,0xc2,0x18,0xe7,0x41,0x7d,0xef,0xff,0xff,0xff,0xff,0xff,0xff,
    0xff,0xff,0xff,0xff,0xff,0xff,0xff,0xff,0xff,0xff,0xff,0xff,0xff,0xff,0xff,0xff,
    0xff,0xff,0xff,0xff,0xff,0xff,0xff,0xff,0xff,0xff,0xff,0xff,0xff,0xff,0xff,0xff,
    0xff,0xff,0xff,0xff,0xff,0xff,0xff,0xff,0xff,0xff,0xff,0xff,0xff,0xff,0xff,0xff,
    0xff,0xff,0xff,0xff,0xff,0xff,0xff,0xff,0xff,0xff,0xff,0xff,0xff,0xff,0xff,0xff,
    0xd3,0x9c,0xaf,0x73,0xb7,0xb5,0xce,0x7b,0x7d,0xef,0xff,0xff,0xff,0xff,0xff,0xff,
    0xff,0xff,0xff,0xff,0xff,0xff,0xff,0xff,0xff,0xff,0x75,0xad,0xef,0x7b,0x13,0x9d,
    0x89,0x4a,0xec,0x5a,0xf7,0xbd,0xff,0xff,0xff,0xff,0xff,0xff,0xff,0xff,0xff,0xff,
    0xff,0xff,0xff,0xff,0xff,0xff,0xff,0xff,0xff,0xff,0xff,0xff,0xff,0xff,0xff,0xff,
    0xff,0xff,0xff,0xff,0xff,0xff,0xff,0xff,0xff,0xff,0xff,0xff,0xff,0xff,0xff,0xff,
    0xff,0xff,0xff,0xff,0xb2,0x94,0xcf,0x7b,0x10,0x84,0x8e,0x73,0xff,0xff,0xff,0xff,
    0xff,0xff,0xff,0xff,0xff,0xff,0xff,0xff,0xff,0xff,0xff,0xff,0xff,0xff,0xff,0xff,
    0xff,0xff,0xff,0xff,0xff,0xff,0xff,0xff,0xff,0xff,0xff,0xff,0xff,0xff,0xff,0xff,
    0xff,0xff,0xff,0xff,0xff,0xff,0xff,0xff,0xff,0xff,0xff,0xff,0xff,0xff,0xff,0xff,
    0xff,0xff,0xff,0xff,0xff,0xff,0xff,0xff,0xff,0xff,0xff,0xff,0xff,0xff,0xff,0xff,
    0xff,0xff,0xff,0xff,0xff,0xff,0xff,0xff,0xff,0xff,0xff,0xff,0xff,0xff,0xff,0xff,
    0xff,0xff,0xff,0xff,0xff,0xff,0xff,0xff,0xff,0xff,0xff,0xff,0xff,0xff,0xff,0xff,
    0xff,0xff,0xff,0xff,0xff,0xff,0xff,0xff,0xff,0xff,0xbe,0xf7,0x24,0x21,0x03,0x21,
    0x44,0x29,0x24,0x29,0x24,0x29,0x44,0x29,0xc2,0x18,0x03,0x21,0x07,0x42,0xe7,0x41,
    0xe7,0x41,0xe7,0x41,0xe7,0x41,0xe7,0x41,0xe7,0x41,0xe7,0x41,0xe7,0x41,0xe7,0x41,
    0xc6,0x39,0xea,0x62,0x2f,0x8c,0xe7,0x41,0xf3,0x9c,0xff,0xff,0xff,0xff,0xff,0xff,
    0xff,0xff,0xff,0xff,0xff,0xff,0xff,0xff,0xff,0xff,0xff,0xff,0xff,0xff,0xff,0xff,
    0xff,0xff,0xff,0xff,0xff,0xff,0xff,0xff,0xff,0xff,0xff,0xff,0xff,0xff,0xff,0xff,
    0xff,0xff,0xff,0xff,0xff,0xff,0xff,0xff,0xff,0xff,0xff,0xff,0xff,0xff,0xff,0xff,
    0xff,0xff,0xff,0xff,0xff,0xff,0xff,0xff,0xff,0xff,0xff,0xff,0xff,0xff,0xff,0xff,
    0xff,0xff,0x3c,0xe7,0x69,0x4a,0x6d,0x6b,0xd3,0x9c,0xf3,0x9c,0xf3,0x9c,0xf3,0x9c,
    0xf3,0x9c,0xf3,0x9c,0xf3,0x9c,0xf3,0x9c,0xf3,0x9c,0xf3,0x9c,0xf3,0x9c,0xf3,0x9c,
    0xd3,0x9c,0x34,0xa5,0x89,0x4a,0xeb,0x5a,0xe7,0x39,0x0c,0x5b,0x03,0x21,0xc6,0x39,
    0xe7,0x41,0xe7,0x41,0xe7,0x41,0xe7,0x41,0xe7,0x41,0xe7,0x41,0xe7,0x41,0xe7,0x41,
    0xe7,0x41,0xc6,0x39,0xaa,0x5a,0x6c,0x73,0xa2,0x10,0xe3,0x18,0x44,0x29,0x24,0x29,
    0x44,0x29,0x44,0x29,0xc2,0x18,0xe7,0x41,0x7d,0xef,0xff,0xff,0xff,0xff,0xff,0xff,
    0xff,0xff,0xff,0xff,0xff,0xff,0xff,0xff,0xff,0xff,0xff,0xff,0xff,0xff,0xff,0xff,
    0xff,0xff,0xff,0xff,0xff,0xff,0xff,0xff,0xff,0xff,0xff,0xff,0xff,0xff,0xff,0xff,
    0xff,0xff,0xff,0xff,0xff,0xff,0xff,0xff,0xff,0xff,0xff,0xff,0xff,0xff,0xff,0xff,
    0xff,0xff,0xff,0xff,0xff,0xff,0xff,0xff,0xff,0xff,0xff,0xff,0xff,0xff,0xff,0xff,
    0xb3,0x94,0xae,0x73,0xb6,0xb5,0xae,0x73,0x7d,0xef,0xff,0xff,0xff,0xff,0xff,0xff,
    0xff,0xff,0xff,0xff,0xff,0xff,0xff,0xff,0xff,0xff,0x96,0xb5,0xef,0x7b,0x14,0xa5,
    0x89,0x4a,0xec,0x5a,0xf7,0xbd,0xff,0xff,0xff,0xff,0xff,0xff,0xff,0xff,0xff,0xff,
    0xff,0xff,0xff,0xff,0xff,0xff,0xff,0xff,0xff,0xff,0xff,0xff,0xff,0xff,0xff,0xff,
    0xff,0xff,0xff,0xff,0xff,0xff,0xff,0xff,0xff,0xff,0xff,0xff,0xff,0xff,0xff,0xff,
    0xff,0xff,0xff,0xff,0xb2,0x94,0xcf,0x7b,0x10,0x84,0x8d,0x6b,0xff,0xff,0xff,0xff,
    0xff,0xff,0xff,0xff,0xff,0xff,0xff,0xff,0xff,0xff,0xff,0xff,0xff,0xff,0xff,0xff,
    0xff,0xff,0xff,0xff,0xff,0xff,0xff,0xff,0xff,0xff,0xff,0xff,0xff,0xff,0xff,0xff,
    0xff,0xff,0xff,0xff,0xff,0xff,0xff,0xff,0xff,0xff,0xff,0xff,0xff,0xff,0xff,0xff,
    0xff,0xff,0xff,0xff,0xff,0xff,0xff,0xff,0xff,0xff,0xff,0xff,0xff,0xff,0xff,0xff,
    0xff,0xff,0xff,0xff,0xff,0xff,0xff,0xff,0xff,0xff,0xff,0xff,0xff,0xff,0xff,0xff,
    0xff,0xff,0xff,0xff,0xff,0xff,0xff,0xff,0xff,0xff,0xff,0xff,0xff,0xff,0xff,0xff,
    0xff,0xff,0xff,0xff,0xff,0xff,0xff,0xff,0xff,0xff,0xbe,0xf7,0x24,0x21,0x03,0x21,
    0x44,0x29,0x24,0x29,0x24,0x29,0x44,0x29,0xc2,0x18,0x03,0x21,0x07,0x42,0xe7,0x41,
    0xe7,0x41,0xe7,0x41,0xe7,0x41,0xe7,0x41,0xe7,0x41,0xe7,0x41,0xe7,0x41,0xe7,0x41,
    0xc6,0x39,0xeb,0x6a,0x2f,0x8c,0xe7,0x41,0x13,0xa5,0xff,0xff,0xff,0xff,0xff,0xff,
    0xff,0xff,0xff,0xff,0xff,0xff,0xff,0xff,0xff,0xff,0xff,0xff,0xff,0xff,0xff,0xff,
    0xff,0xff,0xff,0xff,0xff,0xff,0xff,0xff,0xff,0xff,0xff,0xff,0xff,0xff,0xff,0xff,
    0xff,0xff,0xff,0xff,0xff,0xff,0xff,0xff,0xff,0xff,0xff,0xff,0xff,0xff,0xff,0xff,
    0xff,0xff,0xff,0xff,0xff,0xff,0xff,0xff,0xff,0xff,0xff,0xff,0xff,0xff,0xff,0xff,
    0xff,0xff,0x1c,0xe7,0x89,0x4a,0x6d,0x6b,0xd3,0x9c,0xf3,0x9c,0xf3,0x9c,0xf3,0x9c,
    0xf3,0x9c,0xf3,0x9c,0xf3,0x9c,0xf3,0x9c,0xf3,0x9c,0xf3,0x9c,0xf3,0x9c,0xf3,0x9c,
    0xd3,0x9c,0x54,0xa5,0x8a,0x52,0xeb,0x5a,0xe7,0x39,0xec,0x5a,0x03,0x21,0xc6,0x39,
    0xe7,0x41,0xe7,0x41,0xe7,0x41,0xe7,0x41,0xe7,0x41,0xe7,0x41,0xe7,0x41,0xe7,0x41,
    0xe7,0x41,0xc6,0x39,0xaa,0x5a,0x8d,0x73,0xa2,0x10,0xc2,0x18,0x44,0x29,0x24,0x29,
    0x44,0x29,0x44,0x29,0xc2,0x18,0x07,0x42,0x7d,0xef,0xff,0xff,0xff,0xff,0xff,0xff,
    0xff,0xff,0xff,0xff,0xff,0xff,0xff,0xff,0xff,0xff,0xff,0xff,0xff,0xff,0xff,0xff,
    0xff,0xff,0xff,0xff,0xff,0xff,0xff,0xff,0xff,0xff,0xff,0xff,0xff,0xff,0xff,0xff,
    0xff,0xff,0xff,0xff,0xff,0xff,0xff,0xff,0xff,0xff,0xff,0xff,0xff,0xff,0xff,0xff,
    0xff,0xff,0xff,0xff,0xff,0xff,0xff,0xff,0xff,0xff,0xff,0xff,0xff,0xff,0xff,0xff,
    0xb2,0x94,0x8e,0x6b,0x76,0xad,0x8e,0x73,0x7d,0xef,0xff,0xff,0xff,0xff,0xff,0xff,
    0xff,0xff,0xff,0xff,0xff,0xff,0xff,0xff,0xff,0xff,0xb6,0xb5,0xef,0x7b,0x14,0x9d,
    0x89,0x4a,0xec,0x5a,0xf7,0xbd,0xff,0xff,0xff,0xff,0xff,0xff,0xff,0xff,0xff,0xff,
    0xff,0xff,0xff,0xff,0xff,0xff,0xff,0xff,0xff,0xff,0xff,0xff,0xff,0xff,0xff,0xff,
    0xff,0xff,0xff,0xff,0xff,0xff,0xff,0xff,0xff,0xff,0xff,0xff,0xff,0xff,0xff,0xff,
    0xff,0xff,0xff,0xff,0xb2,0x94,0xcf,0x7b,0x30,0x84,0x6d,0x6b,0xff,0xff,0xff,0xff,
    0xff,0xff,0xff,0xff,0xff,0xff,0xff,0xff,0xff,0xff,0xff,0xff,0xff,0xff,0xff,0xff,
    0xff,0xff,0xff,0xff,0xff,0xff,0xff,0xff,0xff,0xff,0xff,0xff,0xff,0xff,0xff,0xff,
    0xff,0xff,0xff,0xff,0xff,0xff,0xff,0xff,0xff,0xff,0xff,0xff,0xff,0xff,0xff,0xff,
    0xff,0xff,0xff,0xff,0xff,0xff,0xff,0xff,0xff,0xff,0xff,0xff,0xff,0xff,0xff,0xff,
    0xff,0xff,0xff,0xff,0xff,0xff,0xff,0xff,0xff,0xff,0xff,0xff,0xff,0xff,0xff,0xff,
    0xff,0xff,0xff,0xff,0xff,0xff,0xff,0xff,0xff,0xff,0xff,0xff,0xff,0xff,0xff,0xff,
    0xff,0xff,0xff,0xff,0xff,0xff,0xff,0xff,0xff,0xff,0xbe,0xf7,0x24,0x21,0x03,0x21,
    0x44,0x29,0x24,0x29,0x24,0x21,0x44,0x29,0xc2,0x18,0x03,0x21,0x07,0x42,0xe7,0x41,
    0xe7,0x41,0xe7,0x41,0xe7,0x41,0xe7,0x41,0xe7,0x41,0xe7,0x41,0xe7,0x41,0xe7,0x41,
    0xc6,0x39,0x0b,0x6b,0x0f,0x8c,0xe7,0x41,0x14,0xa5,0xff,0xff,0xff,0xff,0xff,0xff,
    0xff,0xff,0xff,0xff,0xff,0xff,0xff,0xff,0xff,0xff,0xff,0xff,0xff,0xff,0xff,0xff,
    0xff,0xff,0xff,0xff,0xff,0xff,0xff,0xff,0xff,0xff,0xff,0xff,0xff,0xff,0xff,0xff,
    0xff,0xff,0xff,0xff,0xff,0xff,0xff,0xff,0xff,0xff,0xff,0xff,0xff,0xff,0xff,0xff,
    0xff,0xff,0xff,0xff,0xff,0xff,0xff,0xff,0xff,0xff,0xff,0xff,0xff,0xff,0xff,0xff,
    0xff,0xff,0x1c,0xe7,0x89,0x4a,0x6d,0x6b,0xd3,0x9c,0xf3,0x9c,0xf3,0x9c,0xf3,0x9c,
    0xf3,0x9c,0xf3,0x9c,0xf3,0x9c,0xf3,0x9c,0xf3,0x9c,0xf3,0x9c,0xf3,0x9c,0xf3,0x9c,
    0xd3,0x9c,0x54,0xa5,0xaa,0x52,0x0b,0x5b,0x08,0x3a,0xec,0x5a,0x03,0x21,0xc6,0x39,
    0xe7,0x41,0xe7,0x41,0xe7,0x41,0xe7,0x41,0xe7,0x41,0xe7,0x41,0xe7,0x41,0xe7,0x41,
    0xe7,0x41,0xc6,0x39,0xaa,0x5a,0xad,0x73,0xc2,0x18,0xc2,0x18,0x44,0x29,0x24,0x29,
    0x44,0x29,0x44,0x29,0xc2,0x18,0x07,0x42,0x7d,0xef,0xff,0xff,0xff,0xff,0xff,0xff,
    0xff,0xff,0xff,0xff,0xff,0xff,0xff,0xff,0xff,0xff,0xff,0xff,0xff,0xff,0xff,0xff,
    0xff,0xff,0xff,0xff,0xff,0xff,0xff,0xff,0xff,0xff,0xff,0xff,0xff,0xff,0xff,0xff,
    0xff,0xff,0xff,0xff,0xff,0xff,0xff,0xff,0xff,0xff,0xff,0xff,0xff,0xff,0xff,0xff,
    0xff,0xff,0xff,0xff,0xff,0xff,0xff,0xff,0xff,0xff,0xff,0xff,0xff,0xff,0xff,0xff,
    0xb2,0x94,0x8e,0x6b,0x75,0xad,0xae,0x73,0x9d,0xf7,0xff,0xff,0xff,0xff,0xff,0xff,
    0xff,0xff,0xff,0xff,0xff,0xff,0xff,0xff,0xff,0xff,0xd7,0xbd,0xcf,0x7b,0x14,0xa5,
    0x89,0x4a,0xec,0x5a,0xf7,0xbd,0xff,0xff,0xff,0xff,0xff,0xff,0xff,0xff,0xff,0xff,
    0xff,0xff,0xff,0xff,0xff,0xff,0xff,0xff,0xff,0xff,0xff,0xff,0xff,0xff,0xff,0xff,
    0xff,0xff,0xff,0xff,0xff,0xff,0xff,0xff,0xff,0xff,0xff,0xff,0xff,0xff,0xff,0xff,
    0xff,0xff,0xff,0xff,0xb3,0x9c,0xcf,0x73,0x30,0x84,0x6d,0x6b,0xff,0xff,0xff,0xff,
    0xff,0xff,0xff,0xff,0xff,0xff,0xff,0xff,0xff,0xff,0xff,0xff,0xff,0xff,0xff,0xff,
    0xff,0xff,0xff,0xff,0xff,0xff,0xff,0xff,0xff,0xff,0xff,0xff,0xff,0xff,0xff,0xff,
    0xff,0xff,0xff,0xff,0xff,0xff,0xff,0xff,0xff,0xff,0xff,0xff,0xff,0xff,0xff,0xff,
    0xff,0xff,0xff,0xff,0xff,0xff,0xff,0xff,0xff,0xff,0xff,0xff,0xff,0xff,0xff,0xff,
    0xff,0xff,0xff,0xff,0xff,0xff,0xff,0xff,0xff,0xff,0xff,0xff,0xff,0xff,0xff,0xff,
    0xff,0xff,0xff,0xff,0xff,0xff,0xff,0xff,0xff,0xff,0xff,0xff,0xff,0xff,0xff,0xff,
    0xff,0xff,0xff,0xff,0xff,0xff,0xff,0xff,0xff,0xff,0xbe,0xf7,0x24,0x21,0x03,0x21,
    0x44,0x29,0x24,0x21,0x24,0x21,0x44,0x29,0xc2,0x18,0x03,0x21,0x07,0x42,0xe7,0x41,
    0xe7,0x41,0xe7,0x41,0xe7,0x41,0xe7,0x41,0xe7,0x41,0xe7,0x41,0xe7,0x41,0xe7,0x41,
    0xc6,0x39,0x0b,0x6b,0x0f,0x8c,0xe7,0x41,0x34,0xa5,0xff,0xff,0xff,0xff,0xff,0xff,
    0xff,0xff,0xff,0xff,0xff,0xff,0xff,0xff,0xff,0xff,0xff,0xff,0xff,0xff,0xff,0xff,
    0xff,0xff,0xff,0xff,0xff,0xff,0xff,0xff,0xff,0xff,0xff,0xff,0xff,0xff,0xff,0xff,
    0xff,0xff,0xff,0xff,0xff,0xff,0xff,0xff,0xff,0xff,0xff,0xff,0xff,0xff,0xff,0xff,
    0xff,0xff,0xff,0xff,0xff,0xff,0xff,0xff,0xff,0xff,0xff,0xff,0xff,0xff,0xff,0xff,
    0xff,0xff,0x1c,0xe7,0x89,0x52,0x8d,0x6b,0xf3,0x9c,0xf3,0x9c,0xf3,0x9c,0xf3,0x9c,
    0xf3,0x9c,0xf3,0x9c,0xf3,0x9c,0xf3,0x9c,0xf3,0x9c,0xf3,0x9c,0xf3,0x9c,0xf3,0x9c,
    0xd3,0x9c,0x34,0xa5,0xaa,0x52,0x0c,0x5b,0xe7,0x39,0x0b,0x5b,0xe3,0x18,0xc6,0x39,
    0xe7,0x41,0xe7,0x41,0xe7,0x41,0xe7,0x41,0xe7,0x41,0xe7,0x41,0xe7,0x41,0xe7,0x41,
    0xe7,0x41,0xc6,0x39,0xaa,0x5a,0xad,0x7b,0xc3,0x18,0xc2,0x18,0x24,0x29,0x24,0x29,
    0x24,0x29,0x44,0x29,0xc2,0x18,0x07,0x42,0x7d,0xef,0xff,0xff,0xff,0xff,0xff,0xff,
    0xff,0xff,0xff,0xff,0xff,0xff,0xff,0xff,0xff,0xff,0xff,0xff,0xff,0xff,0xff,0xff,
    0xff,0xff,0xff,0xff,0xff,0xff,0xff,0xff,0xff,0xff,0xff,0xff,0xff,0xff,0xff,0xff,
    0xff,0xff,0xff,0xff,0xff,0xff,0xff,0xff,0xff,0xff,0xff,0xff,0xff,0xff,0xff,0xff,
    0xff,0xff,0xff,0xff,0xff,0xff,0xff,0xff,0xff,0xff,0xff,0xff,0xff,0xff,0xff,0xff,
    0x30,0x84,0xae,0x73,0x96,0xad,0xae,0x73,0xbe,0xf7,0xff,0xff,0xff,0xff,0xff,0xff,
    0xff,0xff,0xff,0xff,0xff,0xff,0xff,0xff,0xff,0xff,0xf7,0xbd,0xce,0x73,0x14,0x9d,
    0x89,0x52,0xeb,0x5a,0xf7,0xbd,0xff,0xff,0xff,0xff,0xff,0xff,0xff,0xff,0xff,0xff,
    0xff,0xff,0xff,0xff,0xff,0xff,0xff,0xff,0xff,0xff,0xff,0xff,0xff,0xff,0xff,0xff,
    0xff,0xff,0xff,0xff,0xff,0xff,0xff,0xff,0xff,0xff,0xff,0xff,0xff,0xff,0xff,0xff,
    0xff,0xff,0xff,0xff,0xd3,0x9c,0xcf,0x7b,0x51,0x8c,0x4c,0x6b,0xff,0xff,0xff,0xff,
    0xff,0xff,0xff,0xff,0xff,0xff,0xff,0xff,0xff,0xff,0xff,0xff,0xff,0xff,0xff,0xff,
    0xff,0xff,0xff,0xff,0xff,0xff,0xff,0xff,0xff,0xff,0xff,0xff,0xff,0xff,0xff,0xff,
    0xff,0xff,0xff,0xff,0xff,0xff,0xff,0xff,0xff,0xff,0xff,0xff,0xff,0xff,0xff,0xff,
    0xff,0xff,0xff,0xff,0xff,0xff,0xff,0xff,0xff,0xff,0xff,0xff,0xff,0xff,0xff,0xff,
    0xff,0xff,0xff,0xff,0xff,0xff,0xff,0xff,0xff,0xff,0xff,0xff,0xff,0xff,0xff,0xff,
    0xff,0xff,0xff,0xff,0xff,0xff,0xff,0xff,0xff,0xff,0xff,0xff,0xff,0xff,0xff,0xff,
    0xff,0xff,0xff,0xff,0xff,0xff,0xff,0xff,0xff,0xff,0xbe,0xf7,0x24,0x21,0x03,0x21,
    0x44,0x29,0x24,0x29,0x24,0x21,0x44,0x29,0xc2,0x18,0x24,0x21,0x07,0x42,0xe7,0x41,
    0xe7,0x41,0xe7,0x41,0xe7,0x41,0xe7,0x41,0xe7,0x41,0xe7,0x41,0xe7,0x41,0xe7,0x41,
    0xc6,0x39,0x0b,0x6b,0x0f,0x8c,0x07,0x42,0x75,0xad,0xff,0xff,0xff,0xff,0xff,0xff,
    0xff,0xff,0xff,0xff,0xff,0xff,0xff,0xff,0xff,0xff,0xff,0xff,0xff,0xff,0xff,0xff,
    0xff,0xff,0xff,0xff,0xff,0xff,0xff,0xff,0xff,0xff,0xff,0xff,0xff,0xff,0xff,0xff,
    0xff,0xff,0xff,0xff,0xff,0xff,0xff,0xff,0xff,0xff,0xff,0xff,0xff,0xff,0xff,0xff,
    0xff,0xff,0xff,0xff,0xff,0xff,0xff,0xff,0xff,0xff,0xff,0xff,0xff,0xff,0xff,0xff,
    0xff,0xff,0x1c,0xe7,0xaa,0x52,0x8e,0x73,0xf3,0x9c,0xf3,0x9c,0xf3,0x9c,0xf3,0x9c,
    0xf3,0x9c,0xf3,0x9c,0xf3,0x9c,0xf3,0x9c,0xf3,0x9c,0xf3,0x9c,0xf3,0x9c,0xf3,0x9c,
    0xd3,0x9c,0x54,0xad,0xcb,0x52,0x2c,0x63,0xe7,0x39,0x0b,0x5b,0x03,0x19,0xc6,0x39,
    0xe7,0x41,0xe7,0x41,0xe7,0x41,0xe7,0x41,0xe7,0x41,0xe7,0x41,0xe7,0x41,0xe7,0x41,
    0xe7,0x41,0xc6,0x39,0xaa,0x5a,0xae,0x7b,0xe3,0x18,0xc2,0x18,0x24,0x29,0x24,0x29,
    0x24,0x29,0x44,0x29,0xc2,0x18,0x07,0x42,0x7d,0xef,0xff,0xff,0xff,0xff,0xff,0xff,
    0xff,0xff,0xff,0xff,0xff,0xff,0xff,0xff,0xff,0xff,0xff,0xff,0xff,0xff,0xff,0xff,
    0xff,0xff,0xff,0xff,0xff,0xff,0xff,0xff,0xff,0xff,0xff,0xff,0xff,0xff,0xff,0xff,
    0xff,0xff,0xff,0xff,0xff,0xff,0xff,0xff,0xff,0xff,0xff,0xff,0xff,0xff,0xff,0xff,
    0xff,0xff,0xff,0xff,0xff,0xff,0xff,0xff,0xff,0xff,0xff,0xff,0xba,0xd6,0xef,0x7b,
    0x6d,0x6b,0x71,0x8c,0x75,0xad,0x4d,0x63,0x0f,0x7c,0x9a,0xd6,0xff,0xff,0xff,0xff,
    0xff,0xff,0xff,0xff,0xff,0xff,0xff,0xff,0xff,0xff,0x18,0xc6,0xae,0x73,0x14,0xa5,
    0xaa,0x52,0xeb,0x5a,0xf7,0xbd,0xff,0xff,0xff,0xff,0xff,0xff,0xff,0xff,0xff,0xff,
    0xff,0xff,0xff,0xff,0xff,0xff,0xff,0xff,0xff,0xff,0xff,0xff,0xff,0xff,0xff,0xff,
    0xff,0xff,0xff,0xff,0xff,0xff,0xff,0xff,0xff,0xff,0xff,0xff,0xff,0xff,0xff,0xff,
    0xff,0xff,0xff,0xff,0xd3,0x9c,0xcf,0x7b,0x51,0x8c,0x4c,0x6b,0xff,0xff,0xff,0xff,
    0xff,0xff,0xff,0xff,0xff,0xff,0xff,0xff,0xff,0xff,0xff,0xff,0xff,0xff,0xff,0xff,
    0xff,0xff,0xff,0xff,0xff,0xff,0xff,0xff,0xff,0xff,0xff,0xff,0xff,0xff,0xff,0xff,
    0xff,0xff,0xff,0xff,0xff,0xff,0xff,0xff,0xff,0xff,0xff,0xff,0xff,0xff,0xff,0xff,
    0xff,0xff,0xff,0xff,0xff,0xff,0xff,0xff,0xff,0xff,0xff,0xff,0xff,0xff,0xff,0xff,
    0xff,0xff,0xff,0xff,0xff,0xff,0xff,0xff,0xff,0xff,0xff,0xff,0xff,0xff,0xff,0xff,
    0xff,0xff,0xff,0xff,0xff,0xff,0xff,0xff,0xff,0xff,0xff,0xff,0xff,0xff,0xff,0xff,
    0xff,0xff,0xff,0xff,0xff,0xff,0xff,0xff,0xff,0xff,0xbe,0xf7,0x24,0x21,0x03,0x21,
    0x44,0x29,0x24,0x29,0x24,0x29,0x44,0x29,0xc2,0x18,0x24,0x21,0x07,0x42,0xe7,0x41,
    0xe7,0x41,0xe7,0x41,0xe7,0x41,0xe7,0x41,0xe7,0x41,0xe7,0x41,0xe7,0x41,0xe7,0x41,
    0xc6,0x39,0x0b,0x6b,0x0f,0x84,0x07,0x42,0xb6,0xb5,0xff,0xff,0xff,0xff,0xff,0xff,
    0xff,0xff,0xff,0xff,0xff,0xff,0xff,0xff,0xff,0xff,0xff,0xff,0xff,0xff,0xff,0xff,
    0xff,0xff,0xff,0xff,0xff,0xff,0xff,0xff,0xff,0xff,0xff,0xff,0xff,0xff,0xff,0xff,
    0xff,0xff,0xff,0xff,0xff,0xff,0xff,0xff,0xff,0xff,0xff,0xff,0xff,0xff,0xff,0xff,
    0xff,0xff,0xff,0xff,0xff,0xff,0xff,0xff,0xff,0xff,0xff,0xff,0xff,0xff,0xff,0xff,
    0xff,0xff,0x1c,0xe7,0xaa,0x52,0x8e,0x73,0xd3,0x9c,0xf3,0x9c,0xf3,0x9c,0xf3,0x9c,
    0xf3,0x9c,0xf3,0x9c,0xf3,0x9c,0xf3,0x9c,0xf3,0x9c,0xf3,0x9c,0xf3,0x9c,0xf3,0x9c,
    0xd3,0x9c,0x54,0xad,0xca,0x52,0x2c,0x63,0xe7,0x39,0x0c,0x63,0x03,0x21,0xc6,0x39,
    0xe7,0x41,0xe7,0x41,0xe7,0x41,0xe7,0x41,0xe7,0x41,0xe7,0x41,0xe7,0x41,0xe7,0x41,
    0xe7,0x41,0xc6,0x41,0xaa,0x5a,0xae,0x7b,0xe3,0x18,0xc2,0x10,0x44,0x29,0x24,0x29,
    0x24,0x29,0x44,0x29,0xc2,0x18,0x07,0x42,0x7d,0xef,0xff,0xff,0xff,0xff,0xff,0xff,
    0xff,0xff,0xff,0xff,0xff,0xff,0xff,0xff,0xff,0xff,0xff,0xff,0xff,0xff,0xff,0xff,
    0xff,0xff,0xff,0xff,0xff,0xff,0xff,0xff,0xff,0xff,0xff,0xff,0xff,0xff,0xff,0xff,
    0xff,0xff,0xff,0xff,0xff,0xff,0xff,0xff,0xff,0xff,0xff,0xff,0xff,0xff,0xff,0xff,
    0xff,0xff,0xff,0xff,0xff,0xff,0xff,0xff,0xff,0xff,0xbe,0xf7,0xef,0x7b,0xcf,0x7b,
    0xd3,0x9c,0xd2,0x94,0xd2,0x94,0xb2,0x94,0xce,0x73,0x0c,0x63,0x1c,0xe7,0xff,0xff,
    0xff,0xff,0xff,0xff,0xff,0xff,0xff,0xff,0xff,0xff,0x38,0xc6,0xae,0x73,0x34,0xa5,
    0xaa,0x52,0xeb,0x5a,0xf7,0xbd,0xff,0xff,0xff,0xff,0xff,0xff,0xff,0xff,0xff,0xff,
    0xff,0xff,0xff,0xff,0xff,0xff,0xff,0xff,0xff,0xff,0xff,0xff,0xff,0xff,0xff,0xff,
    0xff,0xff,0xff,0xff,0xff,0xff,0xff,0xff,0xff,0xff,0xff,0xff,0xff,0xff,0xff,0xff,
    0xff,0xff,0xff,0xff,0xd3,0x9c,0xaf,0x73,0x71,0x8c,0x2c,0x63,0xff,0xff,0xff,0xff,
    0xff,0xff,0xff,0xff,0xff,0xff,0xff,0xff,0xff,0xff,0xff,0xff,0xff,0xff,0xff,0xff,
    0xff,0xff,0xff,0xff,0xff,0xff,0xff,0xff,0xff,0xff,0xff,0xff,0xff,0xff,0xff,0xff,
    0xff,0xff,0xff,0xff,0xff,0xff,0xff,0xff,0xff,0xff,0xff,0xff,0xff,0xff,0xff,0xff,
    0xff,0xff,0xff,0xff,0xff,0xff,0xff,0xff,0xff,0xff,0xff,0xff,0xff,0xff,0xff,0xff,
    0xff,0xff,0xff,0xff,0xff,0xff,0xff,0xff,0xff,0xff,0xff,0xff,0xff,0xff,0xff,0xff,
    0xff,0xff,0xff,0xff,0xff,0xff,0xff,0xff,0xff,0xff,0xff,0xff,0xff,0xff,0xff,0xff,
    0xff,0xff,0xff,0xff,0xff,0xff,0xff,0xff,0xff,0xff,0xbe,0xf7,0x24,0x21,0x03,0x21,
    0x44,0x29,0x24,0x29,0x24,0x29,0x44,0x29,0xc2,0x18,0x24,0x21,0x07,0x42,0xe7,0x41,
    0xe7,0x41,0xe7,0x41,0xe7,0x41,0xe7,0x41,0xe7,0x41,0xe7,0x41,0xe7,0x41,0xe7,0x41,
    0xc6,0x39,0x0b,0x6b,0x0f,0x84,0x27,0x42,0xf7,0xbd,0xff,0xff,0xff,0xff,0xff,0xff,
    0xff,0xff,0xff,0xff,0xff,0xff,0xff,0xff,0xff,0xff,0xff,0xff,0xff,0xff,0xff,0xff,
    0xff,0xff,0xff,0xff,0xff,0xff,0xff,0xff,0xff,0xff,0xff,0xff,0xff,0xff,0xff,0xff,
    0xff,0xff,0xff,0xff,0xff,0xff,0xff,0xff,0xff,0xff,0xff,0xff,0xff,0xff,0xff,0xff,
    0xff,0xff,0xff,0xff,0xff,0xff,0xff,0xff,0xff,0xff,0xff,0xff,0xff,0xff,0xff,0xff,
    0xff,0xff,0x3c,0xe7,0xca,0x5a,0xae,0x73,0xd3,0x9c,0xf3,0x9c,0xf3,0x9c,0xf3,0x9c,
    0xf3,0x9c,0xf3,0x9c,0xf3,0x9c,0xf3,0x9c,0xf3,0x9c,0xf3,0x9c,0xf3,0x9c,0xf3,0x9c,
    0xd3,0x9c,0x34,0xa5,0xaa,0x52,0x0c,0x5b,0xe7,0x39,0x2c,0x63,0x03,0x21,0xc6,0x39,
    0xe7,0x41,0xe7,0x41,0x07,0x42,0xe7,0x41,0xe7,0x41,0xe7,0x41,0xe7,0x41,0xe7,0x41,
    0xe7,0x41,0xc6,0x41,0xaa,0x5a,0xce,0x7b,0x03,0x21,0xa2,0x10,0x44,0x29,0x24,0x29,
    0x24,0x29,0x44,0x29,0xc2,0x18,0xe7,0x39,0x7d,0xef,0xff,0xff,0xff,0xff,0xff,0xff,
    0xff,0xff,0xff,0xff,0xff,0xff,0xff,0xff,0xff,0xff,0xff,0xff,0xff,0xff,0xff,0xff,
    0xff,0xff,0xff,0xff,0xff,0xff,0xff,0xff,0xff,0xff,0xff,0xff,0xff,0xff,0xff,0xff,
    0xff,0xff,0xff,0xff,0xff,0xff,0xff,0xff,0xff,0xff,0xff,0xff,0xff,0xff,0xff,0xff,
    0xff,0xff,0xff,0xff,0xff,0xff,0xff,0xff,0xff,0xff,0x5d,0xef,0x6d,0x6b,0x71,0x8c,
    0xb2,0x94,0xb2,0x94,0xd2,0x94,0xd3,0x94,0xd3,0x9c,0x4d,0x6b,0x59,0xce,0xff,0xff,
    0xff,0xff,0xff,0xff,0xff,0xff,0xff,0xff,0xff,0xff,0x38,0xc6,0x8e,0x73,0x54,0xa5,
    0xcb,0x5a,0xca,0x5a,0xd7,0xbd,0xff,0xff,0xff,0xff,0xff,0xff,0xff,0xff,0xff,0xff,
    0xff,0xff,0xff,0xff,0xff,0xff,0xff,0xff,0xff,0xff,0xff,0xff,0xff,0xff,0xff,0xff,
    0xff,0xff,0xff,0xff,0xff,0xff,0xff,0xff,0xff,0xff,0xff,0xff,0xff,0xff,0xff,0xff,
    0xff,0xff,0xff,0xff,0xf3,0x9c,0xaf,0x73,0x71,0x8c,0x2c,0x63,0xff,0xff,0xff,0xff,
    0xff,0xff,0xff,0xff,0xff,0xff,0xff,0xff,0xff,0xff,0xff,0xff,0xff,0xff,0xff,0xff,
    0xff,0xff,0xff,0xff,0xff,0xff,0xff,0xff,0xff,0xff,0xff,0xff,0xff,0xff,0xff,0xff,
    0xff,0xff,0xff,0xff,0xff,0xff,0xff,0xff,0xff,0xff,0xff,0xff,0xff,0xff,0xff,0xff,
    0xff,0xff,0xff,0xff,0xff,0xff,0xff,0xff,0xff,0xff,0xff,0xff,0xff,0xff,0xff,0xff,
    0xff,0xff,0xff,0xff,0xff,0xff,0xff,0xff,0xff,0xff,0xff,0xff,0xff,0xff,0xff,0xff,
    0xff,0xff,0xff,0xff,0xff,0xff,0xff,0xff,0xff,0xff,0xff,0xff,0xff,0xff,0xff,0xff,
    0xff,0xff,0xff,0xff,0xff,0xff,0xff,0xff,0xff,0xff,0xbe,0xf7,0x24,0x21,0x03,0x21,
    0x44,0x29,0x24,0x29,0x24,0x21,0x44,0x29,0xc2,0x18,0x24,0x21,0x07,0x42,0xe7,0x41,
    0xe7,0x41,0xe7,0x41,0xe7,0x41,0xe7,0x41,0xe7,0x41,0xe7,0x41,0xe7,0x41,0xe7,0x41,
    0xc6,0x41,0x2b,0x6b,0x0f,0x84,0x28,0x42,0xf7,0xbd,0xff,0xff,0xff,0xff,0xff,0xff,
    0xff,0xff,0xff,0xff,0xff,0xff,0xff,0xff,0xff,0xff,0xff,0xff,0xff,0xff,0xff,0xff,
    0xff,0xff,0xff,0xff,0xff,0xff,0xff,0xff,0xff,0xff,0xff,0xff,0xff,0xff,0xff,0xff,
    0xff,0xff,0xff,0xff,0xff,0xff,0xff,0xff,0xff,0xff,0xff,0xff,0xff,0xff,0xff,0xff,
    0xff,0xff,0xff,0xff,0xff,0xff,0xff,0xff,0xff,0xff,0xff,0xff,0xff,0xff,0xff,0xff,
    0xff,0xff,0x3c,0xe7,0xca,0x5a,0xef,0x7b,0xd3,0x9c,0xf3,0x9c,0xf3,0x9c,0xf3,0x9c,
    0xf3,0x9c,0xf3,0x9c,0xf3,0x9c,0xf3,0x9c,0xf3,0x9c,0xf3,0x9c,0xd3,0x9c,0xf3,0x9c,
    0xd3,0x9c,0x34,0xa5,0xaa,0x52,0x2c,0x5b,0x07,0x3a,0x2c,0x63,0x03,0x21,0xc6,0x39,
    0xe7,0x41,0xe7,0x41,0xe7,0x41,0xe7,0x41,0xe7,0x41,0xe7,0x41,0xe7,0x41,0xe7,0x41,
    0xe7,0x41,0xc6,0x41,0xaa,0x5a,0xce,0x7b,0x04,0x21,0xa2,0x10,0x44,0x29,0x24,0x29,
    0x24,0x29,0x44,0x29,0xc2,0x18,0xe7,0x39,0x7d,0xef,0xff,0xff,0xff,0xff,0xff,0xff,
    0xff,0xff,0xff,0xff,0xff,0xff,0xff,0xff,0xff,0xff,0xff,0xff,0xff,0xff,0xff,0xff,
    0xff,0xff,0xff,0xff,0xff,0xff,0xff,0xff,0xff,0xff,0xff,0xff,0xff,0xff,0xff,0xff,
    0xff,0xff,0xff,0xff,0xff,0xff,0xff,0xff,0xff,0xff,0xff,0xff,0xff,0xff,0xff,0xff,
    0xff,0xff,0xff,0xff,0xff,0xff,0xff,0xff,0xff,0xff,0x3d,0xef,0x4d,0x6b,0x71,0x8c,
    0xb2,0x94,0xb2,0x94,0xb2,0x94,0xb2,0x94,0xb2,0x94,0x6d,0x6b,0x79,0xce,0xff,0xff,
    0xff,0xff,0xff,0xff,0xff,0xff,0xff,0xff,0xff,0xff,0x59,0xce,0x8e,0x6b,0x55,0xad,
    0xcb,0x5a,0xaa,0x52,0xd7,0xbd,0xff,0xff,0xff,0xff,0xff,0xff,0xff,0xff,0xff,0xff,
    0xff,0xff,0xff,0xff,0xff,0xff,0xff,0xff,0xff,0xff,0xff,0xff,0xff,0xff,0xff,0xff,
    0xff,0xff,0xff,0xff,0xff,0xff,0xff,0xff,0xff,0xff,0xff,0xff,0xff,0xff,0xff,0xff,
    0xff,0xff,0xff,0xff,0xf3,0x9c,0xae,0x73,0x71,0x8c,0x2c,0x63,0xdf,0xff,0xff,0xff,
    0xff,0xff,0xff,0xff,0xff,0xff,0xff,0xff,0xff,0xff,0xff,0xff,0xff,0xff,0xff,0xff,
    0xff,0xff,0xff,0xff,0xff,0xff,0xff,0xff,0xff,0xff,0xff,0xff,0xff,0xff,0xff,0xff,
    0xff,0xff,0xff,0xff,0xff,0xff,0xff,0xff,0xff,0xff,0xff,0xff,0xff,0xff,0xff,0xff,
    0xff,0xff,0xff,0xff,0xff,0xff,0xff,0xff,0xff,0xff,0xff,0xff,0xff,0xff,0xff,0xff,
    0xff,0xff,0xff,0xff,0xff,0xff,0xff,0xff,0xff,0xff,0xff,0xff,0xff,0xff,0xff,0xff,
    0xff,0xff,0xff,0xff,0xff,0xff,0xff,0xff,0xff,0xff,0xff,0xff,0xff,0xff,0xff,0xff,
    0xff,0xff,0xff,0xff,0xff,0xff,0xff,0xff,0xff,0xff,0xbe,0xf7,0x24,0x21,0x03,0x21,
    0x44,0x29,0x24,0x29,0x24,0x29,0x44,0x29,0xc2,0x18,0x24,0x29,0x07,0x42,0xe7,0x41,
    0xe7,0x41,0xe7,0x41,0xe7,0x41,0xe7,0x41,0xe7,0x41,0xe7,0x41,0xe7,0x41,0xe7,0x41,
    0xc6,0x39,0x2b,0x6b,0x0f,0x84,0x28,0x42,0x17,0xc6,0xff,0xff,0xff,0xff,0xff,0xff,
    0xff,0xff,0xff,0xff,0xff,0xff,0xff,0xff,0xff,0xff,0xff,0xff,0xff,0xff,0xff,0xff,
    0xff,0xff,0xff,0xff,0xff,0xff,0xff,0xff,0xff,0xff,0xff,0xff,0xff,0xff,0xff,0xff,
    0xff,0xff,0xff,0xff,0xff,0xff,0xff,0xff,0xff,0xff,0xff,0xff,0xff,0xff,0xff,0xff,
    0xff,0xff,0xff,0xff,0xff,0xff,0xff,0xff,0xff,0xff,0xff,0xff,0xff,0xff,0xff,0xff,
    0xff,0xff,0x5d,0xef,0x0b,0x63,0x92,0x94,0xf3,0x9c,0xf3,0x9c,0xf3,0x9c,0xf3,0x9c,
    0xf3,0x9c,0xf3,0x9c,0xf3,0x9c,0xf3,0x9c,0xf3,0x9c,0xf3,0x9c,0xf3,0x9c,0xf3,0x9c,
    0xf3,0x9c,0x34,0xa5,0x2c,0x63,0x4d,0x63,0xe7,0x39,0x4d,0x6b,0x03,0x21,0xc6,0x39,
    0xe7,0x41,0xe7,0x41,0xe7,0x41,0xe7,0x41,0xe7,0x41,0xe7,0x41,0xe7,0x41,0xe7,0x41,
    0xe7,0x41,0xc6,0x39,0xaa,0x5a,0xce,0x7b,0x24,0x21,0xa2,0x10,0x44,0x29,0x24,0x29,
    0x24,0x29,0x44,0x29,0xc2,0x18,0xe7,0x39,0x7d,0xef,0xff,0xff,0xff,0xff,0xff,0xff,
    0xff,0xff,0xff,0xff,0xff,0xff,0xff,0xff,0xff,0xff,0xff,0xff,0xff,0xff,0xff,0xff,
    0xff,0xff,0xff,0xff,0xff,0xff,0xff,0xff,0xff,0xff,0xff,0xff,0xff,0xff,0xff,0xff,
    0xff,0xff,0xff,0xff,0xff,0xff,0xff,0xff,0xff,0xff,0xff,0xff,0xff,0xff,0xff,0xff,
    0xff,0xff,0xff,0xff,0xff,0xff,0xff,0xff,0xff,0xff,0xfb,0xde,0x4c,0x63,0x92,0x94,
    0xb2,0x94,0xb2,0x94,0xb2,0x94,0xb2,0x94,0xb2,0x94,0xae,0x73,0x9a,0xd6,0xff,0xff,
    0xff,0xff,0xff,0xff,0xff,0xff,0xff,0xff,0xff,0xff,0x79,0xce,0x8e,0x6b,0x55,0xad,
    0xca,0x5a,0xaa,0x52,0xd7,0xbd,0xff,0xff,0xff,0xff,0xff,0xff,0xff,0xff,0xff,0xff,
    0xff,0xff,0xff,0xff,0xff,0xff,0xff,0xff,0xff,0xff,0xff,0xff,0xff,0xff,0xff,0xff,
    0xff,0xff,0xff,0xff,0xff,0xff,0xff,0xff,0xff,0xff,0xff,0xff,0xff,0xff,0xff,0xff,
    0xff,0xff,0xff,0xff,0xf3,0x9c,0xae,0x73,0x71,0x8c,0x2c,0x63,0xde,0xff,0xff,0xff,
    0xff,0xff,0xff,0xff,0xff,0xff,0xff,0xff,0xff,0xff,0xff,0xff,0xff,0xff,0xff,0xff,
    0xff,0xff,0xff,0xff,0xff,0xff,0xff,0xff,0xff,0xff,0xff,0xff,0xff,0xff,0xff,0xff,
    0xff,0xff,0xff,0xff,0xff,0xff,0xff,0xff,0xff,0xff,0xff,0xff,0xff,0xff,0xff,0xff,
    0xff,0xff,0xff,0xff,0xff,0xff,0xff,0xff,0xff,0xff,0xff,0xff,0xff,0xff,0xff,0xff,
    0xff,0xff,0xff,0xff,0xff,0xff,0xff,0xff,0xff,0xff,0xff,0xff,0xff,0xff,0xff,0xff,
    0xff,0xff,0xff,0xff,0xff,0xff,0xff,0xff,0xff,0xff,0xff,0xff,0xff,0xff,0xff,0xff,
    0xff,0xff,0xff,0xff,0xff,0xff,0xff,0xff,0xff,0xff,0xbe,0xf7,0x24,0x21,0x03,0x21,
    0x44,0x29,0x24,0x29,0x24,0x29,0x44,0x29,0xc2,0x18,0x24,0x29,0x07,0x42,0xe7,0x41,
    0xe7,0x41,0xe7,0x41,0xe7,0x41,0xe7,0x41,0xe7,0x41,0xe7,0x41,0xe7,0x41,0xe7,0x41,
    0xc6,0x41,0x2b,0x6b,0x0f,0x84,0x28,0x42,0x18,0xc6,0xff,0xff,0xff,0xff,0xff,0xff,
    0xff,0xff,0xff,0xff,0xff,0xff,0xff,0xff,0xff,0xff,0xff,0xff,0xff,0xff,0xff,0xff,
    0xff,0xff,0xff,0xff,0xff,0xff,0xff,0xff,0xff,0xff,0xff,0xff,0xff,0xff,0xff,0xff,
    0xff,0xff,0xff,0xff,0xff,0xff,0xff,0xff,0xff,0xff,0xff,0xff,0xff,0xff,0xff,0xff,
    0xff,0xff,0xff,0xff,0xff,0xff,0xff,0xff,0xff,0xff,0xff,0xff,0xff,0xff,0xff,0xff,
    0xff,0xff,0x7d,0xef,0x6d,0x6b,0xf3,0x9c,0x92,0x94,0x71,0x8c,0x71,0x8c,0x71,0x8c,
    0x91,0x94,0x92,0x94,0xb2,0x94,0xb2,0x94,0xb2,0x94,0xb2,0x94,0xb2,0x94,0x91,0x94,
    0x71,0x8c,0xd2,0x9c,0x30,0x84,0x6d,0x6b,0xc7,0x31,0x2c,0x63,0x03,0x21,0xc6,0x39,
    0xe7,0x41,0xe7,0x41,0xe7,0x41,0xe7,0x41,0xe7,0x41,0xe7,0x41,0xe7,0x41,0xe7,0x41,
    0xe7,0x41,0xc6,0x39,0xaa,0x5a,0xce,0x7b,0x44,0x29,0xa2,0x10,0x44,0x29,0x24,0x29,
    0x24,0x29,0x44,0x29,0xc2,0x18,0xe7,0x39,0x7d,0xef,0xff,0xff,0xff,0xff,0xff,0xff,
    0xff,0xff,0xff,0xff,0xff,0xff,0xff,0xff,0xff,0xff,0xff,0xff,0xff,0xff,0xff,0xff,
    0xff,0xff,0xff,0xff,0xff,0xff,0xff,0xff,0xff,0xff,0xff,0xff,0xff,0xff,0xff,0xff,
    0xff,0xff,0xff,0xff,0xff,0xff,0xff,0xff,0xff,0xff,0xff,0xff,0xff,0xff,0xff,0xff,
    0xff,0xff,0xff,0xff,0xff,0xff,0xff,0xff,0xff,0xff,0xdb,0xde,0x6d,0x6b,0xb2,0x94,
    0xb2,0x94,0xb2,0x94,0xb2,0x94,0xb2,0x94,0xb2,0x94,0xae,0x73,0xdb,0xde,0xff,0xff,
    0xff,0xff,0xff,0xff,0xff,0xff,0xff,0xff,0xff,0xff,0x9a,0xd6,0x8e,0x6b,0x55,0xad,
    0xeb,0x5a,0xaa,0x52,0xd7,0xbd,0xff,0xff,0xff,0xff,0xff,0xff,0xff,0xff,0xff,0xff,
    0xff,0xff,0xff,0xff,0xff,0xff,0xff,0xff,0xff,0xff,0xff,0xff,0xff,0xff,0xff,0xff,
    0xff,0xff,0xff,0xff,0xff,0xff,0xff,0xff,0xff,0xff,0xff,0xff,0xff,0xff,0xff,0xff,
    0xff,0xff,0xff,0xff,0x14,0xa5,0xae,0x73,0x71,0x8c,0x2c,0x63,0xde,0xff,0xff,0xff,
    0xff,0xff,0xff,0xff,0xff,0xff,0xff,0xff,0xff,0xff,0xff,0xff,0xff,0xff,0xff,0xff,
    0xff,0xff,0xff,0xff,0xff,0xff,0xff,0xff,0xff,0xff,0xff,0xff,0xff,0xff,0xff,0xff,
    0xff,0xff,0xff,0xff,0xff,0xff,0xff,0xff,0xff,0xff,0xff,0xff,0xff,0xff,0xff,0xff,
    0xff,0xff,0xff,0xff,0xff,0xff,0xff,0xff,0xff,0xff,0xff,0xff,0xff,0xff,0xff,0xff,
    0xff,0xff,0xff,0xff,0xff,0xff,0xff,0xff,0xff,0xff,0xff,0xff,0xff,0xff,0xff,0xff,
    0xff,0xff,0xff,0xff,0xff,0xff,0xff,0xff,0xff,0xff,0xff,0xff,0xff,0xff,0xff,0xff,
    0xff,0xff,0xff,0xff,0xff,0xff,0xff,0xff,0xff,0xff,0xbe,0xf7,0x24,0x21,0x03,0x21,
    0x44,0x29,0x24,0x29,0x24,0x29,0x44,0x29,0xc2,0x18,0x44,0x29,0x07,0x42,0xe7,0x41,
    0xe7,0x41,0xe7,0x41,0xe7,0x41,0xe7,0x41,0xe7,0x41,0xe7,0x41,0xe7,0x41,0xe7,0x41,
    0xc6,0x41,0x2b,0x6b,0xef,0x83,0x28,0x42,0x38,0xc6,0xff,0xff,0xff,0xff,0xff,0xff,
    0xff,0xff,0xff,0xff,0xff,0xff,0xff,0xff,0xff,0xff,0xff,0xff,0xff,0xff,0xff,0xff,
    0xff,0xff,0xff,0xff,0xff,0xff,0xff,0xff,0xff,0xff,0xff,0xff,0xff,0xff,0xff,0xff,
    0xff,0xff,0xff,0xff,0xff,0xff,0xff,0xff,0xff,0xff,0xff,0xff,0xff,0xff,0xff,0xff,
    0xff,0xff,0xff,0xff,0xff,0xff,0xff,0xff,0xff,0xff,0xff,0xff,0xff,0xff,0xff,0xff,
    0xff,0xff,0xdf,0xff,0x30,0x84,0xae,0x73,0x8e,0x73,0xeb,0x5a,0xaa,0x52,0x8a,0x52,
    0xaa,0x52,0xca,0x5a,0xcb,0x5a,0xcb,0x5a,0xeb,0x5a,0xcb,0x5a,0xcb,0x5a,0xeb,0x5a,
    0x6d,0x6b,0x30,0x84,0x92,0x8c,0x8e,0x6b,0xc7,0x31,0x0c,0x63,0xe3,0x18,0xc6,0x39,
    0xe7,0x41,0xe7,0x41,0xe7,0x41,0xe7,0x41,0xe7,0x41,0xe7,0x41,0xe7,0x41,0xe7,0x41,
    0xe7,0x41,0xc6,0x39,0xaa,0x5a,0xee,0x83,0x44,0x29,0xa2,0x10,0x44,0x29,0x24,0x29,
    0x24,0x29,0x44,0x29,0xc2,0x18,0x07,0x42,0x7d,0xef,0xff,0xff,0xff,0xff,0xff,0xff,
    0xff,0xff,0xff,0xff,0xff,0xff,0xff,0xff,0xff,0xff,0xff,0xff,0xff,0xff,0xff,0xff,
    0xff,0xff,0xff,0xff,0xff,0xff,0xff,0xff,0xff,0xff,0xff,0xff,0xff,0xff,0xff,0xff,
    0xff,0xff,0xff,0xff,0xff,0xff,0xff,0xff,0xff,0xff,0xff,0xff,0xff,0xff,0xff,0xff,
    0xff,0xff,0xff,0xff,0xff,0xff,0xff,0xff,0xff,0xff,0x9a,0xd6,0x6d,0x6b,0xd3,0x94,
    0xb2,0x94,0xb2,0x94,0xb2,0x94,0xb2,0x94,0xb2,0x94,0xae,0x73,0xfb,0xde,0xff,0xff,
    0xff,0xff,0xff,0xff,0xff,0xff,0xff,0xff,0xff,0xff,0x9a,0xd6,0x8d,0x6b,0x55,0xad,
    0xeb,0x5a,0xaa,0x52,0xd7,0xbd,0xff,0xff,0xff,0xff,0xff,0xff,0xff,0xff,0xff,0xff,
    0xff,0xff,0xff,0xff,0xff,0xff,0xff,0xff,0xff,0xff,0xff,0xff,0xff,0xff,0xff,0xff,
    0xff,0xff,0xff,0xff,0xff,0xff,0xff,0xff,0xff,0xff,0xff,0xff,0xff,0xff,0xff,0xff,
    0xff,0xff,0xff,0xff,0x14,0xa5,0xae,0x73,0x71,0x8c,0x0c,0x63,0xde,0xff,0xff,0xff,
    0xff,0xff,0xff,0xff,0xff,0xff,0xff,0xff,0xff,0xff,0xff,0xff,0xff,0xff,0xff,0xff,
    0xff,0xff,0xff,0xff,0xff,0xff,0xff,0xff,0xff,0xff,0xff,0xff,0xff,0xff,0xff,0xff,
    0xff,0xff,0xff,0xff,0xff,0xff,0xff,0xff,0xff,0xff,0xff,0xff,0xff,0xff,0xff,0xff,
    0xff,0xff,0xff,0xff,0xff,0xff,0xff,0xff,0xff,0xff,0xff,0xff,0xff,0xff,0xff,0xff,
    0xff,0xff,0xff,0xff,0xff,0xff,0xff,0xff,0xff,0xff,0xff,0xff,0xff,0xff,0xff,0xff,
    0xff,0xff,0xff,0xff,0xff,0xff,0xff,0xff,0xff,0xff,0xff,0xff,0xff,0xff,0xff,0xff,
    0xff,0xff,0xff,0xff,0xff,0xff,0xff,0xff,0xff,0xff,0xbe,0xf7,0x24,0x29,0x03,0x21,
    0x44,0x29,0x24,0x29,0x24,0x29,0x44,0x29,0xa2,0x18,0x44,0x29,0x07,0x42,0xe7,0x41,
    0xe7,0x41,0xe7,0x41,0xe7,0x41,0xe7,0x41,0xe7,0x41,0xe7,0x41,0xe7,0x41,0xe7,0x41,
    0xc6,0x39,0x2b,0x6b,0xee,0x83,0x28,0x42,0x59,0xce,0xff,0xff,0xff,0xff,0xff,0xff,
    0xff,0xff,0xff,0xff,0xff,0xff,0xff,0xff,0xff,0xff,0xff,0xff,0xff,0xff,0xff,0xff,
    0xff,0xff,0xff,0xff,0xff,0xff,0xff,0xff,0xff,0xff,0xff,0xff,0xff,0xff,0xff,0xff,
    0xff,0xff,0xff,0xff,0xff,0xff,0xff,0xff,0xff,0xff,0xff,0xff,0xff,0xff,0xff,0xff,
    0xff,0xff,0xff,0xff,0xff,0xff,0xff,0xff,0xff,0xff,0xff,0xff,0xff,0xff,0xff,0xff,
    0xff,0xff,0xff,0xff,0xda,0xde,0x0f,0x84,0x28,0x42,0xc7,0x39,0xc7,0x39,0xc7,0x39,
    0xe7,0x39,0x28,0x42,0x28,0x42,0x28,0x42,0x48,0x4a,0x48,0x4a,0x49,0x4a,0x69,0x4a,
    0x89,0x52,0x8a,0x52,0x8a,0x52,0x29,0x42,0xc7,0x31,0x08,0x42,0xc3,0x18,0xc6,0x39,
    0xe7,0x41,0xe7,0x41,0xe7,0x41,0xe7,0x41,0xe7,0x41,0xe7,0x41,0xe7,0x41,0xe7,0x41,
    0xe7,0x41,0xc6,0x39,0xa9,0x5a,0xee,0x83,0x65,0x29,0xa2,0x10,0x44,0x29,0x24,0x29,
    0x24,0x29,0x44,0x29,0xc2,0x18,0x08,0x42,0x7d,0xef,0xff,0xff,0xff,0xff,0xff,0xff,
    0xff,0xff,0xff,0xff,0xff,0xff,0xff,0xff,0xff,0xff,0xff,0xff,0xff,0xff,0xff,0xff,
    0xff,0xff,0xff,0xff,0xff,0xff,0xff,0xff,0xff,0xff,0xff,0xff,0xff,0xff,0xff,0xff,
    0xff,0xff,0xff,0xff,0xff,0xff,0xff,0xff,0xff,0xff,0xff,0xff,0xff,0xff,0xff,0xff,
    0xff,0xff,0xff,0xff,0xff,0xff,0xff,0xff,0xff,0xff,0x79,0xce,0x6d,0x6b,0xd3,0x9c,
    0xb2,0x94,0xb2,0x94,0xb2,0x94,0xb2,0x94,0x92,0x94,0x8e,0x73,0xfb,0xde,0xff,0xff,
    0xff,0xff,0xff,0xff,0xff,0xff,0xff,0xff,0xff,0xff,0xba,0xd6,0x6d,0x6b,0x55,0xa5,
    0xeb,0x5a,0xaa,0x52,0xd7,0xb5,0xff,0xff,0xff,0xff,0xff,0xff,0xff,0xff,0xff,0xff,
    0xff,0xff,0xff,0xff,0xff,0xff,0xff,0xff,0xff,0xff,0xff,0xff,0xff,0xff,0xff,0xff,
    0xff,0xff,0xff,0xff,0xff,0xff,0xff,0xff,0xff,0xff,0xff,0xff,0xff,0xff,0xff,0xff,
    0xff,0xff,0xff,0xff,0x34,0xa5,0x8e,0x73,0x71,0x8c,0x0c,0x63,0xbe,0xf7,0xff,0xff,
    0xff,0xff,0xff,0xff,0xff,0xff,0xff,0xff,0xff,0xff,0xff,0xff,0xff,0xff,0xff,0xff,
    0xff,0xff,0xff,0xff,0xff,0xff,0xff,0xff,0xff,0xff,0xff,0xff,0xff,0xff,0xff,0xff,
    0xff,0xff,0xff,0xff,0xff,0xff,0xff,0xff,0xff,0xff,0xff,0xff,0xff,0xff,0xff,0xff,
    0xff,0xff,0xff,0xff,0xff,0xff,0xff,0xff,0xff,0xff,0xff,0xff,0xff,0xff,0xff,0xff,
    0xff,0xff,0xff,0xff,0xff,0xff,0xff,0xff,0xff,0xff,0xff,0xff,0xff,0xff,0xff,0xff,
    0xff,0xff,0xff,0xff,0xff,0xff,0xff,0xff,0xff,0xff,0xff,0xff,0xff,0xff,0xff,0xff,
    0xff,0xff,0xff,0xff,0xff,0xff,0xff,0xff,0xff,0xff,0xbe,0xf7,0x44,0x29,0x03,0x21,
    0x44,0x29,0x24,0x29,0x24,0x29,0x44,0x29,0xa2,0x18,0x44,0x29,0x07,0x42,0xe6,0x41,
    0xe7,0x41,0xe7,0x41,0xe7,0x41,0xe7,0x41,0xe7,0x41,0xe7,0x41,0xe7,0x41,0xe7,0x41,
    0xc6,0x39,0x2b,0x6b,0xee,0x83,0x28,0x42,0x59,0xce,0xff,0xff,0xff,0xff,0xff,0xff,
    0xff,0xff,0xff,0xff,0xff,0xff,0xff,0xff,0xff,0xff,0xff,0xff,0xff,0xff,0xff,0xff,
    0xff,0xff,0xff,0xff,0xff,0xff,0xff,0xff,0xff,0xff,0xff,0xff,0xff,0xff,0xff,0xff,
    0xff,0xff,0xff,0xff,0xff,0xff,0xff,0xff,0xff,0xff,0xff,0xff,0xff,0xff,0xff,0xff,
    0xff,0xff,0xff,0xff,0xff,0xff,0xff,0xff,0xff,0xff,0xff,0xff,0xff,0xff,0xff,0xff,
    0xff,0xff,0xff,0xff,0xff,0xff,0x5d,0xef,0xe8,0x39,0x66,0x29,0x86,0x31,0x66,0x29,
    0x86,0x31,0xa6,0x31,0xa6,0x31,0x86,0x31,0x86,0x31,0xa6,0x31,0xa6,0x31,0xa6,0x31,
    0x86,0x29,0x86,0x29,0x86,0x29,0xc7,0x31,0x08,0x3a,0xa7,0x31,0xc3,0x18,0xc6,0x39,
    0xe7,0x41,0xe7,0x41,0xe7,0x41,0xe7,0x41,0xe7,0x41,0xe7,0x41,0xe7,0x41,0xe7,0x41,
    0xe7,0x41,0xe6,0x41,0xa9,0x5a,0xce,0x83,0x65,0x31,0x81,0x10,0x44,0x29,0x24,0x29,
    0x44,0x29,0x44,0x29,0xc2,0x18,0x08,0x42,0x7d,0xef,0xff,0xff,0xff,0xff,0xff,0xff,
    0xff,0xff,0xff,0xff,0xff,0xff,0xff,0xff,0xff,0xff,0xff,0xff,0xff,0xff,0xff,0xff,
    0xff,0xff,0xff,0xff,0xff,0xff,0xff,0xff,0xff,0xff,0xff,0xff,0xff,0xff,0xff,0xff,
    0xff,0xff,0xff,0xff,0xff,0xff,0xff,0xff,0xff,0xff,0xff,0xff,0xff,0xff,0xff,0xff,
    0xff,0xff,0xff,0xff,0xff,0xff,0xff,0xff,0xff,0xff,0x38,0xc6,0x6d,0x6b,0xd3,0x9c,
    0xb2,0x94,0xb2,0x94,0xb2,0x94,0xb2,0x94,0x92,0x8c,0x6e,0x6b,0x1c,0xe7,0xff,0xff,
    0xff,0xff,0xff,0xff,0xff,0xff,0xff,0xff,0xff,0xff,0xba,0xd6,0x8d,0x6b,0x55,0xad,
    0x0b,0x5b,0x8a,0x52,0xd6,0xb5,0xff,0xff,0xff,0xff,0xff,0xff,0xff,0xff,0xff,0xff,
    0xff,0xff,0xff,0xff,0xff,0xff,0xff,0xff,0xff,0xff,0xff,0xff,0xff,0xff,0xff,0xff,
    0xff,0xff,0xff,0xff,0xff,0xff,0xff,0xff,0xff,0xff,0xff,0xff,0xff,0xff,0xff,0xff,
    0xff,0xff,0xff,0xff,0x55,0xad,0xae,0x73,0x71,0x8c,0x0c,0x63,0xbe,0xf7,0xff,0xff,
    0xff,0xff,0xff,0xff,0xff,0xff,0xff,0xff,0xff,0xff,0xff,0xff,0xff,0xff,0xff,0xff,
    0xff,0xff,0xff,0xff,0xff,0xff,0xff,0xff,0xff,0xff,0xff,0xff,0xff,0xff,0xff,0xff,
    0xff,0xff,0xff,0xff,0xff,0xff,0xff,0xff,0xff,0xff,0xff,0xff,0xff,0xff,0xff,0xff,
    0xff,0xff,0xff,0xff,0xff,0xff,0xff,0xff,0xff,0xff,0xff,0xff,0xff,0xff,0xff,0xff,
    0xff,0xff,0xff,0xff,0xff,0xff,0xff,0xff,0xff,0xff,0xff,0xff,0xff,0xff,0xff,0xff,
    0xff,0xff,0xff,0xff,0xff,0xff,0xff,0xff,0xff,0xff,0xff,0xff,0xff,0xff,0xff,0xff,
    0xff,0xff,0xff,0xff,0xff,0xff,0xff,0xff,0xff,0xff,0xbe,0xff,0x44,0x29,0x03,0x21,
    0x44,0x29,0x24,0x29,0x24,0x29,0x44,0x29,0xa2,0x10,0x44,0x29,0x07,0x42,0xe7,0x41,
    0xe7,0x41,0xe7,0x41,0xe7,0x41,0xe7,0x41,0xe7,0x41,0xe7,0x41,0xe7,0x41,0xe7,0x41,
    0xc6,0x41,0x4c,0x73,0xee,0x83,0x28,0x42,0x59,0xce,0xff,0xff,0xff,0xff,0xff,0xff,
    0xff,0xff,0xff,0xff,0xff,0xff,0xff,0xff,0xff,0xff,0xff,0xff,0xff,0xff,0xff,0xff,
    0xff,0xff,0xff,0xff,0xff,0xff,0xff,0xff,0xff,0xff,0xff,0xff,0xff,0xff,0xff,0xff,
    0xff,0xff,0xff,0xff,0xff,0xff,0xff,0xff,0xff,0xff,0xff,0xff,0xff,0xff,0xff,0xff,
    0xff,0xff,0xff,0xff,0xff,0xff,0xff,0xff,0xff,0xff,0xff,0xff,0xff,0xff,0xff,0xff,
    0xff,0xff,0xff,0xff,0xff,0xff,0x9e,0xf7,0x49,0x4a,0xc7,0x31,0x29,0x42,0x29,0x42,
    0x29,0x42,0x29,0x42,0x29,0x42,0x29,0x42,0x29,0x42,0x49,0x42,0x49,0x42,0x29,0x42,
    0x28,0x3a,0x08,0x3a,0x08,0x3a,0x28,0x42,0x28,0x42,0xe7,0x39,0xc3,0x18,0xc6,0x39,
    0xe7,0x41,0xe7,0x41,0xe7,0x41,0xe7,0x41,0xe7,0x41,0xe7,0x41,0xe7,0x41,0xe7,0x41,
    0xe7,0x41,0xe6,0x41,0xa9,0x5a,0xee,0x83,0x85,0x31,0x81,0x10,0x44,0x29,0x24,0x29,
    0x44,0x29,0x44,0x29,0xc2,0x18,0x08,0x42,0x7d,0xef,0xff,0xff,0xff,0xff,0xff,0xff,
    0xff,0xff,0xff,0xff,0xff,0xff,0xff,0xff,0xff,0xff,0xff,0xff,0xff,0xff,0xff,0xff,
    0xff,0xff,0xff,0xff,0xff,0xff,0xff,0xff,0xff,0xff,0xff,0xff,0xff,0xff,0xff,0xff,
    0xff,0xff,0xff,0xff,0xff,0xff,0xff,0xff,0xff,0xff,0xff,0xff,0xff,0xff,0xff,0xff,
    0xff,0xff,0xff,0xff,0xff,0xff,0xff,0xff,0xff,0xff,0xf7,0xbd,0x6d,0x6b,0xd3,0x94,
    0xb2,0x94,0xb2,0x94,0xb2,0x94,0xb2,0x94,0x92,0x94,0x6d,0x6b,0x1c,0xe7,0xff,0xff,
    0xff,0xff,0xff,0xff,0xff,0xff,0xff,0xff,0xff,0xff,0xda,0xd6,0x8e,0x73,0x75,0xad,
    0x0c,0x63,0x8a,0x52,0xd7,0xbd,0xff,0xff,0xff,0xff,0xff,0xff,0xff,0xff,0xff,0xff,
    0xff,0xff,0xff,0xff,0xff,0xff,0xff,0xff,0xff,0xff,0xff,0xff,0xff,0xff,0xff,0xff,
    0xff,0xff,0xff,0xff,0xff,0xff,0xff,0xff,0xff,0xff,0xff,0xff,0xff,0xff,0xff,0xff,
    0xff,0xff,0xff,0xff,0x55,0xad,0x8e,0x73,0x71,0x8c,0x0c,0x63,0xbe,0xf7,0xff,0xff,
    0xff,0xff,0xff,0xff,0xff,0xff,0xff,0xff,0xff,0xff,0xff,0xff,0xff,0xff,0xff,0xff,
    0xff,0xff,0xff,0xff,0xff,0xff,0xff,0xff,0xff,0xff,0xff,0xff,0xff,0xff,0xff,0xff,
    0xff,0xff,0xff,0xff,0xff,0xff,0xff,0xff,0xff,0xff,0xff,0xff,0xff,0xff,0xff,0xff,
    0xff,0xff,0xff,0xff,0xff,0xff,0xff,0xff,0xff,0xff,0xff,0xff,0xff,0xff,0xff,0xff,
    0xff,0xff,0xff,0xff,0xff,0xff,0xff,0xff,0xff,0xff,0xff,0xff,0xff,0xff,0xff,0xff,
    0xff,0xff,0xff,0xff,0xff,0xff,0xff,0xff,0xff,0xff,0xff,0xff,0xff,0xff,0xff,0xff,
    0xff,0xff,0xff,0xff,0xff,0xff,0xff,0xff,0xff,0xff,0xde,0xff,0x65,0x29,0x04,0x21,
    0x44,0x29,0x24,0x29,0x23,0x29,0x24,0x29,0xa2,0x10,0x44,0x29,0x07,0x42,0xe7,0x41,
    0xe7,0x41,0xe7,0x41,0xe7,0x41,0xe7,0x41,0xe7,0x41,0xe7,0x41,0xe7,0x41,0xe7,0x41,
    0xc6,0x39,0x4c,0x73,0xee,0x83,0x28,0x42,0x79,0xce,0xff,0xff,0xff,0xff,0xff,0xff,
    0xff,0xff,0xff,0xff,0xff,0xff,0xff,0xff,0xff,0xff,0xff,0xff,0xff,0xff,0xff,0xff,
    0xff,0xff,0xff,0xff,0xff,0xff,0xff,0xff,0xff,0xff,0xff,0xff,0xff,0xff,0xff,0xff,
    0xff,0xff,0xff,0xff,0xff,0xff,0xff,0xff,0xff,0xff,0xff,0xff,0xff,0xff,0xff,0xff,
    0xff,0xff,0xff,0xff,0xff,0xff,0xff,0xff,0xff,0xff,0xff,0xff,0xff,0xff,0xff,0xff,
    0xff,0xff,0xff,0xff,0xff,0xff,0xbe,0xf7,0x8a,0x4a,0xa7,0x31,0x29,0x42,0x49,0x4a,
    0x6a,0x4a,0x69,0x4a,0x6a,0x4a,0x6a,0x4a,0x6a,0x4a,0xaa,0x52,0xab,0x52,0xab,0x52,
    0xaa,0x4a,0x28,0x42,0x08,0x3a,0x28,0x42,0x28,0x42,0xe7,0x39,0xc3,0x18,0xc6,0x39,
    0xe7,0x41,0xe7,0x41,0xe7,0x41,0xe7,0x41,0xe7,0x41,0xe7,0x41,0xe7,0x41,0xe7,0x41,
    0xe7,0x41,0xc6,0x41,0xa9,0x5a,0xee,0x83,0xa6,0x31,0x81,0x10,0x44,0x29,0x24,0x29,
    0x44,0x29,0x44,0x29,0xc2,0x18,0x28,0x42,0x7d,0xef,0xff,0xff,0xff,0xff,0xff,0xff,
    0xff,0xff,0xff,0xff,0xff,0xff,0xff,0xff,0xff,0xff,0xff,0xff,0xff,0xff,0xff,0xff,
    0xff,0xff,0xff,0xff,0xff,0xff,0xff,0xff,0xff,0xff,0xff,0xff,0xff,0xff,0xff,0xff,
    0xff,0xff,0xff,0xff,0xff,0xff,0xff,0xff,0xff,0xff,0xff,0xff,0xff,0xff,0xff,0xff,
    0xff,0xff,0xff,0xff,0xff,0xff,0xff,0xff,0xff,0xff,0xd7,0xbd,0x4d,0x6b,0xb2,0x94,
    0xb2,0x94,0xb2,0x94,0xb2,0x94,0xb2,0x94,0x92,0x8c,0x6d,0x6b,0x3c,0xe7,0xff,0xff,
    0xff,0xff,0xff,0xff,0xff,0xff,0xff,0xff,0xff,0xff,0xdb,0xde,0xae,0x73,0x76,0xad,
    0x2c,0x63,0x8a,0x52,0xd7,0xb5,0xff,0xff,0xff,0xff,0xff,0xff,0xff,0xff,0xff,0xff,
    0xff,0xff,0xff,0xff,0xff,0xff,0xff,0xff,0xff,0xff,0xff,0xff,0xff,0xff,0xff,0xff,
    0xff,0xff,0xff,0xff,0xff,0xff,0xff,0xff,0xff,0xff,0xff,0xff,0xff,0xff,0xff,0xff,
    0xff,0xff,0xff,0xff,0x75,0xad,0x8e,0x73,0x71,0x8c,0x0c,0x63,0xbe,0xf7,0xff,0xff,
    0xff,0xff,0xff,0xff,0xff,0xff,0xff,0xff,0xff,0xff,0xff,0xff,0xff,0xff,0xff,0xff,
    0xff,0xff,0xff,0xff,0xff,0xff,0xff,0xff,0xff,0xff,0xff,0xff,0xff,0xff,0xff,0xff,
    0xff,0xff,0xff,0xff,0xff,0xff,0xff,0xff,0xff,0xff,0xff,0xff,0xff,0xff,0xff,0xff,
    0xff,0xff,0xff,0xff,0xff,0xff,0xff,0xff,0xff,0xff,0xff,0xff,0xff,0xff,0xff,0xff,
    0xff,0xff,0xff,0xff,0xff,0xff,0xff,0xff,0xff,0xff,0xff,0xff,0xff,0xff,0xff,0xff,
    0xff,0xff,0xff,0xff,0xff,0xff,0xff,0xff,0xff,0xff,0xff,0xff,0xff,0xff,0xff,0xff,
    0xff,0xff,0xff,0xff,0xff,0xff,0xff,0xff,0xff,0xff,0xff,0xff,0xa6,0x39,0x81,0x10,
    0x24,0x29,0x44,0x29,0x44,0x29,0x44,0x29,0xa2,0x10,0x65,0x29,0x07,0x42,0xe7,0x41,
    0xe7,0x41,0xe7,0x41,0xe7,0x41,0xe7,0x41,0xe7,0x41,0xe7,0x41,0xe7,0x41,0xe7,0x41,
    0xc6,0x41,0x4c,0x73,0xee,0x83,0x28,0x42,0x79,0xce,0xff,0xff,0xff,0xff,0xff,0xff,
    0xff,0xff,0xff,0xff,0xff,0xff,0xff,0xff,0xff,0xff,0xff,0xff,0xff,0xff,0xff,0xff,
    0xff,0xff,0xff,0xff,0xff,0xff,0xff,0xff,0xff,0xff,0xff,0xff,0xff,0xff,0xff,0xff,
    0xff,0xff,0xff,0xff,0xff,0xff,0xff,0xff,0xff,0xff,0xff,0xff,0xff,0xff,0xff,0xff,
    0xff,0xff,0xff,0xff,0xff,0xff,0xff,0xff,0xff,0xff,0xff,0xff,0xff,0xff,0xff,0xff,
    0xff,0xff,0xff,0xff,0xff,0xff,0xdf,0xff,0xcb,0x5a,0xc7,0x39,0x6a,0x4a,0xcb,0x5a,
    0x4d,0x6b,0x2c,0x63,0x0c,0x63,0x0c,0x63,0x0c,0x5b,0x0c,0x5b,0x0c,0x5b,0x0c,0x5b,
    0x0c,0x5b,0x69,0x4a,0x08,0x3a,0x28,0x42,0x29,0x42,0xe7,0x39,0xc3,0x18,0xc6,0x39,
    0xe7,0x41,0xe7,0x41,0xe7,0x41,0xe7,0x41,0xe7,0x41,0xe7,0x41,0xe7,0x41,0xe7,0x41,
    0xe7,0x41,0xc6,0x41,0xa9,0x5a,0xef,0x83,0xa6,0x31,0x81,0x10,0x44,0x29,0x24,0x29,
    0x44,0x29,0x44,0x29,0xc2,0x18,0x28,0x4a,0x9e,0xf7,0xff,0xff,0xff,0xff,0xff,0xff,
    0xff,0xff,0xff,0xff,0xff,0xff,0xff,0xff,0xff,0xff,0xff,0xff,0xff,0xff,0xff,0xff,
    0xff,0xff,0xff,0xff,0xff,0xff,0xff,0xff,0xff,0xff,0xff,0xff,0xff,0xff,0xff,0xff,
    0xff,0xff,0xff,0xff,0xff,0xff,0xff,0xff,0xff,0xff,0xff,0xff,0xff,0xff,0xff,0xff,
    0xff,0xff,0xff,0xff,0xff,0xff,0xff,0xff,0xff,0xff,0x96,0xb5,0x4d,0x6b,0xb2,0x94,
    0xb2,0x94,0xb2,0x94,0xd2,0x94,0xb2,0x94,0x91,0x8c,0x4d,0x6b,0x5c,0xef,0xff,0xff,
    0xff,0xff,0xff,0xff,0xff,0xff,0xff,0xff,0xff,0xff,0xdb,0xde,0x8e,0x73,0x75,0xad,
    0x2c,0x63,0x89,0x4a,0xb6,0xb5,0xff,0xff,0xff,0xff,0xff,0xff,0xff,0xff,0xff,0xff,
    0xff,0xff,0xff,0xff,0xff,0xff,0xff,0xff,0xff,0xff,0xff,0xff,0xff,0xff,0xff,0xff,
    0xff,0xff,0xff,0xff,0xff,0xff,0xff,0xff,0xff,0xff,0xff,0xff,0xff,0xff,0xff,0xff,
    0xff,0xff,0xff,0xff,0x75,0xad,0x8e,0x73,0x71,0x8c,0x0c,0x63,0x9e,0xf7,0xff,0xff,
    0xff,0xff,0xff,0xff,0xff,0xff,0xff,0xff,0xff,0xff,0xff,0xff,0xff,0xff,0xff,0xff,
    0xff,0xff,0xff,0xff,0xff,0xff,0xff,0xff,0xff,0xff,0xff,0xff,0xff,0xff,0xff,0xff,
    0xff,0xff,0xff,0xff,0xff,0xff,0xff,0xff,0xff,0xff,0xff,0xff,0xff,0xff,0xff,0xff,
    0xff,0xff,0xff,0xff,0xff,0xff,0xff,0xff,0xff,0xff,0xff,0xff,0xff,0xff,0xff,0xff,
    0xff,0xff,0xff,0xff,0xff,0xff,0xff,0xff,0xff,0xff,0xff,0xff,0xff,0xff,0xff,0xff,
    0xff,0xff,0xff,0xff,0xff,0xff,0xff,0xff,0xff,0xff,0xff,0xff,0xff,0xff,0xff,0xff,
    0xff,0xff,0xff,0xff,0xff,0xff,0xff,0xff,0xff,0xff,0xff,0xff,0x14,0xa5,0x61,0x08,
    0x61,0x08,0x81,0x10,0xa2,0x18,0x03,0x21,0x82,0x10,0x65,0x29,0x07,0x42,0xe7,0x41,
    0xe7,0x41,0xe7,0x41,0xe7,0x41,0xe7,0x41,0xe7,0x41,0xe7,0x41,0xe7,0x41,0xe7,0x41,
    0xc6,0x41,0x4c,0x73,0xee,0x83,0x28,0x42,0x79,0xce,0xff,0xff,0xff,0xff,0xff,0xff,
    0xff,0xff,0xff,0xff,0xff,0xff,0xff,0xff,0xff,0xff,0xff,0xff,0xff,0xff,0xff,0xff,
    0xff,0xff,0xff,0xff,0xff,0xff,0xff,0xff,0xff,0xff,0xff,0xff,0xff,0xff,0xff,0xff,
    0xff,0xff,0xff,0xff,0xff,0xff,0xff,0xff,0xff,0xff,0xff,0xff,0xff,0xff,0xff,0xff,
    0xff,0xff,0xff,0xff,0xff,0xff,0xff,0xff,0xff,0xff,0xff,0xff,0xff,0xff,0xff,0xff,
    0xff,0xff,0xff,0xff,0xff,0xff,0xff,0xff,0x0c,0x63,0xe8,0x39,0x6a,0x4a,0xab,0x52,
    0x6d,0x6b,0x2c,0x63,0x2c,0x63,0x0c,0x5b,0x0c,0x5b,0x0c,0x5b,0x0c,0x5b,0x0c,0x5b,
    0x0c,0x5b,0x8a,0x4a,0x28,0x42,0x28,0x42,0x29,0x42,0xe8,0x39,0xc3,0x18,0xa6,0x39,
    0xe7,0x41,0xe7,0x41,0xe7,0x41,0xe7,0x41,0xe7,0x41,0xe7,0x41,0xe7,0x41,0xe7,0x41,
    0xe7,0x41,0xe6,0x41,0xa9,0x5a,0xef,0x83,0xa6,0x39,0x81,0x10,0x44,0x29,0x24,0x29,
    0x44,0x29,0x44,0x29,0xc2,0x18,0x28,0x42,0x9e,0xf7,0xff,0xff,0xff,0xff,0xff,0xff,
    0xff,0xff,0xff,0xff,0xff,0xff,0xff,0xff,0xff,0xff,0xff,0xff,0xff,0xff,0xff,0xff,
    0xff,0xff,0xff,0xff,0xff,0xff,0xff,0xff,0xff,0xff,0xff,0xff,0xff,0xff,0xff,0xff,
    0xff,0xff,0xff,0xff,0xff,0xff,0xff,0xff,0xff,0xff,0xff,0xff,0xff,0xff,0xff,0xff,
    0xff,0xff,0xff,0xff,0xff,0xff,0xff,0xff,0xff,0xff,0x96,0xb5,0x8e,0x73,0xd2,0x94,
    0xb2,0x94,0xb2,0x94,0xb2,0x94,0xd2,0x94,0x92,0x94,0x6d,0x6b,0x5d,0xef,0xff,0xff,
    0xff,0xff,0xff,0xff,0xff,0xff,0xff,0xff,0xff,0xff,0xdb,0xde,0x8e,0x6b,0x55,0xa5,
    0x2c,0x63,0x69,0x4a,0xd7,0xb5,0xff,0xff,0xff,0xff,0xff,0xff,0xff,0xff,0xff,0xff,
    0xff,0xff,0xff,0xff,0xff,0xff,0xff,0xff,0xff,0xff,0xff,0xff,0xff,0xff,0xff,0xff,
    0xff,0xff,0xff,0xff,0xff,0xff,0xff,0xff,0xff,0xff,0xff,0xff,0xff,0xff,0xff,0xff,
    0xff,0xff,0xff,0xff,0x96,0xb5,0x8e,0x73,0x92,0x94,0x0c,0x63,0x9e,0xf7,0xff,0xff,
    0xff,0xff,0xff,0xff,0xff,0xff,0xff,0xff,0xff,0xff,0xff,0xff,0xff,0xff,0xff,0xff,
    0xff,0xff,0xff,0xff,0xff,0xff,0xff,0xff,0xff,0xff,0xff,0xff,0xff,0xff,0xff,0xff,
    0xff,0xff,0xff,0xff,0xff,0xff,0xff,0xff,0xff,0xff,0xff,0xff,0xff,0xff,0xff,0xff,
    0xff,0xff,0xff,0xff,0xff,0xff,0xff,0xff,0xff,0xff,0xff,0xff,0xff,0xff,0xff,0xff,
    0xff,0xff,0xff,0xff,0xff,0xff,0xff,0xff,0xff,0xff,0xff,0xff,0xff,0xff,0xff,0xff,
    0xff,0xff,0xff,0xff,0xff,0xff,0xff,0xff,0xff,0xff,0xff,0xff,0xff,0xff,0xff,0xff,
    0xff,0xff,0xff,0xff,0xff,0xff,0xff,0xff,0xff,0xff,0xff,0xff,0xdf,0xff,0x86,0x31,
    0xa2,0x18,0xc2,0x18,0x81,0x10,0x81,0x10,0x41,0x08,0x65,0x31,0x07,0x42,0xe7,0x41,
    0xe7,0x41,0xe7,0x41,0xe7,0x41,0xe7,0x41,0xe7,0x41,0xe7,0x41,0xe7,0x41,0xe7,0x41,
    0xc6,0x39,0x6c,0x73,0xee,0x83,0x28,0x42,0x99,0xd6,0xff,0xff,0xff,0xff,0xff,0xff,
    0xff,0xff,0xff,0xff,0xff,0xff,0xff,0xff,0xff,0xff,0xff,0xff,0xff,0xff,0xff,0xff,
    0xff,0xff,0xff,0xff,0xff,0xff,0xff,0xff,0xff,0xff,0xff,0xff,0xff,0xff,0xff,0xff,
    0xff,0xff,0xff,0xff,0xff,0xff,0xff,0xff,0xff,0xff,0xff,0xff,0xff,0xff,0xff,0xff,
    0xff,0xff,0xff,0xff,0xff,0xff,0xff,0xff,0xff,0xff,0xff,0xff,0xff,0xff,0xff,0xff,
    0xff,0xff,0xff,0xff,0xff,0xff,0xff,0xff,0x4d,0x6b,0xe8,0x39,0x8a,0x4a,0xaa,0x52,
    0x4d,0x6b,0x2c,0x63,0x0c,0x5b,0x0c,0x5b,0x0c,0x5b,0x0c,0x5b,0x0c,0x5b,0x0c,0x5b,
    0x2c,0x63,0x8a,0x4a,0x28,0x42,0x28,0x42,0x29,0x42,0xe8,0x39,0xc3,0x18,0xa6,0x39,
    0xe7,0x41,0xe7,0x41,0xe7,0x41,0xe7,0x41,0xe7,0x41,0xe7,0x41,0xe7,0x41,0xe7,0x41,
    0xe7,0x41,0xe6,0x41,0xa9,0x5a,0xef,0x83,0xa6,0x39,0x81,0x10,0x44,0x29,0x24,0x29,
    0x24,0x29,0x44,0x29,0xc2,0x18,0x48,0x4a,0x9e,0xf7,0xff,0xff,0xff,0xff,0xff,0xff,
    0xff,0xff,0xff,0xff,0xff,0xff,0xff,0xff,0xff,0xff,0xff,0xff,0xff,0xff,0xff,0xff,
    0xff,0xff,0xff,0xff,0xff,0xff,0xff,0xff,0xff,0xff,0xff,0xff,0xff,0xff,0xff,0xff,
    0xff,0xff,0xff,0xff,0xff,0xff,0xff,0xff,0xff,0xff,0xff,0xff,0xff,0xff,0xff,0xff,
    0xff,0xff,0xff,0xff,0xff,0xff,0xff,0xff,0xff,0xff,0x96,0xb5,0x8e,0x73,0xf3,0x9c,
    0xb2,0x94,0xb2,0x94,0xb2,0x94,0xd3,0x9c,0xb2,0x9c,0x6e,0x6b,0x9e,0xf7,0xff,0xff,
    0xff,0xff,0xff,0xff,0xff,0xff,0xff,0xff,0xff,0xff,0xdb,0xde,0x6d,0x6b,0x34,0xa5,
    0x0c,0x5b,0x69,0x4a,0xd7,0xbd,0xff,0xff,0xff,0xff,0xff,0xff,0xff,0xff,0xff,0xff,
    0xff,0xff,0xff,0xff,0xff,0xff,0xff,0xff,0xff,0xff,0xff,0xff,0xff,0xff,0xff,0xff,
    0xff,0xff,0xff,0xff,0xff,0xff,0xff,0xff,0xff,0xff,0xff,0xff,0xff,0xff,0xff,0xff,
    0xff,0xff,0xff,0xff,0x96,0xb5,0x8e,0x73,0x92,0x94,0xeb,0x5a,0x7d,0xef,0xff,0xff,
    0xff,0xff,0xff,0xff,0xff,0xff,0xff,0xff,0xff,0xff,0xff,0xff,0xff,0xff,0xff,0xff,
    0xff,0xff,0xff,0xff,0xff,0xff,0xff,0xff,0xff,0xff,0xff,0xff,0xff,0xff,0xff,0xff,
    0xff,0xff,0xff,0xff,0xff,0xff,0xff,0xff,0xff,0xff,0xff,0xff,0xff,0xff,0xff,0xff,
    0xff,0xff,0xff,0xff,0xff,0xff,0xff,0xff,0xff,0xff,0xff,0xff,0xff,0xff,0xff,0xff,
    0xff,0xff,0xff,0xff,0xff,0xff,0xff,0xff,0xff,0xff,0xff,0xff,0xff,0xff,0xff,0xff,
    0xff,0xff,0xff,0xff,0xff,0xff,0xff,0xff,0xff,0xff,0xff,0xff,0xff,0xff,0xff,0xff,
    0xff,0xff,0xff,0xff,0xff,0xff,0xff,0xff,0xff,0xff,0xff,0xff,0x7d,0xef,0x65,0x29,
    0xe2,0x18,0x44,0x29,0x24,0x29,0x44,0x29,0xc2,0x18,0x65,0x31,0x07,0x42,0xe7,0x41,
    0xe7,0x41,0xe7,0x41,0xe7,0x41,0xe7,0x41,0xe7,0x41,0xe7,0x41,0xe7,0x41,0xe7,0x41,
    0xc6,0x39,0x6c,0x73,0xee,0x83,0x28,0x42,0x9a,0xd6,0xff,0xff,0xff,0xff,0xff,0xff,
    0xff,0xff,0xff,0xff,0xff,0xff,0xff,0xff,0xff,0xff,0xff,0xff,0xff,0xff,0xff,0xff,
    0xff,0xff,0xff,0xff,0xff,0xff,0xff,0xff,0xff,0xff,0xff,0xff,0xff,0xff,0xff,0xff,
    0xff,0xff,0xff,0xff,0xff,0xff,0xff,0xff,0xff,0xff,0xff,0xff,0xff,0xff,0xff,0xff,
    0xff,0xff,0xff,0xff,0xff,0xff,0xff,0xff,0xff,0xff,0xff,0xff,0xff,0xff,0xff,0xff,
    0xff,0xff,0xff,0xff,0xff,0xff,0xff,0xff,0x8e,0x73,0xe8,0x39,0x8a,0x4a,0xaa,0x52,
    0x6d,0x6b,0x2c,0x63,0x0c,0x5b,0x0c,0x5b,0x0c,0x5b,0x0c,0x5b,0x0c,0x5b,0x0c,0x5b,
    0x2c,0x63,0x8a,0x4a,0x28,0x42,0x28,0x42,0x29,0x42,0xe8,0x39,0xc3,0x18,0xa6,0x39,
    0xe7,0x41,0xe7,0x41,0xe7,0x41,0xe7,0x41,0xe7,0x41,0xe7,0x41,0xe7,0x41,0xe7,0x41,
    0xe7,0x41,0xc6,0x41,0xa9,0x5a,0xee,0x83,0xa6,0x39,0x81,0x10,0x44,0x29,0x24,0x29,
    0x24,0x29,0x44,0x29,0xc2,0x18,0x49,0x4a,0x9e,0xf7,0xff,0xff,0xff,0xff,0xff,0xff,
    0xff,0xff,0xff,0xff,0xff,0xff,0xff,0xff,0xff,0xff,0xff,0xff,0xff,0xff,0xff,0xff,
    0xff,0xff,0xff,0xff,0xff,0xff,0xff,0xff,0xff,0xff,0xff,0xff,0xff,0xff,0xff,0xff,
    0xff,0xff,0xff,0xff,0xff,0xff,0xff,0xff,0xff,0xff,0xff,0xff,0xff,0xff,0xff,0xff,
    0xff,0xff,0xff,0xff,0xff,0xff,0xff,0xff,0xff,0xff,0xfb,0xde,0x2c,0x63,0x30,0x84,
    0x92,0x94,0x71,0x8c,0x92,0x94,0xb2,0x94,0x4d,0x6b,0xb2,0x94,0xff,0xff,0xff,0xff,
    0xff,0xff,0xff,0xff,0xff,0xff,0xff,0xff,0xff,0xff,0xfb,0xde,0x6d,0x6b,0x14,0x9d,
    0x0c,0x63,0x69,0x4a,0xf7,0xbd,0xff,0xff,0xff,0xff,0xff,0xff,0xff,0xff,0xff,0xff,
    0xff,0xff,0xff,0xff,0xff,0xff,0xff,0xff,0xff,0xff,0xff,0xff,0xff,0xff,0xff,0xff,
    0xff,0xff,0xff,0xff,0xff,0xff,0xff,0xff,0xff,0xff,0xff,0xff,0xff,0xff,0xff,0xff,
    0xff,0xff,0xff,0xff,0xb6,0xb5,0x8e,0x73,0xb2,0x94,0xeb,0x5a,0x7d,0xef,0xff,0xff,
    0xff,0xff,0xff,0xff,0xff,0xff,0xff,0xff,0xff,0xff,0xff,0xff,0xff,0xff,0xff,0xff,
    0xff,0xff,0xff,0xff,0xff,0xff,0xff,0xff,0xff,0xff,0xff,0xff,0xff,0xff,0xff,0xff,
    0xff,0xff,0xff,0xff,0xff,0xff,0xff,0xff,0xff,0xff,0xff,0xff,0xff,0xff,0xff,0xff,
    0xff,0xff,0xff,0xff,0xff,0xff,0xff,0xff,0xff,0xff,0xff,0xff,0xff,0xff,0xff,0xff,
    0xff,0xff,0xff,0xff,0xff,0xff,0xff,0xff,0xff,0xff,0xff,0xff,0xff,0xff,0xff,0xff,
    0xff,0xff,0xff,0xff,0xff,0xff,0xff,0xff,0xff,0xff,0xff,0xff,0xff,0xff,0xff,0xff,
    0xff,0xff,0xff,0xff,0xff,0xff,0xff,0xff,0xff,0xff,0xff,0xff,0x7d,0xef,0x65,0x29,
    0xc2,0x18,0x24,0x29,0x24,0x29,0x44,0x29,0xa2,0x10,0x85,0x29,0x07,0x42,0xe7,0x41,
    0xe7,0x41,0xe7,0x41,0xe7,0x41,0xe7,0x41,0xe7,0x41,0xe7,0x41,0xe7,0x41,0xe7,0x41,
    0xc6,0x39,0x6c,0x73,0xee,0x83,0x28,0x42,0x9a,0xd6,0xff,0xff,0xff,0xff,0xff,0xff,
    0xff,0xff,0xff,0xff,0xff,0xff,0xff,0xff,0xff,0xff,0xff,0xff,0xff,0xff,0xff,0xff,
    0xff,0xff,0xff,0xff,0xff,0xff,0xff,0xff,0xff,0xff,0xff,0xff,0xff,0xff,0xff,0xff,
    0xff,0xff,0xff,0xff,0xff,0xff,0xff,0xff,0xff,0xff,0xff,0xff,0xff,0xff,0xff,0xff,
    0xff,0xff,0xff,0xff,0xff,0xff,0xff,0xff,0xff,0xff,0xff,0xff,0xff,0xff,0xff,0xff,
    0xff,0xff,0xff,0xff,0xff,0xff,0xff,0xff,0xce,0x7b,0xc7,0x31,0x8a,0x4a,0x8a,0x4a,
    0x6d,0x6b,0x2c,0x63,0x0c,0x5b,0x0c,0x5b,0x0c,0x5b,0x0c,0x5b,0x0c,0x5b,0x0c,0x5b,
    0x0c,0x5b,0x8a,0x4a,0x28,0x42,0x28,0x42,0x29,0x42,0x08,0x3a,0xc3,0x18,0xa6,0x39,
    0x07,0x42,0xe7,0x41,0xe7,0x41,0xe7,0x41,0xe7,0x41,0xe7,0x41,0xe7,0x41,0xe7,0x41,
    0xe7,0x41,0xe6,0x41,0xa9,0x5a,0xee,0x83,0xa6,0x31,0x81,0x10,0x44,0x29,0x24,0x29,
    0x44,0x29,0x44,0x29,0xc2,0x18,0x49,0x4a,0x9e,0xf7,0xff,0xff,0xff,0xff,0xff,0xff,
    0xff,0xff,0xff,0xff,0xff,0xff,0xff,0xff,0xff,0xff,0xff,0xff,0xff,0xff,0xff,0xff,
    0xff,0xff,0xff,0xff,0xff,0xff,0xff,0xff,0xff,0xff,0xff,0xff,0xff,0xff,0xff,0xff,
    0xff,0xff,0xff,0xff,0xff,0xff,0xff,0xff,0xff,0xff,0xff,0xff,0xff,0xff,0xff,0xff,
    0xff,0xff,0xff,0xff,0xff,0xff,0xff,0xff,0xff,0xff,0xff,0xff,0x96,0xb5,0xeb,0x5a,
    0xeb,0x5a,0xcb,0x5a,0xcb,0x5a,0xcb,0x5a,0x10,0x84,0xdf,0xff,0xff,0xff,0xff,0xff,
    0xff,0xff,0xff,0xff,0xff,0xff,0xff,0xff,0xff,0xff,0x1c,0xe7,0x8e,0x73,0x14,0x9d,
    0x2c,0x63,0x69,0x4a,0x55,0xa5,0xff,0xff,0xff,0xff,0xff,0xff,0xff,0xff,0xff,0xff,
    0xff,0xff,0xff,0xff,0xff,0xff,0xff,0xff,0xff,0xff,0xff,0xff,0xff,0xff,0xff,0xff,
    0xff,0xff,0xff,0xff,0xff,0xff,0xff,0xff,0xff,0xff,0xff,0xff,0xff,0xff,0xff,0xff,
    0xff,0xff,0xff,0xff,0xb6,0xb5,0x8e,0x73,0xb2,0x94,0xcb,0x5a,0x7d,0xef,0xff,0xff,
    0xff,0xff,0xff,0xff,0xff,0xff,0xff,0xff,0xff,0xff,0xff,0xff,0xff,0xff,0xff,0xff,
    0xff,0xff,0xff,0xff,0xff,0xff,0xff,0xff,0xff,0xff,0xff,0xff,0xff,0xff,0xff,0xff,
    0xff,0xff,0xff,0xff,0xff,0xff,0xff,0xff,0xff,0xff,0xff,0xff,0xff,0xff,0xff,0xff,
    0xff,0xff,0xff,0xff,0xff,0xff,0xff,0xff,0xff,0xff,0xff,0xff,0xff,0xff,0xff,0xff,
    0xff,0xff,0xff,0xff,0xff,0xff,0xff,0xff,0xff,0xff,0xff,0xff,0xff,0xff,0xff,0xff,
    0xff,0xff,0xff,0xff,0xff,0xff,0xff,0xff,0xff,0xff,0xff,0xff,0xff,0xff,0xff,0xff,
    0xff,0xff,0xff,0xff,0xff,0xff,0xff,0xff,0xff,0xff,0xff,0xff,0x5d,0xef,0x65,0x29,
    0xe2,0x18,0x24,0x29,0x24,0x29,0x44,0x29,0xa2,0x10,0x65,0x29,0x07,0x42,0xe7,0x41,
    0xe7,0x41,0xe7,0x41,0xe7,0x41,0xe7,0x41,0xe7,0x41,0xe7,0x41,0xe7,0x41,0xe7,0x41,
    0xc6,0x39,0x6c,0x73,0xce,0x83,0x28,0x42,0x9a,0xd6,0xff,0xff,0xff,0xff,0xff,0xff,
    0xff,0xff,0xff,0xff,0xff,0xff,0xff,0xff,0xff,0xff,0xff,0xff,0xff,0xff,0xff,0xff,
    0xff,0xff,0xff,0xff,0xff,0xff,0xff,0xff,0xff,0xff,0xff,0xff,0xff,0xff,0xff,0xff,
    0xff,0xff,0xff,0xff,0xff,0xff,0xff,0xff,0xff,0xff,0xff,0xff,0xff,0xff,0xff,0xff,
    0xff,0xff,0xff,0xff,0xff,0xff,0xff,0xff,0xff,0xff,0xff,0xff,0xff,0xff,0xff,0xff,
    0xff,0xff,0xff,0xff,0xff,0xff,0xff,0xff,0x30,0x84,0xe7,0x39,0x8a,0x4a,0x8a,0x4a,
    0x4d,0x6b,0x0c,0x63,0x0c,0x5b,0x0c,0x5b,0x0c,0x5b,0x0c,0x5b,0x0c,0x5b,0x0c,0x5b,
    0x0c,0x5b,0x8a,0x4a,0x28,0x42,0x28,0x42,0x29,0x42,0x08,0x3a,0xc3,0x18,0xa6,0x39,
    0xe7,0x41,0xe7,0x41,0xe7,0x41,0xe7,0x41,0x07,0x42,0x07,0x42,0xe7,0x41,0xe7,0x41,
    0xe7,0x41,0xe6,0x41,0x89,0x5a,0xee,0x83,0xa6,0x31,0x81,0x10,0x44,0x29,0x24,0x29,
    0x44,0x29,0x44,0x29,0xc2,0x18,0x49,0x4a,0xbe,0xf7,0xff,0xff,0xff,0xff,0xff,0xff,
    0xff,0xff,0xff,0xff,0xff,0xff,0xff,0xff,0xff,0xff,0xff,0xff,0xff,0xff,0xff,0xff,
    0xff,0xff,0xff,0xff,0xff,0xff,0xff,0xff,0xff,0xff,0xff,0xff,0xff,0xff,0xff,0xff,
    0xff,0xff,0xff,0xff,0xff,0xff,0xff,0xff,0xff,0xff,0xff,0xff,0xff,0xff,0xff,0xff,
    0xff,0xff,0xff,0xff,0xff,0xff,0xff,0xff,0xff,0xff,0xff,0xff,0xff,0xff,0x1c,0xe7,
    0xba,0xd6,0x9a,0xd6,0x79,0xce,0xba,0xd6,0xdf,0xff,0xff,0xff,0xff,0xff,0xff,0xff,
    0xff,0xff,0xff,0xff,0xff,0xff,0xff,0xff,0xff,0xff,0x79,0xce,0x2c,0x63,0x34,0xa5,
    0x0c,0x5b,0xed,0x52,0x6b,0x42,0x11,0x7c,0xff,0xff,0xff,0xff,0xff,0xff,0xff,0xff,
    0xff,0xff,0xff,0xff,0xff,0xff,0xff,0xff,0xff,0xff,0xff,0xff,0xff,0xff,0xff,0xff,
    0xff,0xff,0xff,0xff,0xff,0xff,0xff,0xff,0xff,0xff,0xff,0xff,0xff,0xff,0xff,0xff,
    0xff,0xff,0xff,0xff,0xb6,0xb5,0x6d,0x6b,0xb2,0x94,0xcb,0x5a,0x7d,0xef,0xff,0xff,
    0xff,0xff,0xff,0xff,0xff,0xff,0xff,0xff,0xff,0xff,0xff,0xff,0xff,0xff,0xff,0xff,
    0xff,0xff,0xff,0xff,0xff,0xff,0xff,0xff,0xff,0xff,0xff,0xff,0xff,0xff,0xff,0xff,
    0xff,0xff,0xff,0xff,0xff,0xff,0xff,0xff,0xff,0xff,0xff,0xff,0xff,0xff,0xff,0xff,
    0xff,0xff,0xff,0xff,0xff,0xff,0xff,0xff,0xff,0xff,0xff,0xff,0xff,0xff,0xff,0xff,
    0xff,0xff,0xff,0xff,0xff,0xff,0xff,0xff,0xff,0xff,0xff,0xff,0xff,0xff,0xff,0xff,
    0xff,0xff,0xff,0xff,0xff,0xff,0xff,0xff,0xff,0xff,0xff,0xff,0xff,0xff,0xff,0xff,
    0xff,0xff,0xff,0xff,0xff,0xff,0xff,0xff,0xff,0xff,0xff,0xff,0x5d,0xef,0x45,0x29,
    0xe3,0x20,0x44,0x29,0x24,0x29,0x44,0x29,0xa2,0x10,0x65,0x29,0x07,0x42,0xe7,0x41,
    0xe7,0x41,0xe7,0x41,0xe7,0x41,0xe7,0x41,0xe7,0x41,0xe7,0x41,0xe7,0x41,0xe7,0x41,
    0xc6,0x41,0x6c,0x73,0xce,0x7b,0x07,0x42,0xba,0xd6,0xff,0xff,0xff,0xff,0xff,0xff,
    0xff,0xff,0xff,0xff,0xff,0xff,0xff,0xff,0xff,0xff,0xff,0xff,0xff,0xff,0xff,0xff,
    0xff,0xff,0xff,0xff,0xff,0xff,0xff,0xff,0xff,0xff,0xff,0xff,0xff,0xff,0xff,0xff,
    0xff,0xff,0xff,0xff,0xff,0xff,0xff,0xff,0xff,0xff,0xff,0xff,0xff,0xff,0xff,0xff,
    0xff,0xff,0xff,0xff,0xff,0xff,0xff,0xff,0xff,0xff,0xff,0xff,0xff,0xff,0xff,0xff,
    0xff,0xff,0xff,0xff,0xff,0xff,0xff,0xff,0xd3,0x9c,0xe8,0x39,0xaa,0x4a,0x89,0x4a,
    0x2c,0x63,0x2c,0x63,0x0c,0x5b,0x0c,0x5b,0x0c,0x5b,0x0c,0x63,0x0c,0x63,0x0c,0x63,
    0x0c,0x63,0x6a,0x4a,0x08,0x3a,0x28,0x42,0x28,0x42,0x08,0x3a,0xe3,0x18,0xa6,0x39,
    0xe7,0x41,0xe7,0x41,0xe7,0x41,0x07,0x42,0x07,0x42,0x07,0x42,0x07,0x42,0xe7,0x41,
    0xe7,0x41,0xe6,0x41,0x89,0x5a,0xee,0x83,0xa6,0x31,0x81,0x10,0x44,0x29,0x24,0x29,
    0x44,0x29,0x64,0x29,0xc2,0x18,0x49,0x4a,0xbe,0xf7,0xff,0xff,0xff,0xff,0xff,0xff,
    0xff,0xff,0xff,0xff,0xff,0xff,0xff,0xff,0xff,0xff,0xff,0xff,0xff,0xff,0xff,0xff,
    0xff,0xff,0xff,0xff,0xff,0xff,0xff,0xff,0xff,0xff,0xff,0xff,0xff,0xff,0xff,0xff,
    0xff,0xff,0xff,0xff,0xff,0xff,0xff,0xff,0xff,0xff,0xff,0xff,0xff,0xff,0xff,0xff,
    0xff,0xff,0xff,0xff,0xff,0xff,0xff,0xff,0xff,0xff,0xff,0xff,0xff,0xff,0xff,0xff,
    0xff,0xff,0xff,0xff,0xff,0xff,0xff,0xff,0xff,0xff,0xff,0xff,0xff,0xff,0xff,0xff,
    0xff,0xff,0xff,0xff,0xff,0xff,0xff,0xff,0x1c,0xe7,0x8a,0x4a,0x89,0x4a,0xd3,0x9c,
    0x8b,0x4a,0xce,0x42,0xce,0x42,0x2a,0x3a,0x9e,0xf7,0xff,0xff,0xff,0xff,0xff,0xff,
    0xff,0xff,0xff,0xff,0xff,0xff,0xff,0xff,0xff,0xff,0xff,0xff,0xff,0xff,0xff,0xff,
    0xff,0xff,0xff,0xff,0xff,0xff,0xff,0xff,0xff,0xff,0xff,0xff,0xff,0xff,0xff,0xff,
    0xff,0xff,0xff,0xff,0xb6,0xb5,0x6d,0x6b,0xb2,0x94,0xcb,0x5a,0x7d,0xef,0xff,0xff,
    0xff,0xff,0xff,0xff,0xff,0xff,0xff,0xff,0xff,0xff,0xff,0xff,0xff,0xff,0xff,0xff,
    0xff,0xff,0xff,0xff,0xff,0xff,0xff,0xff,0xff,0xff,0xff,0xff,0xff,0xff,0xff,0xff,
    0xff,0xff,0xff,0xff,0xff,0xff,0xff,0xff,0xff,0xff,0xff,0xff,0xff,0xff,0xff,0xff,
    0xff,0xff,0xff,0xff,0xff,0xff,0xff,0xff,0xff,0xff,0xff,0xff,0xff,0xff,0xff,0xff,
    0xff,0xff,0xff,0xff,0xff,0xff,0xff,0xff,0xff,0xff,0xff,0xff,0xff,0xff,0xff,0xff,
    0xff,0xff,0xff,0xff,0xff,0xff,0xff,0xff,0xff,0xff,0xff,0xff,0xff,0xff,0xff,0xff,
    0xff,0xff,0xff,0xff,0xff,0xff,0xff,0xff,0xff,0xff,0xff,0xff,0x3c,0xe7,0x44,0x29,
    0xe3,0x20,0x44,0x29,0x24,0x21,0x44,0x29,0xa2,0x10,0x65,0x29,0x07,0x42,0xe7,0x41,
    0xe7,0x41,0xe7,0x41,0xe7,0x41,0xe7,0x41,0xe7,0x41,0xe7,0x41,0xe7,0x41,0xe7,0x41,
    0xe7,0x41,0x6c,0x73,0xce,0x7b,0x07,0x42,0xba,0xd6,0xff,0xff,0xff,0xff,0xff,0xff,
    0xff,0xff,0xff,0xff,0xff,0xff,0xff,0xff,0xff,0xff,0xff,0xff,0xff,0xff,0xff,0xff,
    0xff,0xff,0xff,0xff,0xff,0xff,0xff,0xff,0xff,0xff,0xff,0xff,0xff,0xff,0xff,0xff,
    0xff,0xff,0xff,0xff,0xff,0xff,0xff,0xff,0xff,0xff,0xff,0xff,0xff,0xff,0xff,0xff,
    0xff,0xff,0xff,0xff,0xff,0xff,0xff,0xff,0xff,0xff,0xff,0xff,0xff,0xff,0xff,0xff,
    0xff,0xff,0xff,0xff,0xff,0xff,0xff,0xff,0x96,0xb5,0xc7,0x31,0xaa,0x52,0x89,0x4a,
    0x2c,0x63,0x2c,0x63,0xec,0x5a,0xec,0x5a,0xec,0x5a,0x0c,0x5b,0xec,0x5a,0xec,0x5a,
    0x0c,0x5b,0x8a,0x4a,0x08,0x3a,0x28,0x42,0x49,0x42,0x08,0x3a,0xe3,0x18,0xa6,0x39,
    0xe7,0x41,0xe7,0x41,0xe7,0x41,0x07,0x42,0x07,0x42,0xe7,0x41,0xe7,0x41,0xe7,0x41,
    0xe7,0x41,0xe6,0x41,0x89,0x5a,0xee,0x83,0xa6,0x31,0x81,0x10,0x44,0x29,0x24,0x29,
    0x44,0x29,0x64,0x29,0xc2,0x18,0x49,0x4a,0xbe,0xf7,0xff,0xff,0xff,0xff,0xff,0xff,
    0xff,0xff,0xff,0xff,0xff,0xff,0xff,0xff,0xff,0xff,0xff,0xff,0xff,0xff,0xff,0xff,
    0xff,0xff,0xff,0xff,0xff,0xff,0xff,0xff,0xff,0xff,0xff,0xff,0xff,0xff,0xff,0xff,
    0xff,0xff,0xff,0xff,0xff,0xff,0xff,0xff,0xff,0xff,0xff,0xff,0xff,0xff,0xff,0xff,
    0xff,0xff,0xff,0xff,0xff,0xff,0xff,0xff,0xff,0xff,0xff,0xff,0xff,0xff,0xff,0xff,
    0xff,0xff,0xff,0xff,0xff,0xff,0xff,0xff,0xff,0xff,0xff,0xff,0xff,0xff,0xff,0xff,
    0xff,0xff,0xff,0xff,0xff,0xff,0xff,0xff,0x51,0x84,0x68,0x21,0xea,0x29,0x0a,0x32,
    0xca,0x29,0xeb,0x21,0x10,0x43,0x4b,0x3a,0x5d,0xef,0xff,0xff,0xff,0xff,0xff,0xff,
    0xff,0xff,0xff,0xff,0xff,0xff,0xff,0xff,0xff,0xff,0xff,0xff,0xff,0xff,0xff,0xff,
    0xff,0xff,0xff,0xff,0xff,0xff,0xff,0xff,0xff,0xff,0xff,0xff,0xff,0xff,0xff,0xff,
    0xff,0xff,0xff,0xff,0xd7,0xbd,0x6d,0x6b,0xb2,0x94,0xcb,0x5a,0x5d,0xef,0xff,0xff,
    0xff,0xff,0xff,0xff,0xff,0xff,0xff,0xff,0xff,0xff,0xff,0xff,0xff,0xff,0xff,0xff,
    0xff,0xff,0xff,0xff,0xff,0xff,0xff,0xff,0xff,0xff,0xff,0xff,0xff,0xff,0xff,0xff,
    0xff,0xff,0xff,0xff,0xff,0xff,0xff,0xff,0xff,0xff,0xff,0xff,0xff,0xff,0xff,0xff,
    0xff,0xff,0xff,0xff,0xff,0xff,0xff,0xff,0xff,0xff,0xff,0xff,0xff,0xff,0xff,0xff,
    0xff,0xff,0xff,0xff,0xff,0xff,0xff,0xff,0xff,0xff,0xff,0xff,0xff,0xff,0xff,0xff,
    0xff,0xff,0xff,0xff,0xff,0xff,0xff,0xff,0xff,0xff,0xff,0xff,0xff,0xff,0xff,0xff,
    0xff,0xff,0xff,0xff,0xff,0xff,0xff,0xff,0xff,0xff,0xff,0xff,0x1c,0xe7,0x24,0x21,
    0x03,0x21,0x44,0x29,0x24,0x21,0x44,0x29,0xa2,0x10,0x65,0x29,0x07,0x42,0xe7,0x41,
    0xe7,0x41,0xe7,0x41,0xe7,0x41,0xe7,0x41,0xe7,0x41,0xe7,0x41,0xe7,0x41,0xe7,0x41,
    0xc6,0x39,0x8c,0x7b,0xad,0x7b,0x07,0x42,0xda,0xde,0xff,0xff,0xff,0xff,0xff,0xff,
    0xff,0xff,0xff,0xff,0xff,0xff,0xff,0xff,0xff,0xff,0xff,0xff,0xff,0xff,0xff,0xff,
    0xff,0xff,0xff,0xff,0xff,0xff,0xff,0xff,0xff,0xff,0xff,0xff,0xff,0xff,0xff,0xff,
    0xff,0xff,0xff,0xff,0xff,0xff,0xff,0xff,0xff,0xff,0xff,0xff,0xff,0xff,0xff,0xff,
    0xff,0xff,0xff,0xff,0xff,0xff,0xff,0xff,0xff,0xff,0xff,0xff,0xff,0xff,0xff,0xff,
    0xff,0xff,0xff,0xff,0xff,0xff,0xff,0xff,0x1c,0xe7,0x48,0x4a,0x03,0x21,0xc7,0x31,
    0xca,0x52,0x2c,0x63,0x4d,0x63,0x4d,0x6b,0x4d,0x6b,0x4d,0x6b,0x4d,0x63,0x4d,0x63,
    0x4d,0x6b,0xcb,0x5a,0x28,0x42,0xe8,0x39,0xc7,0x39,0x86,0x31,0xc3,0x18,0xc6,0x39,
    0x07,0x42,0xe7,0x41,0xe7,0x41,0xe7,0x41,0xe7,0x41,0xe7,0x41,0xe7,0x41,0xe7,0x41,
    0xe7,0x41,0xc6,0x41,0xa9,0x5a,0xee,0x83,0xa6,0x31,0x81,0x10,0x44,0x29,0x24,0x29,
    0x44,0x29,0x44,0x29,0xa2,0x18,0x49,0x4a,0xbe,0xf7,0xff,0xff,0xff,0xff,0xff,0xff,
    0xff,0xff,0xff,0xff,0xff,0xff,0xff,0xff,0xff,0xff,0xff,0xff,0xff,0xff,0xff,0xff,
    0xff,0xff,0xff,0xff,0xff,0xff,0xff,0xff,0xff,0xff,0xff,0xff,0xff,0xff,0xff,0xff,
    0xff,0xff,0xff,0xff,0xff,0xff,0xff,0xff,0xff,0xff,0xff,0xff,0xff,0xff,0xff,0xff,
    0xff,0xff,0xff,0xff,0xff,0xff,0xff,0xff,0xff,0xff,0xff,0xff,0xff,0xff,0xff,0xff,
    0xff,0xff,0xff,0xff,0xff,0xff,0xff,0xff,0xff,0xff,0xff,0xff,0xff,0xff,0xff,0xff,
    0xff,0xff,0xff,0xff,0xff,0xff,0xff,0xff,0xf1,0x73,0xcf,0x42,0x72,0x4b,0x31,0x43,
    0x92,0x53,0x8e,0x3a,0x10,0x43,0x6b,0x42,0x7d,0xf7,0xff,0xff,0xff,0xff,0xff,0xff,
    0xff,0xff,0xff,0xff,0xff,0xff,0xff,0xff,0xff,0xff,0xff,0xff,0xff,0xff,0xff,0xff,
    0xff,0xff,0xff,0xff,0xff,0xff,0xff,0xff,0xff,0xff,0xff,0xff,0xff,0xff,0xff,0xff,
    0xff,0xff,0xff,0xff,0xd7,0xbd,0x6d,0x6b,0xd3,0x9c,0xcb,0x5a,0x5d,0xef,0xff,0xff,
    0xff,0xff,0xff,0xff,0xff,0xff,0xff,0xff,0xff,0xff,0xff,0xff,0xff,0xff,0xff,0xff,
    0xff,0xff,0xff,0xff,0xff,0xff,0xff,0xff,0xff,0xff,0xff,0xff,0xff,0xff,0xff,0xff,
    0xff,0xff,0xff,0xff,0xff,0xff,0xff,0xff,0xff,0xff,0xff,0xff,0xff,0xff,0xff,0xff,
    0xff,0xff,0xff,0xff,0xff,0xff,0xff,0xff,0xff,0xff,0xff,0xff,0xff,0xff,0xff,0xff,
    0xff,0xff,0xff,0xff,0xff,0xff,0xff,0xff,0xff,0xff,0xff,0xff,0xff,0xff,0xff,0xff,
    0xff,0xff,0xff,0xff,0xff,0xff,0xff,0xff,0xff,0xff,0xff,0xff,0xff,0xff,0xff,0xff,
    0xff,0xff,0xff,0xff,0xff,0xff,0xff,0xff,0xff,0xff,0xff,0xff,0xfb,0xde,0x24,0x21,
    0x03,0x21,0x44,0x29,0x24,0x21,0x44,0x29,0x82,0x10,0x65,0x29,0x07,0x42,0xe7,0x41,
    0xe7,0x41,0xe7,0x41,0xe7,0x41,0xe7,0x41,0xe7,0x41,0xe7,0x41,0xe7,0x41,0xe7,0x41,
    0xc6,0x41,0x8d,0x7b,0xad,0x7b,0x07,0x42,0xdb,0xde,0xff,0xff,0xff,0xff,0xff,0xff,
    0xff,0xff,0xff,0xff,0xff,0xff,0xff,0xff,0xff,0xff,0xff,0xff,0xff,0xff,0xff,0xff,
    0xff,0xff,0xff,0xff,0xff,0xff,0xff,0xff,0xff,0xff,0xff,0xff,0xff,0xff,0xff,0xff,
    0xff,0xff,0xff,0xff,0xff,0xff,0xff,0xff,0xff,0xff,0xff,0xff,0xff,0xff,0xff,0xff,
    0xff,0xff,0xff,0xff,0xff,0xff,0xff,0xff,0xff,0xff,0xff,0xff,0xff,0xff,0xff,0xff,
    0xff,0xff,0xff,0xff,0xff,0xff,0xff,0xff,0xff,0xff,0xba,0xd6,0xce,0x7b,0x28,0x42,
    0x86,0x29,0x65,0x29,0x86,0x29,0xa7,0x31,0xa6,0x31,0xa6,0x31,0xa6,0x31,0x86,0x31,
    0x66,0x29,0x24,0x21,0x03,0x19,0x24,0x21,0x48,0x42,0xcf,0x7b,0x85,0x31,0x85,0x31,
    0x07,0x42,0xe7,0x41,0xe7,0x41,0xe7,0x41,0xe7,0x41,0xe7,0x41,0xe7,0x41,0xe7,0x41,
    0xe7,0x41,0xc6,0x41,0xa9,0x5a,0xee,0x83,0xa6,0x31,0x81,0x10,0x44,0x29,0x24,0x29,
    0x44,0x29,0x44,0x29,0xc2,0x18,0x69,0x4a,0xbe,0xf7,0xff,0xff,0xff,0xff,0xff,0xff,
    0xff,0xff,0xff,0xff,0xff,0xff,0xff,0xff,0xff,0xff,0xff,0xff,0xff,0xff,0xff,0xff,
    0xff,0xff,0xff,0xff,0xff,0xff,0xff,0xff,0xff,0xff,0xff,0xff,0xff,0xff,0xff,0xff,
    0xff,0xff,0xff,0xff,0xff,0xff,0xff,0xff,0xff,0xff,0xff,0xff,0xff,0xff,0xff,0xff,
    0xff,0xff,0xff,0xff,0xff,0xff,0xff,0xff,0xff,0xff,0xff,0xff,0xff,0xff,0xff,0xff,
    0xff,0xff,0xff,0xff,0xff,0xff,0xff,0xff,0xff,0xff,0xff,0xff,0xff,0xff,0xff,0xff,
    0xff,0xff,0xff,0xff,0xff,0xff,0xff,0xff,0x11,0x7c,0xf0,0x42,0xb4,0x4b,0xb4,0x4b,
    0xb4,0x53,0x8e,0x3a,0xcf,0x42,0xad,0x4a,0x9e,0xf7,0xff,0xff,0xff,0xff,0xff,0xff,
    0xff,0xff,0xff,0xff,0xff,0xff,0xff,0xff,0xff,0xff,0xff,0xff,0xff,0xff,0xff,0xff,
    0xff,0xff,0xff,0xff,0xff,0xff,0xff,0xff,0xff,0xff,0xff,0xff,0xff,0xff,0xff,0xff,
    0xff,0xff,0xff,0xff,0xf7,0xbd,0x6d,0x6b,0xb2,0x94,0xaa,0x52,0x5d,0xef,0xff,0xff,
    0xff,0xff,0xff,0xff,0xff,0xff,0xff,0xff,0xff,0xff,0xff,0xff,0xff,0xff,0xff,0xff,
    0xff,0xff,0xff,0xff,0xff,0xff,0xff,0xff,0xff,0xff,0xff,0xff,0xff,0xff,0xff,0xff,
    0xff,0xff,0xff,0xff,0xff,0xff,0xff,0xff,0xff,0xff,0xff,0xff,0xff,0xff,0xff,0xff,
    0xff,0xff,0xff,0xff,0xff,0xff,0xff,0xff,0xff,0xff,0xff,0xff,0xff,0xff,0xff,0xff,
    0xff,0xff,0xff,0xff,0xff,0xff,0xff,0xff,0xff,0xff,0xff,0xff,0xff,0xff,0xff,0xff,
    0xff,0xff,0xff,0xff,0xff,0xff,0xff,0xff,0xff,0xff,0xff,0xff,0xff,0xff,0xff,0xff,
    0xff,0xff,0xff,0xff,0xff,0xff,0xff,0xff,0xff,0xff,0xff,0xff,0xdb,0xde,0x04,0x21,
    0x03,0x21,0x44,0x29,0x24,0x21,0x44,0x29,0x82,0x10,0x65,0x29,0x07,0x42,0xe7,0x41,
    0xe7,0x41,0xe7,0x41,0xe7,0x41,0xe7,0x41,0xe7,0x41,0xe7,0x41,0xe7,0x41,0xe7,0x41,
    0xe7,0x41,0x8d,0x7b,0xad,0x7b,0x07,0x42,0xfb,0xde,0xff,0xff,0xff,0xff,0xff,0xff,
    0xff,0xff,0xff,0xff,0xff,0xff,0xff,0xff,0xff,0xff,0xff,0xff,0xff,0xff,0xff,0xff,
    0xff,0xff,0xff,0xff,0xff,0xff,0xff,0xff,0xff,0xff,0xff,0xff,0xff,0xff,0xff,0xff,
    0xff,0xff,0xff,0xff,0xff,0xff,0xff,0xff,0xff,0xff,0xff,0xff,0xff,0xff,0xff,0xff,
    0xff,0xff,0xff,0xff,0xff,0xff,0xff,0xff,0xff,0xff,0xff,0xff,0xff,0xff,0xff,0xff,
    0xff,0xff,0xff,0xff,0xff,0xff,0xff,0xff,0xff,0xff,0xff,0xff,0xff,0xff,0xdf,0xff,
    0x7d,0xef,0x9a,0xd6,0xb6,0xb5,0xf3,0x9c,0x92,0x94,0x71,0x8c,0x51,0x8c,0x71,0x8c,
    0xd3,0x9c,0x96,0xb5,0x59,0xce,0x3c,0xe7,0xdf,0xff,0x7d,0xef,0x08,0x42,0x85,0x31,
    0x07,0x42,0xe7,0x41,0xe7,0x41,0xe7,0x41,0xe7,0x41,0xe7,0x41,0xe7,0x41,0xe7,0x41,
    0xe7,0x41,0xc6,0x41,0x89,0x5a,0xee,0x83,0xa6,0x39,0x81,0x10,0x44,0x29,0x44,0x29,
    0x44,0x29,0x65,0x29,0xc2,0x18,0x69,0x4a,0xbe,0xf7,0xff,0xff,0xff,0xff,0xff,0xff,
    0xff,0xff,0xff,0xff,0xff,0xff,0xff,0xff,0xff,0xff,0xff,0xff,0xff,0xff,0xff,0xff,
    0xff,0xff,0xff,0xff,0xff,0xff,0xff,0xff,0xff,0xff,0xff,0xff,0xff,0xff,0xff,0xff,
    0xff,0xff,0xff,0xff,0xff,0xff,0xff,0xff,0xff,0xff,0xff,0xff,0xff,0xff,0xff,0xff,
    0xff,0xff,0xff,0xff,0xff,0xff,0xff,0xff,0xff,0xff,0xff,0xff,0xff,0xff,0xff,0xff,
    0xff,0xff,0xff,0xff,0xff,0xff,0xff,0xff,0xff,0xff,0xff,0xff,0xff,0xff,0xff,0xff,
    0xff,0xff,0xff,0xff,0xff,0xff,0xff,0xff,0x11,0x7c,0x10,0x43,0xd4,0x4b,0x94,0x4b,
    0x93,0x4b,0x6d,0x32,0x4c,0x3a,0x0e,0x5b,0xdf,0xff,0xff,0xff,0xff,0xff,0xff,0xff,
    0xff,0xff,0xff,0xff,0xff,0xff,0xff,0xff,0xff,0xff,0xff,0xff,0xff,0xff,0xff,0xff,
    0xff,0xff,0xff,0xff,0xff,0xff,0xff,0xff,0xff,0xff,0xff,0xff,0xff,0xff,0xff,0xff,
    0xff,0xff,0xff,0xff,0xf7,0xbd,0x4d,0x6b,0xd3,0x9c,0xaa,0x52,0x3c,0xe7,0xff,0xff,
    0xff,0xff,0xff,0xff,0xff,0xff,0xff,0xff,0xff,0xff,0xff,0xff,0xff,0xff,0xff,0xff,
    0xff,0xff,0xff,0xff,0xff,0xff,0xff,0xff,0xff,0xff,0xff,0xff,0xff,0xff,0xff,0xff,
    0xff,0xff,0xff,0xff,0xff,0xff,0xff,0xff,0xff,0xff,0xff,0xff,0xff,0xff,0xff,0xff,
    0xff,0xff,0xff,0xff,0xff,0xff,0xff,0xff,0xff,0xff,0xff,0xff,0xff,0xff,0xff,0xff,
    0xff,0xff,0xff,0xff,0xff,0xff,0xff,0xff,0xff,0xff,0xff,0xff,0xff,0xff,0xff,0xff,
    0xff,0xff,0xff,0xff,0xff,0xff,0xff,0xff,0xff,0xff,0xff,0xff,0xff,0xff,0xff,0xff,
    0xff,0xff,0xff,0xff,0xff,0xff,0xff,0xff,0xff,0xff,0xff,0xff,0xdb,0xde,0x04,0x21,
    0x03,0x21,0x44,0x29,0x24,0x21,0x44,0x29,0xa2,0x10,0x65,0x29,0x07,0x42,0xe7,0x41,
    0xe7,0x41,0xe7,0x41,0xe7,0x41,0xe7,0x41,0xe7,0x41,0xe7,0x41,0xe7,0x41,0xe7,0x41,
    0xe7,0x41,0x8d,0x7b,0xad,0x7b,0x07,0x42,0xfb,0xde,0xff,0xff,0xff,0xff,0xff,0xff,
    0xff,0xff,0xff,0xff,0xff,0xff,0xff,0xff,0xff,0xff,0xff,0xff,0xff,0xff,0xff,0xff,
    0xff,0xff,0xff,0xff,0xff,0xff,0xff,0xff,0xff,0xff,0xff,0xff,0xff,0xff,0xff,0xff,
    0xff,0xff,0xff,0xff,0xff,0xff,0xff,0xff,0xff,0xff,0xff,0xff,0xff,0xff,0xff,0xff,
    0xff,0xff,0xff,0xff,0xff,0xff,0xff,0xff,0xff,0xff,0xff,0xff,0xff,0xff,0xff,0xff,
    0xff,0xff,0xff,0xff,0xff,0xff,0xff,0xff,0xff,0xff,0xff,0xff,0xff,0xff,0xff,0xff,
    0xff,0xff,0xff,0xff,0xff,0xff,0xff,0xff,0xff,0xff,0xff,0xff,0xff,0xff,0xff,0xff,
    0xff,0xff,0xff,0xff,0xff,0xff,0xff,0xff,0xff,0xff,0x5d,0xef,0x07,0x42,0x85,0x31,
    0x07,0x42,0xe7,0x41,0xe7,0x41,0xe7,0x41,0xe7,0x41,0xe7,0x41,0xe7,0x41,0xe7,0x41,
    0xe7,0x41,0xc6,0x39,0x89,0x5a,0xee,0x83,0xa6,0x39,0x81,0x10,0x44,0x29,0x44,0x29,
    0x44,0x29,0x65,0x29,0xc2,0x18,0x69,0x4a,0xbe,0xf7,0xff,0xff,0xff,0xff,0xff,0xff,
    0xff,0xff,0xff,0xff,0xff,0xff,0xff,0xff,0xff,0xff,0xff,0xff,0xff,0xff,0xff,0xff,
    0xff,0xff,0xff,0xff,0xff,0xff,0xff,0xff,0xff,0xff,0xff,0xff,0xff,0xff,0xff,0xff,
    0xff,0xff,0xff,0xff,0xff,0xff,0xff,0xff,0xff,0xff,0xff,0xff,0xff,0xff,0xff,0xff,
    0xff,0xff,0xff,0xff,0xff,0xff,0xff,0xff,0xff,0xff,0xff,0xff,0xff,0xff,0xff,0xff,
    0xff,0xff,0xff,0xff,0xff,0xff,0xff,0xff,0xff,0xff,0xff,0xff,0xff,0xff,0xff,0xff,
    0xff,0xff,0xff,0xff,0xff,0xff,0xff,0xff,0x11,0x7c,0xf0,0x42,0xf5,0x53,0xb4,0x53,
    0xb3,0x53,0x6c,0x32,0xa9,0x21,0x31,0x84,0xff,0xff,0xff,0xff,0xff,0xff,0xff,0xff,
    0xff,0xff,0xff,0xff,0xff,0xff,0xff,0xff,0xff,0xff,0xff,0xff,0xff,0xff,0xff,0xff,
    0xff,0xff,0xff,0xff,0xff,0xff,0xff,0xff,0xff,0xff,0xff,0xff,0xff,0xff,0xff,0xff,
    0xff,0xff,0xff,0xff,0x18,0xc6,0x4d,0x6b,0xd3,0x9c,0xaa,0x52,0x3c,0xe7,0xff,0xff,
    0xff,0xff,0xff,0xff,0xff,0xff,0xff,0xff,0xff,0xff,0xff,0xff,0xff,0xff,0xff,0xff,
    0xff,0xff,0xff,0xff,0xff,0xff,0xff,0xff,0xff,0xff,0xff,0xff,0xff,0xff,0xff,0xff,
    0xff,0xff,0xff,0xff,0xff,0xff,0xff,0xff,0xff,0xff,0xff,0xff,0xff,0xff,0xff,0xff,
    0xff,0xff,0xff,0xff,0xff,0xff,0xff,0xff,0xff,0xff,0xff,0xff,0xff,0xff,0xff,0xff,
    0xff,0xff,0xff,0xff,0xff,0xff,0xff,0xff,0xff,0xff,0xff,0xff,0xff,0xff,0xff,0xff,
    0xff,0xff,0xff,0xff,0xff,0xff,0xff,0xff,0xff,0xff,0xff,0xff,0xff,0xff,0xff,0xff,
    0xff,0xff,0xff,0xff,0xff,0xff,0xff,0xff,0xff,0xff,0xff,0xff,0xba,0xd6,0x03,0x21,
    0x03,0x21,0x44,0x29,0x24,0x21,0x44,0x29,0x81,0x10,0x65,0x31,0x07,0x42,0xe7,0x41,
    0xe7,0x41,0xe7,0x41,0xe7,0x41,0xe7,0x41,0xe7,0x41,0xe7,0x41,0xe7,0x41,0xe7,0x41,
    0xe7,0x41,0x8d,0x7b,0xad,0x7b,0x27,0x42,0x1b,0xe7,0xff,0xff,0xff,0xff,0xff,0xff,
    0xff,0xff,0xff,0xff,0xff,0xff,0xff,0xff,0xff,0xff,0xff,0xff,0xff,0xff,0xff,0xff,
    0xff,0xff,0xff,0xff,0xff,0xff,0xff,0xff,0xff,0xff,0xff,0xff,0xff,0xff,0xff,0xff,
    0xff,0xff,0xff,0xff,0xff,0xff,0xff,0xff,0xff,0xff,0xff,0xff,0xff,0xff,0xff,0xff,
    0xff,0xff,0xff,0xff,0xff,0xff,0xff,0xff,0xff,0xff,0xff,0xff,0xff,0xff,0xff,0xff,
    0xff,0xff,0xff,0xff,0xff,0xff,0xff,0xff,0xff,0xff,0xff,0xff,0xff,0xff,0xff,0xff,
    0xff,0xff,0xff,0xff,0xff,0xff,0xff,0xff,0xff,0xff,0xdf,0xff,0xdf,0xff,0xff,0xff,
    0xdf,0xff,0xff,0xff,0xff,0xff,0xff,0xff,0xff,0xff,0x5d,0xef,0x08,0x42,0x85,0x31,
    0x07,0x42,0xe7,0x41,0xe7,0x41,0xe7,0x41,0xe7,0x41,0xe7,0x41,0xe7,0x41,0xe7,0x41,
    0xe7,0x41,0xc6,0x41,0x89,0x5a,0xce,0x83,0x85,0x31,0x81,0x10,0x44,0x29,0x44,0x29,
    0x44,0x29,0x45,0x29,0xa2,0x18,0x69,0x52,0xbe,0xf7,0xff,0xff,0xff,0xff,0xff,0xff,
    0xff,0xff,0xff,0xff,0xff,0xff,0xff,0xff,0xff,0xff,0xff,0xff,0xff,0xff,0xff,0xff,
    0xff,0xff,0xff,0xff,0xff,0xff,0xff,0xff,0xff,0xff,0xff,0xff,0xff,0xff,0xff,0xff,
    0xff,0xff,0xff,0xff,0xff,0xff,0xff,0xff,0xff,0xff,0xff,0xff,0xff,0xff,0xff,0xff,
    0xff,0xff,0xff,0xff,0xff,0xff,0xff,0xff,0xff,0xff,0xff,0xff,0xff,0xff,0xff,0xff,
    0xff,0xff,0xff,0xff,0xff,0xff,0xff,0xff,0xff,0xff,0xff,0xff,0xff,0xff,0xff,0xff,
    0xff,0xff,0xff,0xff,0xff,0xff,0xff,0xff,0xf7,0xbd,0x4c,0x3a,0x6d,0x3a,0x4c,0x32,
    0x2c,0x32,0x2b,0x32,0x09,0x32,0x55,0xa5,0xff,0xff,0xdf,0xff,0xff,0xff,0xff,0xff,
    0xff,0xff,0xff,0xff,0xff,0xff,0xff,0xff,0xff,0xff,0xff,0xff,0xff,0xff,0xff,0xff,
    0xff,0xff,0xff,0xff,0xff,0xff,0xff,0xff,0xff,0xff,0xff,0xff,0xff,0xff,0xff,0xff,
    0xff,0xff,0xff,0xff,0x18,0xc6,0x2c,0x63,0xd3,0x9c,0xaa,0x52,0x1c,0xe7,0xff,0xff,
    0xff,0xff,0xff,0xff,0xff,0xff,0xff,0xff,0xff,0xff,0xff,0xff,0xff,0xff,0xff,0xff,
    0xff,0xff,0xff,0xff,0xff,0xff,0xff,0xff,0xff,0xff,0xff,0xff,0xff,0xff,0xff,0xff,
    0xff,0xff,0xff,0xff,0xff,0xff,0xff,0xff,0xff,0xff,0xff,0xff,0xff,0xff,0xff,0xff,
    0xff,0xff,0xff,0xff,0xff,0xff,0xff,0xff,0xff,0xff,0xff,0xff,0xff,0xff,0xff,0xff,
    0xff,0xff,0xff,0xff,0xff,0xff,0xff,0xff,0xff,0xff,0xff,0xff,0xff,0xff,0xff,0xff,
    0xff,0xff,0xff,0xff,0xff,0xff,0xff,0xff,0xff,0xff,0xff,0xff,0xff,0xff,0xff,0xff,
    0xff,0xff,0xff,0xff,0xff,0xff,0xff,0xff,0xff,0xff,0xff,0xff,0x9a,0xd6,0xe3,0x18,
    0x23,0x21,0x44,0x29,0x24,0x29,0x44,0x29,0x82,0x10,0x65,0x29,0x07,0x42,0xe7,0x41,
    0xe7,0x41,0xe7,0x41,0xe7,0x41,0xe7,0x41,0xe7,0x41,0xe7,0x41,0xe7,0x41,0xe7,0x41,
    0xe6,0x41,0xad,0x7b,0x8d,0x7b,0x28,0x42,0x1c,0xe7,0xff,0xff,0xff,0xff,0xff,0xff,
    0xff,0xff,0xff,0xff,0xff,0xff,0xff,0xff,0xff,0xff,0xff,0xff,0xff,0xff,0xff,0xff,
    0xff,0xff,0xff,0xff,0xff,0xff,0xff,0xff,0xff,0xff,0xff,0xff,0xff,0xff,0xff,0xff,
    0xff,0xff,0xff,0xff,0xff,0xff,0xff,0xff,0xff,0xff,0xff,0xff,0xff,0xff,0xff,0xff,
    0xff,0xff,0xff,0xff,0xff,0xff,0xff,0xff,0xff,0xff,0xff,0xff,0xff,0xff,0xff,0xff,
    0xff,0xff,0xff,0xff,0xff,0xff,0xff,0xff,0xff,0xff,0xff,0xff,0xff,0xff,0xff,0xff,
    0xff,0xff,0xff,0xff,0xff,0xff,0xff,0xff,0xff,0xff,0xff,0xff,0xff,0xff,0xff,0xff,
    0xff,0xff,0xff,0xff,0xff,0xff,0xff,0xff,0xff,0xff,0x7d,0xef,0x08,0x42,0x85,0x31,
    0x07,0x42,0xe7,0x41,0xe7,0x41,0xe7,0x41,0xe7,0x41,0xe7,0x41,0xe7,0x41,0xe7,0x41,
    0xe7,0x41,0xc6,0x41,0x89,0x5a,0xce,0x83,0x85,0x31,0x81,0x10,0x44,0x29,0x44,0x29,
    0x44,0x29,0x65,0x29,0xa2,0x18,0x8a,0x52,0xbe,0xf7,0xff,0xff,0xff,0xff,0xff,0xff,
    0xff,0xff,0xff,0xff,0xff,0xff,0xff,0xff,0xff,0xff,0xff,0xff,0xff,0xff,0xff,0xff,
    0xff,0xff,0xff,0xff,0xff,0xff,0xff,0xff,0xff,0xff,0xff,0xff,0xff,0xff,0xff,0xff,
    0xff,0xff,0xff,0xff,0xff,0xff,0xff,0xff,0xff,0xff,0xff,0xff,0xff,0xff,0xff,0xff,
    0xff,0xff,0xff,0xff,0xff,0xff,0xff,0xff,0xff,0xff,0xff,0xff,0xff,0xff,0xff,0xff,
    0xff,0xff,0xff,0xff,0xff,0xff,0xff,0xff,0xff,0xff,0xff,0xff,0xff,0xff,0xff,0xff,
    0xff,0xff,0xff,0xff,0xff,0xff,0xff,0xff,0xff,0xff,0xf0,0x7b,0x66,0x21,0x09,0x32,
    0x4b,0x3a,0xcc,0x4a,0x4a,0x3a,0x55,0xa5,0xdf,0xff,0xbe,0xf7,0xff,0xff,0xff,0xff,
    0xff,0xff,0xff,0xff,0xff,0xff,0xff,0xff,0xff,0xff,0xff,0xff,0xff,0xff,0xff,0xff,
    0xff,0xff,0xff,0xff,0xff,0xff,0xff,0xff,0xff,0xff,0xff,0xff,0xff,0xff,0xff,0xff,
    0xff,0xff,0xff,0xff,0x38,0xc6,0x2c,0x63,0xd3,0x9c,0xaa,0x52,0x1c,0xe7,0xff,0xff,
    0xff,0xff,0xff,0xff,0xff,0xff,0xff,0xff,0xff,0xff,0xff,0xff,0xff,0xff,0xff,0xff,
    0xff,0xff,0xff,0xff,0xff,0xff,0xff,0xff,0xff,0xff,0xff,0xff,0xff,0xff,0xff,0xff,
    0xff,0xff,0xff,0xff,0xff,0xff,0xff,0xff,0xff,0xff,0xff,0xff,0xff,0xff,0xff,0xff,
    0xff,0xff,0xff,0xff,0xff,0xff,0xff,0xff,0xff,0xff,0xff,0xff,0xff,0xff,0xff,0xff,
    0xff,0xff,0xff,0xff,0xff,0xff,0xff,0xff,0xff,0xff,0xff,0xff,0xff,0xff,0xff,0xff,
    0xff,0xff,0xff,0xff,0xff,0xff,0xff,0xff,0xff,0xff,0xff,0xff,0xff,0xff,0xff,0xff,
    0xff,0xff,0xff,0xff,0xff,0xff,0xff,0xff,0xff,0xff,0xff,0xff,0x79,0xce,0xe3,0x18,
    0x24,0x29,0x24,0x29,0x24,0x29,0x44,0x29,0x82,0x10,0x65,0x29,0x07,0x42,0xe7,0x41,
    0xe7,0x41,0xe7,0x41,0xe7,0x41,0xe7,0x41,0xe7,0x41,0xe7,0x41,0xe7,0x41,0xe7,0x41,
    0xe7,0x41,0xad,0x7b,0x8d,0x73,0x28,0x42,0x3c,0xe7,0xff,0xff,0xff,0xff,0xff,0xff,
    0xff,0xff,0xff,0xff,0xff,0xff,0xff,0xff,0xff,0xff,0xff,0xff,0xff,0xff,0xff,0xff,
    0xff,0xff,0xff,0xff,0xff,0xff,0xff,0xff,0xff,0xff,0xff,0xff,0xff,0xff,0xff,0xff,
    0xff,0xff,0xff,0xff,0xff,0xff,0xff,0xff,0xff,0xff,0xff,0xff,0xff,0xff,0xff,0xff,
    0xff,0xff,0xff,0xff,0xff,0xff,0xff,0xff,0xff,0xff,0xff,0xff,0xff,0xff,0xff,0xff,
    0xff,0xff,0xff,0xff,0xff,0xff,0xff,0xff,0xff,0xff,0xff,0xff,0xff,0xff,0xff,0xff,
    0xff,0xff,0xff,0xff,0xff,0xff,0xff,0xff,0xff,0xff,0xff,0xff,0xff,0xff,0xff,0xff,
    0xff,0xff,0xff,0xff,0xff,0xff,0xff,0xff,0xff,0xff,0x7d,0xef,0x08,0x42,0x65,0x31,
    0x07,0x42,0xe7,0x41,0xe7,0x41,0xe7,0x41,0xe7,0x41,0xe7,0x41,0xe7,0x41,0xe7,0x41,
    0xe7,0x41,0xc6,0x41,0x89,0x5a,0xce,0x83,0x85,0x31,0x81,0x10,0x44,0x29,0x44,0x29,
    0x44,0x29,0x64,0x29,0xa2,0x18,0x8a,0x52,0xbe,0xf7,0xff,0xff,0xff,0xff,0xff,0xff,
    0xff,0xff,0xff,0xff,0xff,0xff,0xff,0xff,0xff,0xff,0xff,0xff,0xff,0xff,0xff,0xff,
    0xff,0xff,0xff,0xff,0xff,0xff,0xff,0xff,0xff,0xff,0xff,0xff,0xff,0xff,0xff,0xff,
    0xff,0xff,0xff,0xff,0xff,0xff,0xff,0xff,0xff,0xff,0xff,0xff,0xff,0xff,0xff,0xff,
    0xff,0xff,0xff,0xff,0xff,0xff,0xff,0xff,0xff,0xff,0xff,0xff,0xff,0xff,0xff,0xff,
    0xff,0xff,0xff,0xff,0xff,0xff,0xff,0xff,0xff,0xff,0xff,0xff,0xff,0xff,0xff,0xff,
    0xff,0xff,0xff,0xff,0xff,0xff,0xff,0xff,0xff,0xff,0x71,0x8c,0x65,0x21,0xec,0x4a,
    0xaf,0x63,0x2d,0x53,0x49,0x3a,0xaf,0x73,0x6e,0x6b,0x14,0xa5,0xff,0xff,0xff,0xff,
    0xff,0xff,0xff,0xff,0xff,0xff,0xff,0xff,0xff,0xff,0xff,0xff,0xff,0xff,0xff,0xff,
    0xff,0xff,0xff,0xff,0xff,0xff,0xff,0xff,0xff,0xff,0xff,0xff,0xff,0xff,0xff,0xff,
    0xff,0xff,0xff,0xff,0x38,0xc6,0x0c,0x63,0xd3,0x9c,0xaa,0x52,0x1c,0xe7,0xff,0xff,
    0xff,0xff,0xff,0xff,0xff,0xff,0xff,0xff,0xff,0xff,0xff,0xff,0xff,0xff,0xff,0xff,
    0xff,0xff,0xff,0xff,0xff,0xff,0xff,0xff,0xff,0xff,0xff,0xff,0xff,0xff,0xff,0xff,
    0xff,0xff,0xff,0xff,0xff,0xff,0xff,0xff,0xff,0xff,0xff,0xff,0xff,0xff,0xff,0xff,
    0xff,0xff,0xff,0xff,0xff,0xff,0xff,0xff,0xff,0xff,0xff,0xff,0xff,0xff,0xff,0xff,
    0xff,0xff,0xff,0xff,0xff,0xff,0xff,0xff,0xff,0xff,0xff,0xff,0xff,0xff,0xff,0xff,
    0xff,0xff,0xff,0xff,0xff,0xff,0xff,0xff,0xff,0xff,0xff,0xff,0xff,0xff,0xff,0xff,
    0xff,0xff,0xff,0xff,0xff,0xff,0xff,0xff,0xff,0xff,0xff,0xff,0x59,0xce,0xc3,0x18,
    0x24,0x29,0x24,0x29,0x24,0x29,0x24,0x29,0x81,0x10,0x65,0x31,0x07,0x42,0xe7,0x41,
    0xe7,0x41,0xe7,0x41,0xe7,0x41,0xe7,0x41,0xe7,0x41,0xe7,0x41,0xe7,0x41,0xe7,0x41,
    0xe7,0x41,0xad,0x7b,0x8d,0x73,0x48,0x42,0x3c,0xe7,0xff,0xff,0xff,0xff,0xff,0xff,
    0xff,0xff,0xff,0xff,0xff,0xff,0xff,0xff,0xff,0xff,0xff,0xff,0xff,0xff,0xff,0xff,
    0xff,0xff,0xff,0xff,0xff,0xff,0xff,0xff,0xff,0xff,0xff,0xff,0xff,0xff,0xff,0xff,
    0xff,0xff,0xff,0xff,0xff,0xff,0xff,0xff,0xff,0xff,0xff,0xff,0xff,0xff,0xff,0xff,
    0xff,0xff,0xff,0xff,0xff,0xff,0xff,0xff,0xff,0xff,0xff,0xff,0xff,0xff,0xff,0xff,
    0xff,0xff,0xff,0xff,0xff,0xff,0xff,0xff,0xff,0xff,0xff,0xff,0xff,0xff,0xff,0xff,
    0xff,0xff,0xff,0xff,0xff,0xff,0xff,0xff,0xff,0xff,0xff,0xff,0xff,0xff,0xff,0xff,
    0xff,0xff,0xff,0xff,0xff,0xff,0xff,0xff,0xff,0xff,0x7d,0xef,0x28,0x42,0x65,0x31,
    0x07,0x42,0xe7,0x41,0xe7,0x41,0xe7,0x41,0xe7,0x41,0xe7,0x41,0xe7,0x41,0xe7,0x41,
    0xe7,0x41,0xc6,0x41,0x89,0x5a,0xce,0x83,0x85,0x31,0x81,0x10,0x44,0x29,0x24,0x29,
    0x44,0x29,0x64,0x31,0xa2,0x18,0x8a,0x52,0xdf,0xff,0xff,0xff,0xff,0xff,0xff,0xff,
    0xff,0xff,0xff,0xff,0xff,0xff,0xff,0xff,0xff,0xff,0xff,0xff,0xff,0xff,0xff,0xff,
    0xff,0xff,0xff,0xff,0xff,0xff,0xff,0xff,0xff,0xff,0xff,0xff,0xff,0xff,0xff,0xff,
    0xff,0xff,0xff,0xff,0xff,0xff,0xff,0xff,0xff,0xff,0xff,0xff,0xff,0xff,0xff,0xff,
    0xff,0xff,0xff,0xff,0xff,0xff,0xff,0xff,0xff,0xff,0xff,0xff,0xff,0xff,0xff,0xff,
    0xff,0xff,0xff,0xff,0xff,0xff,0xff,0xff,0xff,0xff,0xff,0xff,0xff,0xff,0xff,0xff,
    0xff,0xff,0xff,0xff,0xff,0xff,0xff,0xff,0xff,0xff,0x51,0x8c,0x45,0x21,0xab,0x42,
    0x6f,0x5b,0xec,0x4a,0x2d,0x5b,0x72,0x84,0xef,0x7b,0x2c,0x63,0xff,0xff,0xff,0xff,
    0xff,0xff,0xff,0xff,0xff,0xff,0xff,0xff,0xff,0xff,0xff,0xff,0xff,0xff,0xff,0xff,
    0xff,0xff,0xff,0xff,0xff,0xff,0xff,0xff,0xff,0xff,0xff,0xff,0xff,0xff,0xff,0xff,
    0xff,0xff,0xff,0xff,0x59,0xce,0x0c,0x63,0xd3,0x9c,0x8a,0x52,0xfb,0xde,0xff,0xff,
    0xff,0xff,0xff,0xff,0xff,0xff,0xff,0xff,0xff,0xff,0xff,0xff,0xff,0xff,0xff,0xff,
    0xff,0xff,0xff,0xff,0xff,0xff,0xff,0xff,0xff,0xff,0xff,0xff,0xff,0xff,0xff,0xff,
    0xff,0xff,0xff,0xff,0xff,0xff,0xff,0xff,0xff,0xff,0xff,0xff,0xff,0xff,0xff,0xff,
    0xff,0xff,0xff,0xff,0xff,0xff,0xff,0xff,0xff,0xff,0xff,0xff,0xff,0xff,0xff,0xff,
    0xff,0xff,0xff,0xff,0xff,0xff,0xff,0xff,0xff,0xff,0xff,0xff,0xff,0xff,0xff,0xff,
    0xff,0xff,0xff,0xff,0xff,0xff,0xff,0xff,0xff,0xff,0xff,0xff,0xff,0xff,0xff,0xff,
    0xff,0xff,0xff,0xff,0xff,0xff,0xff,0xff,0xff,0xff,0xff,0xff,0x38,0xc6,0xa2,0x18,
    0x24,0x29,0x24,0x29,0x24,0x29,0x24,0x29,0x81,0x10,0x65,0x31,0xe7,0x41,0xe7,0x41,
    0xe7,0x41,0xe7,0x41,0xe7,0x41,0xe7,0x41,0xe7,0x41,0xe7,0x41,0xe7,0x41,0xe7,0x41,
    0xe7,0x41,0x8d,0x7b,0x6d,0x73,0x28,0x42,0x3c,0xe7,0xff,0xff,0xff,0xff,0xff,0xff,
    0xff,0xff,0xff,0xff,0xff,0xff,0xff,0xff,0xff,0xff,0xff,0xff,0xff,0xff,0xff,0xff,
    0xff,0xff,0xff,0xff,0xff,0xff,0xff,0xff,0xff,0xff,0xff,0xff,0xff,0xff,0xff,0xff,
    0xff,0xff,0xff,0xff,0xff,0xff,0xff,0xff,0xff,0xff,0xff,0xff,0xff,0xff,0xff,0xff,
    0xff,0xff,0xff,0xff,0xff,0xff,0xff,0xff,0xff,0xff,0xff,0xff,0xff,0xff,0xff,0xff,
    0xff,0xff,0xff,0xff,0xff,0xff,0xff,0xff,0xff,0xff,0xff,0xff,0xff,0xff,0xff,0xff,
    0xff,0xff,0xff,0xff,0xff,0xff,0xff,0xff,0xff,0xff,0xff,0xff,0xff,0xff,0xff,0xff,
    0xff,0xff,0xff,0xff,0xff,0xff,0xff,0xff,0xff,0xff,0x7d,0xef,0x28,0x42,0x65,0x31,
    0x07,0x42,0xe7,0x41,0xe7,0x41,0xe7,0x41,0xe7,0x41,0xe7,0x41,0xe7,0x41,0xe7,0x41,
    0xe7,0x41,0xc6,0x39,0x89,0x5a,0xce,0x83,0x85,0x31,0x61,0x10,0x44,0x29,0x44,0x29,
    0x44,0x29,0x64,0x31,0xa2,0x10,0xaa,0x52,0xdf,0xff,0xff,0xff,0xff,0xff,0xff,0xff,
    0xff,0xff,0xff,0xff,0xff,0xff,0xff,0xff,0xff,0xff,0xff,0xff,0xff,0xff,0xff,0xff,
    0xff,0xff,0xff,0xff,0xff,0xff,0xff,0xff,0xff,0xff,0xff,0xff,0xff,0xff,0xff,0xff,
    0xff,0xff,0xff,0xff,0xff,0xff,0xff,0xff,0xff,0xff,0xff,0xff,0xff,0xff,0xff,0xff,
    0xff,0xff,0xff,0xff,0xff,0xff,0xff,0xff,0xff,0xff,0xff,0xff,0xff,0xff,0xff,0xff,
    0xff,0xff,0xff,0xff,0xff,0xff,0xff,0xff,0xff,0xff,0xff,0xff,0xff,0xff,0xff,0xff,
    0xff,0xff,0xff,0xff,0xff,0xff,0xff,0xff,0xff,0xff,0x51,0x8c,0x86,0x29,0xcc,0x4a,
    0xaf,0x63,0xec,0x52,0x2d,0x5b,0xaf,0x73,0x2c,0x63,0x4d,0x6b,0xff,0xff,0xff,0xff,
    0xff,0xff,0xff,0xff,0xff,0xff,0xff,0xff,0xff,0xff,0xff,0xff,0xff,0xff,0xff,0xff,
    0xff,0xff,0xff,0xff,0xff,0xff,0xff,0xff,0xff,0xff,0xff,0xff,0xff,0xff,0xff,0xff,
    0xff,0xff,0xff,0xff,0x79,0xce,0x0c,0x63,0xd3,0x9c,0x89,0x52,0xfb,0xde,0xff,0xff,
    0xff,0xff,0xff,0xff,0xff,0xff,0xff,0xff,0xff,0xff,0xff,0xff,0xff,0xff,0xff,0xff,
    0xff,0xff,0xff,0xff,0xff,0xff,0xff,0xff,0xff,0xff,0xff,0xff,0xff,0xff,0xff,0xff,
    0xff,0xff,0xff,0xff,0xff,0xff,0xff,0xff,0xff,0xff,0xff,0xff,0xff,0xff,0xff,0xff,
    0xff,0xff,0xff,0xff,0xff,0xff,0xff,0xff,0xff,0xff,0xff,0xff,0xff,0xff,0xff,0xff,
    0xff,0xff,0xff,0xff,0xff,0xff,0xff,0xff,0xff,0xff,0xff,0xff,0xff,0xff,0xff,0xff,
    0xff,0xff,0xff,0xff,0xff,0xff,0xff,0xff,0xff,0xff,0xff,0xff,0xff,0xff,0xff,0xff,
    0xff,0xff,0xff,0xff,0xff,0xff,0xff,0xff,0xff,0xff,0xff,0xff,0x18,0xc6,0xa2,0x10,
    0x24,0x29,0x24,0x29,0x24,0x29,0x24,0x29,0x81,0x10,0x65,0x31,0xe7,0x41,0xe7,0x41,
    0xe7,0x41,0xe7,0x41,0xe7,0x41,0xe7,0x41,0xe7,0x41,0xe7,0x41,0xe7,0x41,0xe7,0x41,
    0xe7,0x41,0xad,0x7b,0x6d,0x73,0x28,0x42,0x5c,0xef,0xff,0xff,0xff,0xff,0xff,0xff,
    0xff,0xff,0xff,0xff,0xff,0xff,0xff,0xff,0xff,0xff,0xff,0xff,0xff,0xff,0xff,0xff,
    0xff,0xff,0xff,0xff,0xff,0xff,0xff,0xff,0xff,0xff,0xff,0xff,0xff,0xff,0xff,0xff,
    0xff,0xff,0xff,0xff,0xff,0xff,0xff,0xff,0xff,0xff,0xff,0xff,0xff,0xff,0xff,0xff,
    0xff,0xff,0xff,0xff,0xff,0xff,0xff,0xff,0xff,0xff,0xff,0xff,0xff,0xff,0xff,0xff,
    0xff,0xff,0xff,0xff,0xff,0xff,0xff,0xff,0xff,0xff,0xff,0xff,0xff,0xff,0xff,0xff,
    0xff,0xff,0xff,0xff,0xff,0xff,0xff,0xff,0xff,0xff,0xff,0xff,0xff,0xff,0xff,0xff,
    0xff,0xff,0xff,0xff,0xff,0xff,0xff,0xff,0xff,0xff,0x7d,0xef,0x28,0x42,0x65,0x31,
    0x07,0x42,0xe7,0x41,0xe7,0x41,0xe7,0x41,0xe7,0x41,0xe7,0x41,0xe7,0x41,0xe7,0x41,
    0xe7,0x41,0xc6,0x41,0x89,0x5a,0xce,0x83,0x85,0x31,0x81,0x10,0x44,0x29,0x44,0x29,
    0x44,0x29,0x64,0x31,0xa2,0x10,0xaa,0x52,0xdf,0xff,0xff,0xff,0xff,0xff,0xff,0xff,
    0xff,0xff,0xff,0xff,0xff,0xff,0xff,0xff,0xff,0xff,0xff,0xff,0xff,0xff,0xff,0xff,
    0xff,0xff,0xff,0xff,0xff,0xff,0xff,0xff,0xff,0xff,0xff,0xff,0xff,0xff,0xff,0xff,
    0xff,0xff,0xff,0xff,0xff,0xff,0xff,0xff,0xff,0xff,0xff,0xff,0xff,0xff,0xff,0xff,
    0xff,0xff,0xff,0xff,0xff,0xff,0xff,0xff,0xff,0xff,0xff,0xff,0xff,0xff,0xff,0xff,
    0xff,0xff,0xff,0xff,0xff,0xff,0xff,0xff,0xff,0xff,0xff,0xff,0xff,0xff,0xff,0xff,
    0xff,0xff,0xff,0xff,0xff,0xff,0xff,0xff,0xff,0xff,0x51,0x8c,0xc7,0x31,0x29,0x3a,
    0x6a,0x42,0xcc,0x52,0xab,0x52,0xcf,0x73,0x34,0xa5,0x59,0xce,0xff,0xff,0xff,0xff,
    0xff,0xff,0xff,0xff,0xff,0xff,0xff,0xff,0xff,0xff,0xff,0xff,0xff,0xff,0xff,0xff,
    0xff,0xff,0xff,0xff,0xff,0xff,0xff,0xff,0xff,0xff,0xff,0xff,0xff,0xff,0xff,0xff,
    0xff,0xff,0xff,0xff,0x79,0xce,0x0c,0x63,0xd3,0x9c,0x89,0x52,0xfb,0xde,0xff,0xff,
    0xff,0xff,0xff,0xff,0xff,0xff,0xff,0xff,0xff,0xff,0xff,0xff,0xff,0xff,0xff,0xff,
    0xff,0xff,0xff,0xff,0xff,0xff,0xff,0xff,0xff,0xff,0xff,0xff,0xff,0xff,0xff,0xff,
    0xff,0xff,0xff,0xff,0xff,0xff,0xff,0xff,0xff,0xff,0xff,0xff,0xff,0xff,0xff,0xff,
    0xff,0xff,0xff,0xff,0xff,0xff,0xff,0xff,0xff,0xff,0xff,0xff,0xff,0xff,0xff,0xff,
    0xff,0xff,0xff,0xff,0xff,0xff,0xff,0xff,0xff,0xff,0xff,0xff,0xff,0xff,0xff,0xff,
    0xff,0xff,0xff,0xff,0xff,0xff,0xff,0xff,0xff,0xff,0xff,0xff,0xff,0xff,0xff,0xff,
    0xff,0xff,0xff,0xff,0xff,0xff,0xff,0xff,0xff,0xff,0xff,0xff,0xf7,0xbd,0x82,0x10,
    0x44,0x29,0x24,0x29,0x24,0x29,0x24,0x29,0x81,0x10,0x65,0x31,0xe7,0x41,0xe7,0x41,
    0xe7,0x41,0xe7,0x41,0xe7,0x41,0xe7,0x41,0xe7,0x41,0xe7,0x41,0xe7,0x41,0xe7,0x41,
    0xe7,0x41,0xad,0x7b,0x6c,0x73,0x28,0x42,0x5d,0xef,0xff,0xff,0xff,0xff,0xff,0xff,
    0xff,0xff,0xff,0xff,0xff,0xff,0xff,0xff,0xff,0xff,0xff,0xff,0xff,0xff,0xff,0xff,
    0xff,0xff,0xff,0xff,0xff,0xff,0xff,0xff,0xff,0xff,0xff,0xff,0xff,0xff,0xff,0xff,
    0xff,0xff,0xff,0xff,0xff,0xff,0xff,0xff,0xff,0xff,0xff,0xff,0xff,0xff,0xff,0xff,
    0xff,0xff,0xff,0xff,0xff,0xff,0xff,0xff,0xff,0xff,0xff,0xff,0xff,0xff,0xff,0xff,
    0xff,0xff,0xff,0xff,0xff,0xff,0xff,0xff,0xff,0xff,0xff,0xff,0xff,0xff,0xff,0xff,
    0xff,0xff,0xff,0xff,0xff,0xff,0xff,0xff,0xff,0xff,0xff,0xff,0xff,0xff,0xff,0xff,
    0xff,0xff,0xff,0xff,0xff,0xff,0xff,0xff,0xff,0xff,0x9e,0xf7,0x28,0x42,0x64,0x29,
    0x07,0x42,0xe7,0x41,0xe7,0x41,0xe7,0x41,0xe7,0x41,0xe7,0x41,0xe7,0x41,0xe7,0x41,
    0xe7,0x41,0xc6,0x41,0x89,0x5a,0xce,0x83,0x85,0x31,0x61,0x10,0x44,0x29,0x44,0x29,
    0x44,0x29,0x64,0x31,0xa2,0x10,0xca,0x5a,0xdf,0xff,0xff,0xff,0xff,0xff,0xff,0xff,
    0xff,0xff,0xff,0xff,0xff,0xff,0xff,0xff,0xff,0xff,0xff,0xff,0xff,0xff,0xff,0xff,
    0xff,0xff,0xff,0xff,0xff,0xff,0xff,0xff,0xff,0xff,0xff,0xff,0xff,0xff,0xff,0xff,
    0xff,0xff,0xff,0xff,0xff,0xff,0xff,0xff,0xff,0xff,0xff,0xff,0xff,0xff,0xff,0xff,
    0xff,0xff,0xff,0xff,0xff,0xff,0xff,0xff,0xff,0xff,0xff,0xff,0xff,0xff,0xff,0xff,
    0xff,0xff,0xff,0xff,0xff,0xff,0xff,0xff,0xff,0xff,0xff,0xff,0xff,0xff,0xff,0xff,
    0xff,0xff,0xff,0xff,0xff,0xff,0xff,0xff,0xff,0xff,0x51,0x84,0x4d,0x63,0xcf,0x73,
    0x6e,0x6b,0x10,0x7c,0x2d,0x63,0x50,0x8c,0xff,0xff,0xff,0xff,0xff,0xff,0xff,0xff,
    0xff,0xff,0xff,0xff,0xff,0xff,0xff,0xff,0xff,0xff,0xff,0xff,0xff,0xff,0xff,0xff,
    0xff,0xff,0xff,0xff,0xff,0xff,0xff,0xff,0xff,0xff,0xff,0xff,0xff,0xff,0xff,0xff,
    0xff,0xff,0xff,0xff,0x7a,0xce,0x0c,0x63,0xd3,0x9c,0x69,0x4a,0xdb,0xde,0xff,0xff,
    0xff,0xff,0xff,0xff,0xff,0xff,0xff,0xff,0xff,0xff,0xff,0xff,0xff,0xff,0xff,0xff,
    0xff,0xff,0xff,0xff,0xff,0xff,0xff,0xff,0xff,0xff,0xff,0xff,0xff,0xff,0xff,0xff,
    0xff,0xff,0xff,0xff,0xff,0xff,0xff,0xff,0xff,0xff,0xff,0xff,0xff,0xff,0xff,0xff,
    0xff,0xff,0xff,0xff,0xff,0xff,0xff,0xff,0xff,0xff,0xff,0xff,0xff,0xff,0xff,0xff,
    0xff,0xff,0xff,0xff,0xff,0xff,0xff,0xff,0xff,0xff,0xff,0xff,0xff,0xff,0xff,0xff,
    0xff,0xff,0xff,0xff,0xff,0xff,0xff,0xff,0xff,0xff,0xff,0xff,0xff,0xff,0xff,0xff,
    0xff,0xff,0xff,0xff,0xff,0xff,0xff,0xff,0xff,0xff,0xff,0xff,0xf7,0xbd,0x82,0x10,
    0x24,0x29,0x24,0x29,0x24,0x29,0x24,0x29,0x81,0x10,0x65,0x31,0x07,0x42,0xe7,0x41,
    0xe7,0x41,0xe7,0x41,0xe7,0x41,0xe7,0x41,0xe7,0x41,0xe7,0x41,0xe7,0x41,0xe7,0x41,
    0xe7,0x41,0xad,0x7b,0x4c,0x73,0x48,0x4a,0x7d,0xef,0xff,0xff,0xff,0xff,0xff,0xff,
    0xff,0xff,0xff,0xff,0xff,0xff,0xff,0xff,0xff,0xff,0xff,0xff,0xff,0xff,0xff,0xff,
    0xff,0xff,0xff,0xff,0xff,0xff,0xff,0xff,0xff,0xff,0xff,0xff,0xff,0xff,0xff,0xff,
    0xff,0xff,0xff,0xff,0xff,0xff,0xff,0xff,0xff,0xff,0xff,0xff,0xff,0xff,0xff,0xff,
    0xff,0xff,0xff,0xff,0xff,0xff,0xff,0xff,0xff,0xff,0xff,0xff,0xff,0xff,0xff,0xff,
    0xff,0xff,0xff,0xff,0xff,0xff,0xff,0xff,0xff,0xff,0xff,0xff,0xff,0xff,0xff,0xff,
    0xff,0xff,0xff,0xff,0xff,0xff,0xff,0xff,0xff,0xff,0xff,0xff,0xff,0xff,0xff,0xff,
    0xff,0xff,0xff,0xff,0xff,0xff,0xff,0xff,0xff,0xff,0x9e,0xf7,0x48,0x4a,0x44,0x29,
    0x07,0x42,0xe7,0x41,0xe7,0x41,0xe7,0x41,0xe7,0x41,0xe7,0x41,0xe7,0x41,0xe7,0x41,
    0xe7,0x41,0xc6,0x41,0x89,0x5a,0xce,0x83,0x85,0x31,0x61,0x10,0x44,0x29,0x44,0x29,
    0x44,0x29,0x64,0x31,0xa1,0x10,0xca,0x5a,0xdf,0xff,0xff,0xff,0xff,0xff,0xff,0xff,
    0xff,0xff,0xff,0xff,0xff,0xff,0xff,0xff,0xff,0xff,0xff,0xff,0xff,0xff,0xff,0xff,
    0xff,0xff,0xff,0xff,0xff,0xff,0xff,0xff,0xff,0xff,0xff,0xff,0xff,0xff,0xff,0xff,
    0xff,0xff,0xff,0xff,0xff,0xff,0xff,0xff,0xff,0xff,0xff,0xff,0xff,0xff,0xff,0xff,
    0xff,0xff,0xff,0xff,0xff,0xff,0xff,0xff,0xff,0xff,0xff,0xff,0xff,0xff,0xff,0xff,
    0xff,0xff,0xff,0xff,0xff,0xff,0xff,0xff,0xff,0xff,0xff,0xff,0xff,0xff,0xff,0xff,
    0xff,0xff,0xff,0xff,0xff,0xff,0xff,0xff,0xff,0xff,0x71,0x8c,0xae,0x73,0x92,0x8c,
    0x71,0x8c,0x91,0x8c,0x8e,0x6b,0x10,0x84,0xff,0xff,0xff,0xff,0xff,0xff,0xff,0xff,
    0xff,0xff,0xff,0xff,0xff,0xff,0xff,0xff,0xff,0xff,0xff,0xff,0xff,0xff,0xff,0xff,
    0xff,0xff,0xff,0xff,0xff,0xff,0xff,0xff,0xff,0xff,0xff,0xff,0xff,0xff,0xff,0xff,
    0xff,0xff,0xff,0xff,0x9a,0xd6,0x0c,0x63,0xd3,0x9c,0x8a,0x52,0xdb,0xde,0xff,0xff,
    0xff,0xff,0xff,0xff,0xff,0xff,0xff,0xff,0xff,0xff,0xff,0xff,0xff,0xff,0xff,0xff,
    0xff,0xff,0xff,0xff,0xff,0xff,0xff,0xff,0xff,0xff,0xff,0xff,0xff,0xff,0xff,0xff,
    0xff,0xff,0xff,0xff,0xff,0xff,0xff,0xff,0xff,0xff,0xff,0xff,0xff,0xff,0xff,0xff,
    0xff,0xff,0xff,0xff,0xff,0xff,0xff,0xff,0xff,0xff,0xff,0xff,0xff,0xff,0xff,0xff,
    0xff,0xff,0xff,0xff,0xff,0xff,0xff,0xff,0xff,0xff,0xff,0xff,0xff,0xff,0xff,0xff,
    0xff,0xff,0xff,0xff,0xff,0xff,0xff,0xff,0xff,0xff,0xff,0xff,0xff,0xff,0xff,0xff,
    0xff,0xff,0xff,0xff,0xff,0xff,0xff,0xff,0xff,0xff,0xff,0xff,0xd7,0xbd,0x81,0x10,
    0x44,0x29,0x24,0x29,0x24,0x29,0x24,0x29,0x61,0x10,0x85,0x31,0x07,0x42,0xe7,0x41,
    0xe7,0x41,0xe7,0x41,0xe7,0x41,0xe7,0x41,0xe7,0x41,0xe7,0x41,0xe7,0x41,0xe7,0x41,
    0xe7,0x41,0xad,0x7b,0x6c,0x73,0x69,0x4a,0x7d,0xef,0xff,0xff,0xff,0xff,0xff,0xff,
    0xff,0xff,0xff,0xff,0xff,0xff,0xff,0xff,0xff,0xff,0xff,0xff,0xff,0xff,0xff,0xff,
    0xff,0xff,0xff,0xff,0xff,0xff,0xff,0xff,0xff,0xff,0xff,0xff,0xff,0xff,0xff,0xff,
    0xff,0xff,0xff,0xff,0xff,0xff,0xff,0xff,0xff,0xff,0xff,0xff,0xff,0xff,0xff,0xff,
    0xff,0xff,0xff,0xff,0xff,0xff,0xff,0xff,0xff,0xff,0xff,0xff,0xff,0xff,0xff,0xff,
    0xff,0xff,0xff,0xff,0xff,0xff,0xff,0xff,0xff,0xff,0xff,0xff,0xff,0xff,0xff,0xff,
    0xff,0xff,0xff,0xff,0xff,0xff,0xff,0xff,0xff,0xff,0xff,0xff,0xff,0xff,0xff,0xff,
    0xff,0xff,0xff,0xff,0xff,0xff,0xff,0xff,0xff,0xff,0xbe,0xf7,0x49,0x4a,0x44,0x31,
    0x07,0x42,0xe7,0x41,0xe7,0x41,0xe7,0x41,0xe7,0x41,0xe7,0x41,0xe7,0x41,0xe7,0x41,
    0xe7,0x41,0xc6,0x41,0x89,0x5a,0xce,0x83,0x85,0x31,0x61,0x08,0x44,0x29,0x24,0x29,
    0x44,0x29,0x64,0x31,0x81,0x10,0xcb,0x5a,0xdf,0xff,0xff,0xff,0xff,0xff,0xff,0xff,
    0xff,0xff,0xff,0xff,0xff,0xff,0xff,0xff,0xff,0xff,0xff,0xff,0xff,0xff,0xff,0xff,
    0xff,0xff,0xff,0xff,0xff,0xff,0xff,0xff,0xff,0xff,0xff,0xff,0xff,0xff,0xff,0xff,
    0xff,0xff,0xff,0xff,0xff,0xff,0xff,0xff,0xff,0xff,0xff,0xff,0xff,0xff,0xff,0xff,
    0xff,0xff,0xff,0xff,0xff,0xff,0xff,0xff,0xff,0xff,0xff,0xff,0xff,0xff,0xff,0xff,
    0xff,0xff,0xff,0xff,0xff,0xff,0xff,0xff,0xff,0xff,0xff,0xff,0xff,0xff,0xff,0xff,
    0xff,0xff,0xff,0xff,0xff,0xff,0xff,0xff,0xff,0xff,0x71,0x8c,0xae,0x73,0x92,0x8c,
    0x71,0x8c,0xb2,0x94,0x0c,0x5b,0x50,0x84,0xff,0xff,0xff,0xff,0xff,0xff,0xff,0xff,
    0xff,0xff,0xff,0xff,0xff,0xff,0xff,0xff,0xff,0xff,0xff,0xff,0xff,0xff,0xff,0xff,
    0xff,0xff,0xff,0xff,0xff,0xff,0xff,0xff,0xff,0xff,0xff,0xff,0xff,0xff,0xff,0xff,
    0xff,0xff,0xff,0xff,0x9a,0xd6,0xeb,0x5a,0xd3,0x9c,0x8a,0x52,0xdb,0xde,0xff,0xff,
    0xff,0xff,0xff,0xff,0xff,0xff,0xff,0xff,0xff,0xff,0xff,0xff,0xff,0xff,0xff,0xff,
    0xff,0xff,0xff,0xff,0xff,0xff,0xff,0xff,0xff,0xff,0xff,0xff,0xff,0xff,0xff,0xff,
    0xff,0xff,0xff,0xff,0xff,0xff,0xff,0xff,0xff,0xff,0xff,0xff,0xff,0xff,0xff,0xff,
    0xff,0xff,0xff,0xff,0xff,0xff,0xff,0xff,0xff,0xff,0xff,0xff,0xff,0xff,0xff,0xff,
    0xff,0xff,0xff,0xff,0xff,0xff,0xff,0xff,0xff,0xff,0xff,0xff,0xff,0xff,0xff,0xff,
    0xff,0xff,0xff,0xff,0xff,0xff,0xff,0xff,0xff,0xff,0xff,0xff,0xff,0xff,0xff,0xff,
    0xff,0xff,0xff,0xff,0xff,0xff,0xff,0xff,0xff,0xff,0xff,0xff,0xb6,0xb5,0x61,0x10,
    0x44,0x29,0x24,0x29,0x24,0x29,0x24,0x29,0x81,0x10,0x86,0x31,0x07,0x42,0xe7,0x41,
    0xe7,0x41,0xe7,0x41,0xe7,0x41,0xe7,0x41,0xe7,0x41,0xe7,0x41,0xe7,0x41,0xe7,0x41,
    0xe7,0x41,0xad,0x7b,0x6c,0x73,0x69,0x4a,0x7d,0xef,0xff,0xff,0xff,0xff,0xff,0xff,
    0xff,0xff,0xff,0xff,0xff,0xff,0xff,0xff,0xff,0xff,0xff,0xff,0xff,0xff,0xff,0xff,
    0xff,0xff,0xff,0xff,0xff,0xff,0xff,0xff,0xff,0xff,0xff,0xff,0xff,0xff,0xff,0xff,
    0xff,0xff,0xff,0xff,0xff,0xff,0xff,0xff,0xff,0xff,0xff,0xff,0xff,0xff,0xff,0xff,
    0xff,0xff,0xff,0xff,0xff,0xff,0xff,0xff,0xff,0xff,0xff,0xff,0xff,0xff,0xff,0xff,
    0xff,0xff,0xff,0xff,0xff,0xff,0xff,0xff,0xff,0xff,0xff,0xff,0xff,0xff,0xff,0xff,
    0xff,0xff,0xff,0xff,0xff,0xff,0xff,0xff,0xff,0xff,0xff,0xff,0xff,0xff,0xff,0xff,
    0xff,0xff,0xff,0xff,0xff,0xff,0xff,0xff,0xff,0xff,0xbf,0xf7,0x69,0x4a,0x44,0x29,
    0x07,0x42,0xe7,0x41,0xe7,0x41,0xe7,0x41,0xe7,0x41,0xe7,0x41,0xe7,0x41,0xe7,0x41,
    0xe7,0x41,0xc6,0x41,0x89,0x5a,0xce,0x7b,0x85,0x31,0x61,0x08,0x44,0x29,0x24,0x29,
    0x44,0x29,0x64,0x31,0x81,0x10,0xcb,0x5a,0xff,0xff,0xff,0xff,0xff,0xff,0xff,0xff,
    0xff,0xff,0xff,0xff,0xff,0xff,0xff,0xff,0xff,0xff,0xff,0xff,0xff,0xff,0xff,0xff,
    0xff,0xff,0xff,0xff,0xff,0xff,0xff,0xff,0xff,0xff,0xff,0xff,0xff,0xff,0xff,0xff,
    0xff,0xff,0xff,0xff,0xff,0xff,0xff,0xff,0xff,0xff,0xff,0xff,0xff,0xff,0xff,0xff,
    0xff,0xff,0xff,0xff,0xff,0xff,0xff,0xff,0xff,0xff,0xff,0xff,0xff,0xff,0xff,0xff,
    0xff,0xff,0xff,0xff,0xff,0xff,0xff,0xff,0xff,0xff,0xff,0xff,0xff,0xff,0xff,0xff,
    0xff,0xff,0xff,0xff,0xff,0xff,0xff,0xff,0xff,0xff,0x55,0xad,0x69,0x4a,0xeb,0x5a,
    0x0c,0x63,0xaa,0x52,0x2c,0x63,0x9a,0xd6,0xff,0xff,0xff,0xff,0xff,0xff,0xff,0xff,
    0xff,0xff,0xff,0xff,0xff,0xff,0xff,0xff,0xff,0xff,0xff,0xff,0xff,0xff,0xff,0xff,
    0xff,0xff,0xff,0xff,0xff,0xff,0xff,0xff,0xff,0xff,0xff,0xff,0xff,0xff,0xff,0xff,
    0xff,0xff,0xff,0xff,0x9a,0xd6,0xeb,0x5a,0xf3,0x9c,0x8a,0x52,0xdb,0xde,0xff,0xff,
    0xff,0xff,0xff,0xff,0xff,0xff,0xff,0xff,0xff,0xff,0xff,0xff,0xff,0xff,0xff,0xff,
    0xff,0xff,0xff,0xff,0xff,0xff,0xff,0xff,0xff,0xff,0xff,0xff,0xff,0xff,0xff,0xff,
    0xff,0xff,0xff,0xff,0xff,0xff,0xff,0xff,0xff,0xff,0xff,0xff,0xff,0xff,0xff,0xff,
    0xff,0xff,0xff,0xff,0xff,0xff,0xff,0xff,0xff,0xff,0xff,0xff,0xff,0xff,0xff,0xff,
    0xff,0xff,0xff,0xff,0xff,0xff,0xff,0xff,0xff,0xff,0xff,0xff,0xff,0xff,0xff,0xff,
    0xff,0xff,0xff,0xff,0xff,0xff,0xff,0xff,0xff,0xff,0xff,0xff,0xff,0xff,0xff,0xff,
    0xff,0xff,0xff,0xff,0xff,0xff,0xff,0xff,0xff,0xff,0xff,0xff,0x96,0xb5,0x61,0x08,
    0x44,0x29,0x24,0x29,0x24,0x29,0x24,0x29,0x81,0x10,0x86,0x31,0xe7,0x41,0xe7,0x41,
    0xe7,0x41,0xe7,0x41,0xe7,0x41,0xe7,0x41,0xe7,0x41,0xe7,0x41,0xe7,0x41,0xe7,0x41,
    0xe7,0x41,0xad,0x7b,0x4c,0x73,0x69,0x4a,0x7d,0xf7,0xff,0xff,0xff,0xff,0xff,0xff,
    0xff,0xff,0xff,0xff,0xff,0xff,0xff,0xff,0xff,0xff,0xff,0xff,0xff,0xff,0xff,0xff,
    0xff,0xff,0xff,0xff,0xff,0xff,0xff,0xff,0xff,0xff,0xff,0xff,0xff,0xff,0xff,0xff,
    0xff,0xff,0xff,0xff,0xff,0xff,0xff,0xff,0xff,0xff,0xff,0xff,0xff,0xff,0xff,0xff,
    0xff,0xff,0xff,0xff,0xff,0xff,0xff,0xff,0xff,0xff,0xff,0xff,0xff,0xff,0xff,0xff,
    0xff,0xff,0xff,0xff,0xff,0xff,0xff,0xff,0xff,0xff,0xff,0xff,0xff,0xff,0xff,0xff,
    0xff,0xff,0xff,0xff,0xff,0xff,0xff,0xff,0xff,0xff,0xff,0xff,0xff,0xff,0xff,0xff,
    0xff,0xff,0xff,0xff,0xff,0xff,0xff,0xff,0xff,0xff,0xdf,0xff,0x69,0x52,0x44,0x29,
    0x07,0x42,0xe7,0x41,0xe7,0x41,0xe7,0x41,0xe7,0x41,0xe7,0x41,0xe7,0x41,0xe7,0x41,
    0xe7,0x41,0xc6,0x41,0x89,0x5a,0xae,0x7b,0x85,0x31,0x61,0x08,0x44,0x29,0x24,0x29,
    0x44,0x29,0x64,0x31,0x81,0x10,0xeb,0x5a,0xff,0xff,0xff,0xff,0xff,0xff,0xff,0xff,
    0xff,0xff,0xff,0xff,0xff,0xff,0xff,0xff,0xff,0xff,0xff,0xff,0xff,0xff,0xff,0xff,
    0xff,0xff,0xff,0xff,0xff,0xff,0xff,0xff,0xff,0xff,0xff,0xff,0xff,0xff,0xff,0xff,
    0xff,0xff,0xff,0xff,0xff,0xff,0xff,0xff,0xff,0xff,0xff,0xff,0xff,0xff,0xff,0xff,
    0xff,0xff,0xff,0xff,0xff,0xff,0xff,0xff,0xff,0xff,0xff,0xff,0xff,0xff,0xff,0xff,
    0xff,0xff,0xff,0xff,0xff,0xff,0xff,0xff,0xff,0xff,0xff,0xff,0xff,0xff,0xff,0xff,
    0xff,0xff,0xff,0xff,0xff,0xff,0xff,0xff,0xff,0xff,0xdf,0xff,0x18,0xc6,0xd3,0x9c,
    0xd3,0x94,0xd6,0xb5,0xbe,0xf7,0xff,0xff,0xff,0xff,0xff,0xff,0xff,0xff,0xff,0xff,
    0xff,0xff,0xff,0xff,0xff,0xff,0xff,0xff,0xff,0xff,0xff,0xff,0xff,0xff,0xff,0xff,
    0xff,0xff,0xff,0xff,0xff,0xff,0xff,0xff,0xff,0xff,0xff,0xff,0xff,0xff,0xff,0xff,
    0xff,0xff,0xff,0xff,0xba,0xd6,0x0c,0x63,0xd3,0x9c,0x8a,0x52,0xdb,0xde,0xff,0xff,
    0xff,0xff,0xff,0xff,0xff,0xff,0xff,0xff,0xff,0xff,0xff,0xff,0xff,0xff,0xff,0xff,
    0xff,0xff,0xff,0xff,0xff,0xff,0xff,0xff,0xff,0xff,0xff,0xff,0xff,0xff,0xff,0xff,
    0xff,0xff,0xff,0xff,0xff,0xff,0xff,0xff,0xff,0xff,0xff,0xff,0xff,0xff,0xff,0xff,
    0xff,0xff,0xff,0xff,0xff,0xff,0xff,0xff,0xff,0xff,0xff,0xff,0xff,0xff,0xff,0xff,
    0xff,0xff,0xff,0xff,0xff,0xff,0xff,0xff,0xff,0xff,0xff,0xff,0xff,0xff,0xff,0xff,
    0xff,0xff,0xff,0xff,0xff,0xff,0xff,0xff,0xff,0xff,0xff,0xff,0xff,0xff,0xff,0xff,
    0xff,0xff,0xff,0xff,0xff,0xff,0xff,0xff,0xff,0xff,0xff,0xff,0x75,0xad,0x41,0x08,
    0x44,0x29,0x24,0x29,0x24,0x29,0x24,0x29,0x81,0x10,0xa6,0x39,0xe7,0x41,0xe7,0x41,
    0xe7,0x41,0xe7,0x41,0xe7,0x41,0xe7,0x41,0xe7,0x41,0xe7,0x41,0xe7,0x41,0xe7,0x41,
    0xe7,0x41,0xad,0x7b,0x4c,0x73,0x89,0x52,0x7e,0xf7,0xff,0xff,0xff,0xff,0xff,0xff,
    0xff,0xff,0xff,0xff,0xff,0xff,0xff,0xff,0xff,0xff,0xff,0xff,0xff,0xff,0xff,0xff,
    0xff,0xff,0xff,0xff,0xff,0xff,0xff,0xff,0xff,0xff,0xff,0xff,0xff,0xff,0xff,0xff,
    0xff,0xff,0xff,0xff,0xff,0xff,0xff,0xff,0xff,0xff,0xff,0xff,0xff,0xff,0xff,0xff,
    0xff,0xff,0xff,0xff,0xff,0xff,0xff,0xff,0xff,0xff,0xff,0xff,0xff,0xff,0xff,0xff,
    0xff,0xff,0xff,0xff,0xff,0xff,0xff,0xff,0xff,0xff,0xff,0xff,0xff,0xff,0xff,0xff,
    0xff,0xff,0xff,0xff,0xff,0xff,0xff,0xff,0xff,0xff,0xff,0xff,0xff,0xff,0xff,0xff,
    0xff,0xff,0xff,0xff,0xff,0xff,0xff,0xff,0xff,0xff,0xdf,0xff,0x89,0x52,0x44,0x29,
    0x07,0x42,0xe7,0x41,0xe7,0x41,0xe7,0x41,0xe7,0x41,0xe7,0x41,0xe7,0x41,0x07,0x42,
    0xe7,0x41,0xe6,0x41,0x89,0x5a,0xce,0x83,0x85,0x31,0x61,0x08,0x44,0x29,0x24,0x29,
    0x44,0x29,0x64,0x29,0x81,0x10,0xeb,0x5a,0xff,0xff,0xff,0xff,0xff,0xff,0xff,0xff,
    0xff,0xff,0xff,0xff,0xff,0xff,0xff,0xff,0xff,0xff,0xff,0xff,0xff,0xff,0xff,0xff,
    0xff,0xff,0xff,0xff,0xff,0xff,0xff,0xff,0xff,0xff,0xff,0xff,0xff,0xff,0xff,0xff,
    0xff,0xff,0xff,0xff,0xff,0xff,0xff,0xff,0xff,0xff,0xff,0xff,0xff,0xff,0xff,0xff,
    0xff,0xff,0xff,0xff,0xff,0xff,0xff,0xff,0xff,0xff,0xff,0xff,0xff,0xff,0xff,0xff,
    0xff,0xff,0xff,0xff,0xff,0xff,0xff,0xff,0xff,0xff,0xff,0xff,0xff,0xff,0xff,0xff,
    0xff,0xff,0xff,0xff,0xff,0xff,0xff,0xff,0xff,0xff,0xff,0xff,0xff,0xff,0xff,0xff,
    0xff,0xff,0xff,0xff,0xff,0xff,0xff,0xff,0xff,0xff,0xff,0xff,0xff,0xff,0xff,0xff,
    0xff,0xff,0xff,0xff,0xff,0xff,0xff,0xff,0xff,0xff,0xff,0xff,0xff,0xff,0xff,0xff,
    0xff,0xff,0xff,0xff,0xff,0xff,0xff,0xff,0xff,0xff,0xff,0xff,0xff,0xff,0xff,0xff,
    0xff,0xff,0xff,0xff,0xba,0xd6,0x0c,0x63,0xd3,0x9c,0x8a,0x52,0xba,0xd6,0xff,0xff,
    0xff,0xff,0xff,0xff,0xff,0xff,0xff,0xff,0xff,0xff,0xff,0xff,0xff,0xff,0xff,0xff,
    0xff,0xff,0xff,0xff,0xff,0xff,0xff,0xff,0xff,0xff,0xff,0xff,0xff,0xff,0xff,0xff,
    0xff,0xff,0xff,0xff,0xff,0xff,0xff,0xff,0xff,0xff,0xff,0xff,0xff,0xff,0xff,0xff,
    0xff,0xff,0xff,0xff,0xff,0xff,0xff,0xff,0xff,0xff,0xff,0xff,0xff,0xff,0xff,0xff,
    0xff,0xff,0xff,0xff,0xff,0xff,0xff,0xff,0xff,0xff,0xff,0xff,0xff,0xff,0xff,0xff,
    0xff,0xff,0xff,0xff,0xff,0xff,0xff,0xff,0xff,0xff,0xff,0xff,0xff,0xff,0xff,0xff,
    0xff,0xff,0xff,0xff,0xff,0xff,0xff,0xff,0xdf,0xff,0xff,0xff,0x54,0xad,0x40,0x08,
    0x44,0x29,0x24,0x29,0x24,0x29,0x24,0x29,0x81,0x10,0xa6,0x31,0x07,0x42,0xe7,0x41,
    0xe7,0x41,0xe7,0x41,0xe7,0x41,0xe7,0x41,0xe7,0x41,0xe7,0x41,0xe7,0x41,0xe7,0x41,
    0x07,0x42,0xcd,0x7b,0x4c,0x6b,0x89,0x52,0x9e,0xf7,0xff,0xff,0xff,0xff,0xff,0xff,
    0xff,0xff,0xff,0xff,0xff,0xff,0xff,0xff,0xff,0xff,0xff,0xff,0xff,0xff,0xff,0xff,
    0xff,0xff,0xff,0xff,0xff,0xff,0xff,0xff,0xff,0xff,0xff,0xff,0xff,0xff,0xff,0xff,
    0xff,0xff,0xff,0xff,0xff,0xff,0xff,0xff,0xff,0xff,0xff,0xff,0xff,0xff,0xff,0xff,
    0xff,0xff,0xff,0xff,0xff,0xff,0xff,0xff,0xff,0xff,0xff,0xff,0xff,0xff,0xff,0xff,
    0xff,0xff,0xff,0xff,0xff,0xff,0xff,0xff,0xff,0xff,0xff,0xff,0xff,0xff,0xff,0xff,
    0xff,0xff,0xff,0xff,0xff,0xff,0xff,0xff,0xff,0xff,0xff,0xff,0xff,0xff,0xff,0xff,
    0xff,0xff,0xff,0xff,0xff,0xff,0xff,0xff,0xff,0xff,0xdf,0xff,0xaa,0x52,0x44,0x29,
    0x07,0x42,0xe7,0x41,0xe7,0x41,0xe7,0x41,0xe7,0x41,0xe7,0x41,0xe7,0x41,0x07,0x42,
    0x07,0x42,0xe7,0x41,0x89,0x5a,0xce,0x83,0x85,0x31,0x61,0x08,0x44,0x29,0x24,0x29,
    0x44,0x29,0x64,0x29,0x81,0x10,0xeb,0x5a,0xff,0xff,0xff,0xff,0xff,0xff,0xff,0xff,
    0xff,0xff,0xff,0xff,0xff,0xff,0xff,0xff,0xff,0xff,0xff,0xff,0xff,0xff,0xff,0xff,
    0xff,0xff,0xff,0xff,0xff,0xff,0xff,0xff,0xff,0xff,0xff,0xff,0xff,0xff,0xff,0xff,
    0xff,0xff,0xff,0xff,0xff,0xff,0xff,0xff,0xff,0xff,0xff,0xff,0xff,0xff,0xff,0xff,
    0xff,0xff,0xff,0xff,0xff,0xff,0xff,0xff,0xff,0xff,0xff,0xff,0xff,0xff,0xff,0xff,
    0xff,0xff,0xff,0xff,0xff,0xff,0xff,0xff,0xff,0xff,0xff,0xff,0xff,0xff,0xff,0xff,
    0xff,0xff,0xff,0xff,0xff,0xff,0xff,0xff,0xff,0xff,0xff,0xff,0xff,0xff,0xff,0xff,
    0xff,0xff,0xff,0xff,0xff,0xff,0xff,0xff,0xff,0xff,0xff,0xff,0xff,0xff,0xff,0xff,
    0xff,0xff,0xff,0xff,0xff,0xff,0xff,0xff,0xff,0xff,0xff,0xff,0xff,0xff,0xff,0xff,
    0xff,0xff,0xff,0xff,0xff,0xff,0xff,0xff,0xff,0xff,0xff,0xff,0xff,0xff,0xff,0xff,
    0xff,0xff,0xff,0xff,0xba,0xd6,0x0c,0x63,0xd3,0x9c,0x8a,0x52,0xba,0xd6,0xff,0xff,
    0xff,0xff,0xff,0xff,0xff,0xff,0xff,0xff,0xff,0xff,0xff,0xff,0xff,0xff,0xff,0xff,
    0xff,0xff,0xff,0xff,0xff,0xff,0xff,0xff,0xff,0xff,0xff,0xff,0xff,0xff,0xff,0xff,
    0xff,0xff,0xff,0xff,0xff,0xff,0xff,0xff,0xff,0xff,0xff,0xff,0xff,0xff,0xff,0xff,
    0xff,0xff,0xff,0xff,0xff,0xff,0xff,0xff,0xff,0xff,0xff,0xff,0xff,0xff,0xff,0xff,
    0xff,0xff,0xff,0xff,0xff,0xff,0xff,0xff,0xff,0xff,0xff,0xff,0xff,0xff,0xff,0xff,
    0xff,0xff,0xff,0xff,0xff,0xff,0xff,0xff,0xff,0xff,0xff,0xff,0xff,0xff,0xff,0xff,
    0xff,0xff,0xff,0xff,0xff,0xff,0xff,0xff,0xff,0xff,0xff,0xff,0x34,0xa5,0x20,0x08,
    0x44,0x29,0x24,0x29,0x24,0x29,0x23,0x21,0x81,0x10,0xa6,0x39,0xe7,0x41,0xe7,0x41,
    0xe7,0x41,0xe7,0x41,0xe7,0x41,0xe7,0x41,0xe7,0x41,0xe7,0x41,0xe7,0x41,0xe7,0x41,
    0x07,0x42,0xcd,0x83,0x4c,0x6b,0x8a,0x52,0x9e,0xf7,0xff,0xff,0xff,0xff,0xff,0xff,
    0xff,0xff,0xff,0xff,0xff,0xff,0xff,0xff,0xff,0xff,0xff,0xff,0xff,0xff,0xff,0xff,
    0xff,0xff,0xff,0xff,0xff,0xff,0xff,0xff,0xff,0xff,0xff,0xff,0xff,0xff,0xff,0xff,
    0xff,0xff,0xff,0xff,0xff,0xff,0xff,0xff,0xff,0xff,0xff,0xff,0xff,0xff,0xff,0xff,
    0xff,0xff,0xff,0xff,0xff,0xff,0xff,0xff,0xff,0xff,0xff,0xff,0xff,0xff,0xff,0xff,
    0xff,0xff,0xff,0xff,0xff,0xff,0xff,0xff,0xff,0xff,0xff,0xff,0xff,0xff,0xff,0xff,
    0xff,0xff,0xff,0xff,0xff,0xff,0xff,0xff,0xff,0xff,0xff,0xff,0xff,0xff,0xff,0xff,
    0xff,0xff,0xff,0xff,0xff,0xff,0xff,0xff,0xff,0xff,0xff,0xff,0xaa,0x52,0x44,0x29,
    0x07,0x42,0xe7,0x41,0xe7,0x41,0xe7,0x41,0xe7,0x41,0xe7,0x41,0xe7,0x41,0x07,0x42,
    0x07,0x42,0xe7,0x41,0xa9,0x5a,0xce,0x83,0x85,0x31,0x61,0x08,0x44,0x29,0x24,0x29,
    0x44,0x29,0x64,0x29,0x81,0x10,0x0c,0x63,0xff,0xff,0xff,0xff,0xff,0xff,0xff,0xff,
    0xff,0xff,0xff,0xff,0xff,0xff,0xff,0xff,0xff,0xff,0xff,0xff,0xff,0xff,0xff,0xff,
    0xff,0xff,0xff,0xff,0xff,0xff,0xff,0xff,0xff,0xff,0xff,0xff,0xff,0xff,0xff,0xff,
    0xff,0xff,0xff,0xff,0xff,0xff,0xff,0xff,0xff,0xff,0xff,0xff,0xff,0xff,0xff,0xff,
    0xff,0xff,0xff,0xff,0xff,0xff,0xff,0xff,0xff,0xff,0xff,0xff,0xff,0xff,0xff,0xff,
    0xff,0xff,0xff,0xff,0xff,0xff,0xff,0xff,0xff,0xff,0xff,0xff,0xff,0xff,0xff,0xff,
    0xff,0xff,0xff,0xff,0xff,0xff,0xff,0xff,0xff,0xff,0xff,0xff,0xff,0xff,0xff,0xff,
    0xff,0xff,0xff,0xff,0xff,0xff,0xff,0xff,0xff,0xff,0xff,0xff,0xff,0xff,0xff,0xff,
    0xff,0xff,0xff,0xff,0xff,0xff,0xff,0xff,0xff,0xff,0xff,0xff,0xff,0xff,0xff,0xff,
    0xff,0xff,0xff,0xff,0xff,0xff,0xff,0xff,0xff,0xff,0xff,0xff,0xff,0xff,0xff,0xff,
    0xff,0xff,0xff,0xff,0xba,0xd6,0x0c,0x63,0xd3,0x9c,0x8a,0x52,0xba,0xd6,0xff,0xff,
    0xff,0xff,0xff,0xff,0xff,0xff,0xff,0xff,0xff,0xff,0xff,0xff,0xff,0xff,0xff,0xff,
    0xff,0xff,0xff,0xff,0xff,0xff,0xff,0xff,0xff,0xff,0xff,0xff,0xff,0xff,0xff,0xff,
    0xff,0xff,0xff,0xff,0xff,0xff,0xff,0xff,0xff,0xff,0xff,0xff,0xff,0xff,0xff,0xff,
    0xff,0xff,0xff,0xff,0xff,0xff,0xff,0xff,0xff,0xff,0xff,0xff,0xff,0xff,0xff,0xff,
    0xff,0xff,0xff,0xff,0xff,0xff,0xff,0xff,0xff,0xff,0xff,0xff,0xff,0xff,0xff,0xff,
    0xff,0xff,0xff,0xff,0xff,0xff,0xff,0xff,0xff,0xff,0xff,0xff,0xff,0xff,0xff,0xff,
    0xff,0xff,0xff,0xff,0xff,0xff,0xff,0xff,0xff,0xff,0xff,0xff,0x14,0xa5,0x20,0x00,
    0x44,0x29,0x24,0x29,0x24,0x29,0x23,0x21,0x81,0x10,0xa6,0x39,0x07,0x42,0xe7,0x41,
    0xe7,0x41,0xe7,0x41,0xe7,0x41,0xe7,0x41,0xe7,0x41,0xe7,0x41,0xe7,0x41,0xe7,0x41,
    0x07,0x42,0xcd,0x83,0x4c,0x6b,0xaa,0x52,0x9e,0xf7,0xff,0xff,0xff,0xff,0xff,0xff,
    0xff,0xff,0xff,0xff,0xff,0xff,0xff,0xff,0xff,0xff,0xff,0xff,0xff,0xff,0xff,0xff,
    0xff,0xff,0xff,0xff,0xff,0xff,0xff,0xff,0xff,0xff,0xff,0xff,0xff,0xff,0xff,0xff,
    0xff,0xff,0xff,0xff,0xff,0xff,0xff,0xff,0xff,0xff,0xff,0xff,0xff,0xff,0xff,0xff,
    0xff,0xff,0xff,0xff,0xff,0xff,0xff,0xff,0xff,0xff,0xff,0xff,0xff,0xff,0xff,0xff,
    0xff,0xff,0xff,0xff,0xff,0xff,0xff,0xff,0xff,0xff,0xff,0xff,0xff,0xff,0xff,0xff,
    0xff,0xff,0xff,0xff,0xff,0xff,0xff,0xff,0xff,0xff,0xff,0xff,0xff,0xff,0xff,0xff,
    0xff,0xff,0xff,0xff,0xff,0xff,0xff,0xff,0xff,0xff,0xff,0xff,0xaa,0x52,0x44,0x29,
    0x07,0x42,0xe7,0x41,0xe7,0x41,0xe7,0x41,0x07,0x42,0x07,0x42,0x07,0x42,0x07,0x42,
    0x07,0x42,0xe7,0x41,0xa9,0x5a,0xce,0x83,0x85,0x31,0x61,0x08,0x44,0x29,0x24,0x29,
    0x44,0x29,0x64,0x29,0x81,0x10,0x2c,0x63,0xff,0xff,0xff,0xff,0xff,0xff,0xff,0xff,
    0xff,0xff,0xff,0xff,0xff,0xff,0xff,0xff,0xff,0xff,0xff,0xff,0xff,0xff,0xff,0xff,
    0xff,0xff,0xff,0xff,0xff,0xff,0xff,0xff,0xff,0xff,0xff,0xff,0xff,0xff,0xff,0xff,
    0xff,0xff,0xff,0xff,0xff,0xff,0xff,0xff,0xff,0xff,0xff,0xff,0xff,0xff,0xff,0xff,
    0xff,0xff,0xff,0xff,0xff,0xff,0xff,0xff,0xff,0xff,0xff,0xff,0xff,0xff,0xff,0xff,
    0xff,0xff,0xff,0xff,0xff,0xff,0xff,0xff,0xff,0xff,0xff,0xff,0xff,0xff,0xff,0xff,
    0xff,0xff,0xff,0xff,0xff,0xff,0xff,0xff,0xff,0xff,0xff,0xff,0xff,0xff,0xff,0xff,
    0xff,0xff,0xff,0xff,0xff,0xff,0xff,0xff,0xff,0xff,0xff,0xff,0xff,0xff,0xff,0xff,
    0xff,0xff,0xff,0xff,0xff,0xff,0xff,0xff,0xff,0xff,0xff,0xff,0xff,0xff,0xff,0xff,
    0xff,0xff,0xff,0xff,0xff,0xff,0xff,0xff,0xff,0xff,0xff,0xff,0xff,0xff,0xff,0xff,
    0xff,0xff,0xff,0xff,0xdb,0xde,0x0c,0x63,0xd3,0x9c,0x8a,0x52,0xba,0xd6,0xff,0xff,
    0xff,0xff,0xff,0xff,0xff,0xff,0xff,0xff,0xff,0xff,0xff,0xff,0xff,0xff,0xff,0xff,
    0xff,0xff,0xff,0xff,0xff,0xff,0xff,0xff,0xff,0xff,0xff,0xff,0xff,0xff,0xff,0xff,
    0xff,0xff,0xff,0xff,0xff,0xff,0xff,0xff,0xff,0xff,0xff,0xff,0xff,0xff,0xff,0xff,
    0xff,0xff,0xff,0xff,0xff,0xff,0xff,0xff,0xff,0xff,0xff,0xff,0xff,0xff,0xff,0xff,
    0xff,0xff,0xff,0xff,0xff,0xff,0xff,0xff,0xff,0xff,0xff,0xff,0xff,0xff,0xff,0xff,
    0xff,0xff,0xff,0xff,0xff,0xff,0xff,0xff,0xff,0xff,0xff,0xff,0xff,0xff,0xff,0xff,
    0xff,0xff,0xff,0xff,0xff,0xff,0xff,0xff,0xff,0xff,0xff,0xff,0xf3,0x9c,0x20,0x00,
    0x64,0x29,0x24,0x29,0x24,0x29,0x24,0x21,0x81,0x10,0xa6,0x39,0x07,0x42,0xe7,0x41,
    0x07,0x42,0xe7,0x41,0xe7,0x41,0xe7,0x41,0xe7,0x41,0xe7,0x41,0xe7,0x41,0xe7,0x41,
    0x07,0x42,0xcd,0x83,0x4c,0x6b,0xca,0x5a,0xbe,0xf7,0xff,0xff,0xff,0xff,0xff,0xff,
    0xff,0xff,0xff,0xff,0xff,0xff,0xff,0xff,0xff,0xff,0xff,0xff,0xff,0xff,0xff,0xff,
    0xff,0xff,0xff,0xff,0xff,0xff,0xff,0xff,0xff,0xff,0xff,0xff,0xff,0xff,0xff,0xff,
    0xff,0xff,0xff,0xff,0xff,0xff,0xff,0xff,0xff,0xff,0xff,0xff,0xff,0xff,0xff,0xff,
    0xff,0xff,0xff,0xff,0xff,0xff,0xff,0xff,0xff,0xff,0xff,0xff,0xff,0xff,0xff,0xff,
    0xff,0xff,0xff,0xff,0xff,0xff,0xff,0xff,0xff,0xff,0xff,0xff,0xff,0xff,0xff,0xff,
    0xff,0xff,0xff,0xff,0xff,0xff,0xff,0xff,0xff,0xff,0xff,0xff,0xff,0xff,0xff,0xff,
    0xff,0xff,0xff,0xff,0xff,0xff,0xff,0xff,0xff,0xff,0xff,0xff,0xaa,0x52,0x24,0x29,
    0x07,0x42,0xe7,0x41,0xe7,0x41,0xe7,0x41,0xe7,0x41,0xe7,0x41,0xe7,0x41,0xe7,0x41,
    0xe7,0x41,0xc6,0x39,0xa9,0x5a,0xce,0x83,0x65,0x31,0x61,0x08,0x44,0x29,0x24,0x29,
    0x24,0x29,0x44,0x29,0x81,0x10,0x4c,0x6b,0xff,0xff,0xdf,0xff,0xff,0xff,0xff,0xff,
    0xff,0xff,0xff,0xff,0xff,0xff,0xff,0xff,0xff,0xff,0xff,0xff,0xff,0xff,0xff,0xff,
    0xff,0xff,0xff,0xff,0xff,0xff,0xff,0xff,0xff,0xff,0xff,0xff,0xff,0xff,0xff,0xff,
    0xff,0xff,0xff,0xff,0xff,0xff,0xff,0xff,0xff,0xff,0xff,0xff,0xff,0xff,0xff,0xff,
    0xff,0xff,0xff,0xff,0xff,0xff,0xff,0xff,0xff,0xff,0xff,0xff,0xff,0xff,0xff,0xff,
    0xff,0xff,0xff,0xff,0xff,0xff,0xff,0xff,0xff,0xff,0xff,0xff,0xff,0xff,0xff,0xff,
    0xff,0xff,0xff,0xff,0xff,0xff,0xff,0xff,0xff,0xff,0xff,0xff,0xff,0xff,0xff,0xff,
    0xff,0xff,0xff,0xff,0xff,0xff,0xff,0xff,0xff,0xff,0xff,0xff,0xff,0xff,0xff,0xff,
    0xff,0xff,0xff,0xff,0xff,0xff,0xff,0xff,0xff,0xff,0xff,0xff,0xff,0xff,0xff,0xff,
    0xff,0xff,0xff,0xff,0xff,0xff,0xff,0xff,0xff,0xff,0xff,0xff,0xff,0xff,0xff,0xff,
    0xff,0xff,0xff,0xff,0xdb,0xde,0x0c,0x63,0xd3,0x9c,0x8a,0x52,0x9a,0xd6,0xff,0xff,
    0xff,0xff,0xff,0xff,0xff,0xff,0xff,0xff,0xff,0xff,0xff,0xff,0xff,0xff,0xff,0xff,
    0xff,0xff,0xff,0xff,0xff,0xff,0xff,0xff,0xff,0xff,0xff,0xff,0xff,0xff,0xff,0xff,
    0xff,0xff,0xff,0xff,0xff,0xff,0xff,0xff,0xff,0xff,0xff,0xff,0xff,0xff,0xff,0xff,
    0xff,0xff,0xff,0xff,0xff,0xff,0xff,0xff,0xff,0xff,0xff,0xff,0xff,0xff,0xff,0xff,
    0xff,0xff,0xff,0xff,0xff,0xff,0xff,0xff,0xff,0xff,0xff,0xff,0xff,0xff,0xff,0xff,
    0xff,0xff,0xff,0xff,0xff,0xff,0xff,0xff,0xff,0xff,0xff,0xff,0xff,0xff,0xff,0xff,
    0xff,0xff,0xff,0xff,0xff,0xff,0xff,0xff,0xff,0xff,0xff,0xff,0xf3,0x9c,0x20,0x00,
    0x64,0x29,0x24,0x21,0x24,0x29,0x24,0x21,0x81,0x10,0xa6,0x39,0x07,0x42,0xe7,0x41,
    0xe7,0x41,0xe7,0x41,0xe7,0x41,0xe7,0x41,0xe7,0x41,0xe7,0x41,0xe7,0x41,0xe7,0x41,
    0x07,0x42,0xcd,0x83,0x2c,0x6b,0xca,0x5a,0xbe,0xf7,0xff,0xff,0xff,0xff,0xff,0xff,
    0xff,0xff,0xff,0xff,0xff,0xff,0xff,0xff,0xff,0xff,0xff,0xff,0xff,0xff,0xff,0xff,
    0xff,0xff,0xff,0xff,0xff,0xff,0xff,0xff,0xff,0xff,0xff,0xff,0xff,0xff,0xff,0xff,
    0xff,0xff,0xff,0xff,0xff,0xff,0xff,0xff,0xff,0xff,0xff,0xff,0xff,0xff,0xff,0xff,
    0xff,0xff,0xff,0xff,0xff,0xff,0xff,0xff,0xff,0xff,0xff,0xff,0xff,0xff,0xff,0xff,
    0xff,0xff,0xff,0xff,0xff,0xff,0xff,0xff,0xff,0xff,0xff,0xff,0xff,0xff,0xff,0xff,
    0xff,0xff,0xff,0xff,0xff,0xff,0xff,0xff,0xff,0xff,0xff,0xff,0xff,0xff,0xff,0xff,
    0xff,0xff,0xff,0xff,0xff,0xff,0xff,0xff,0xff,0xff,0xff,0xff,0xaa,0x52,0x24,0x29,
    0x07,0x42,0xe7,0x41,0xe7,0x41,0xe7,0x41,0xe7,0x41,0xe7,0x41,0xe7,0x41,0xe7,0x41,
    0xe7,0x41,0xc6,0x39,0xaa,0x5a,0xce,0x83,0x65,0x31,0x61,0x08,0x44,0x29,0x24,0x29,
    0x24,0x29,0x65,0x29,0x81,0x10,0x6d,0x73,0xff,0xff,0xff,0xff,0xff,0xff,0xff,0xff,
    0xff,0xff,0xff,0xff,0xff,0xff,0xff,0xff,0xff,0xff,0xff,0xff,0xff,0xff,0xff,0xff,
    0xff,0xff,0xff,0xff,0xff,0xff,0xff,0xff,0xff,0xff,0xff,0xff,0xff,0xff,0xff,0xff,
    0xff,0xff,0xff,0xff,0xff,0xff,0xff,0xff,0xff,0xff,0xff,0xff,0xff,0xff,0xff,0xff,
    0xff,0xff,0xff,0xff,0xff,0xff,0xff,0xff,0xff,0xff,0xff,0xff,0xff,0xff,0xff,0xff,
    0xff,0xff,0xff,0xff,0xff,0xff,0xff,0xff,0xff,0xff,0xff,0xff,0xff,0xff,0xff,0xff,
    0xff,0xff,0xff,0xff,0xff,0xff,0xff,0xff,0xff,0xff,0xff,0xff,0xff,0xff,0xff,0xff,
    0xff,0xff,0xff,0xff,0xff,0xff,0xff,0xff,0xff,0xff,0xff,0xff,0xff,0xff,0xff,0xff,
    0xff,0xff,0xff,0xff,0xff,0xff,0xff,0xff,0xff,0xff,0xff,0xff,0xff,0xff,0xff,0xff,
    0xff,0xff,0xff,0xff,0xff,0xff,0xff,0xff,0xff,0xff,0xff,0xff,0xff,0xff,0xff,0xff,
    0xff,0xff,0xff,0xff,0xdb,0xde,0x0c,0x63,0xf3,0x9c,0x8a,0x52,0x9a,0xd6,0xff,0xff,
    0xff,0xff,0xff,0xff,0xff,0xff,0xff,0xff,0xff,0xff,0xff,0xff,0xff,0xff,0xff,0xff,
    0xff,0xff,0xff,0xff,0xff,0xff,0xff,0xff,0xff,0xff,0xff,0xff,0xff,0xff,0xff,0xff,
    0xff,0xff,0xff,0xff,0xff,0xff,0xff,0xff,0xff,0xff,0xff,0xff,0xff,0xff,0xff,0xff,
    0xff,0xff,0xff,0xff,0xff,0xff,0xff,0xff,0xff,0xff,0xff,0xff,0xff,0xff,0xff,0xff,
    0xff,0xff,0xff,0xff,0xff,0xff,0xff,0xff,0xff,0xff,0xff,0xff,0xff,0xff,0xff,0xff,
    0xff,0xff,0xff,0xff,0xff,0xff,0xff,0xff,0xff,0xff,0xff,0xff,0xff,0xff,0xff,0xff,
    0xff,0xff,0xff,0xff,0xff,0xff,0xff,0xff,0xff,0xff,0xff,0xff,0xd3,0x9c,0x20,0x00,
    0x64,0x29,0x24,0x21,0x24,0x29,0x03,0x21,0x81,0x10,0xa6,0x39,0xe7,0x41,0xe7,0x41,
    0xe7,0x41,0xe7,0x41,0xe7,0x41,0xe7,0x41,0xe7,0x41,0xe7,0x41,0xe7,0x41,0xe7,0x41,
    0x07,0x42,0xce,0x83,0x2b,0x6b,0xca,0x5a,0xbe,0xf7,0xff,0xff,0xff,0xff,0xff,0xff,
    0xff,0xff,0xff,0xff,0xff,0xff,0xff,0xff,0xff,0xff,0xff,0xff,0xff,0xff,0xff,0xff,
    0xff,0xff,0xff,0xff,0xff,0xff,0xff,0xff,0xff,0xff,0xff,0xff,0xff,0xff,0xff,0xff,
    0xff,0xff,0xff,0xff,0xff,0xff,0xff,0xff,0xff,0xff,0xff,0xff,0xff,0xff,0xff,0xff,
    0xff,0xff,0xff,0xff,0xff,0xff,0xff,0xff,0xff,0xff,0xff,0xff,0xff,0xff,0xff,0xff,
    0xff,0xff,0xff,0xff,0xff,0xff,0xff,0xff,0xff,0xff,0xff,0xff,0xff,0xff,0xff,0xff,
    0xff,0xff,0xff,0xff,0xff,0xff,0xff,0xff,0xff,0xff,0xff,0xff,0xff,0xff,0xff,0xff,
    0xff,0xff,0xff,0xff,0xff,0xff,0xff,0xff,0xff,0xff,0xdf,0xff,0xaa,0x52,0x24,0x29,
    0x07,0x42,0xe7,0x41,0xe7,0x41,0xe7,0x41,0xe7,0x41,0xe7,0x41,0xe7,0x41,0xe7,0x41,
    0xe7,0x41,0xc6,0x39,0xaa,0x5a,0xce,0x83,0x65,0x31,0x61,0x08,0x44,0x29,0x24,0x29,
    0xe3,0x20,0xc2,0x18,0x20,0x00,0x28,0x42,0x96,0xb5,0x95,0xad,0x95,0xb5,0x95,0xb5,
    0x96,0xb5,0x96,0xb5,0x96,0xb5,0xb6,0xb5,0xb6,0xbd,0xd7,0xbd,0xd7,0xbd,0xf8,0xc5,
    0x18,0xc6,0x38,0xc6,0x38,0xc6,0x58,0xce,0x38,0xc6,0x9a,0xd6,0xde,0xf7,0xff,0xff,
    0xff,0xff,0xff,0xff,0xff,0xff,0xff,0xff,0xff,0xff,0xff,0xff,0xff,0xff,0xff,0xff,
    0xff,0xff,0xff,0xff,0xff,0xff,0xff,0xff,0xff,0xff,0xff,0xff,0xff,0xff,0xff,0xff,
    0xff,0xff,0xff,0xff,0xff,0xff,0xff,0xff,0xff,0xff,0xff,0xff,0xff,0xff,0xff,0xff,
    0xff,0xff,0xff,0xff,0xff,0xff,0xff,0xff,0xff,0xff,0xff,0xff,0xff,0xff,0xff,0xff,
    0xff,0xff,0xff,0xff,0xff,0xff,0xff,0xff,0xff,0xff,0xff,0xff,0xff,0xff,0xff,0xff,
    0xff,0xff,0xff,0xff,0xff,0xff,0xff,0xff,0xff,0xff,0xff,0xff,0xff,0xff,0xff,0xff,
    0xff,0xff,0xff,0xff,0xff,0xff,0xff,0xff,0xff,0xff,0xff,0xff,0xff,0xff,0xff,0xff,
    0xff,0xff,0xff,0xff,0xfb,0xde,0x2c,0x63,0xf3,0x9c,0x69,0x4a,0x9a,0xd6,0xff,0xff,
    0xff,0xff,0xff,0xff,0xff,0xff,0xff,0xff,0xff,0xff,0xff,0xff,0xff,0xff,0xff,0xff,
    0xff,0xff,0xff,0xff,0xff,0xff,0xff,0xff,0xff,0xff,0xff,0xff,0xff,0xff,0xff,0xff,
    0xff,0xff,0xff,0xff,0xff,0xff,0xff,0xff,0xff,0xff,0xff,0xff,0xff,0xff,0xff,0xff,
    0xff,0xff,0xff,0xff,0xff,0xff,0xff,0xff,0xff,0xff,0xff,0xff,0xff,0xff,0xff,0xff,
    0xff,0xff,0xff,0xff,0xff,0xff,0xff,0xff,0xff,0xff,0xff,0xff,0xff,0xff,0xff,0xff,
    0xff,0xff,0xff,0xff,0xff,0xff,0xff,0xff,0xff,0xff,0xff,0xff,0xff,0xff,0xff,0xff,
    0xff,0xff,0xff,0xff,0xff,0xff,0xff,0xff,0xff,0xff,0xff,0xff,0xd2,0x9c,0x20,0x00,
    0x64,0x29,0x24,0x21,0x44,0x29,0x03,0x21,0x81,0x10,0xc6,0x39,0xe7,0x41,0xe7,0x41,
    0xe7,0x41,0xe7,0x41,0xe7,0x41,0xe7,0x41,0xe7,0x41,0xe7,0x41,0xe7,0x41,0xe7,0x41,
    0x07,0x42,0xce,0x83,0x2b,0x6b,0xeb,0x5a,0xbe,0xf7,0xff,0xff,0xff,0xff,0xff,0xff,
    0xff,0xff,0xff,0xff,0xff,0xff,0xff,0xff,0xff,0xff,0xff,0xff,0xff,0xff,0xff,0xff,
    0xff,0xff,0xff,0xff,0xff,0xff,0xff,0xff,0xff,0xff,0xff,0xff,0xff,0xff,0xff,0xff,
    0xff,0xff,0xff,0xff,0xff,0xff,0xff,0xff,0xff,0xff,0xff,0xff,0xff,0xff,0xff,0xff,
    0xff,0xff,0xff,0xff,0xff,0xff,0xff,0xff,0xff,0xff,0xff,0xff,0xff,0xff,0xff,0xff,
    0xff,0xff,0xff,0xff,0xff,0xff,0xff,0xff,0xff,0xff,0xff,0xff,0xff,0xff,0xff,0xff,
    0xff,0xff,0xff,0xff,0xff,0xff,0xff,0xff,0xff,0xff,0xff,0xff,0xff,0xff,0xff,0xff,
    0xff,0xff,0xff,0xff,0xff,0xff,0xff,0xff,0xff,0xff,0xff,0xff,0xcb,0x5a,0x44,0x29,
    0x28,0x4a,0x07,0x42,0x07,0x42,0x07,0x42,0x07,0x42,0xe7,0x41,0xe7,0x41,0xe7,0x41,
    0xe7,0x41,0xc6,0x39,0xaa,0x5a,0xee,0x83,0x65,0x31,0x61,0x08,0x24,0x29,0xa2,0x10,
    0xc3,0x18,0x89,0x4a,0xeb,0x5a,0xaa,0x52,0xaa,0x52,0xaa,0x52,0xaa,0x52,0x8a,0x4a,
    0x8a,0x4a,0x69,0x42,0x49,0x42,0x49,0x42,0x49,0x42,0x49,0x42,0x49,0x42,0x69,0x4a,
    0x8a,0x4a,0x8a,0x4a,0x8a,0x4a,0xcb,0x52,0x0c,0x63,0x08,0x42,0xef,0x7b,0xff,0xff,
    0xff,0xff,0xff,0xff,0xff,0xff,0xff,0xff,0xff,0xff,0xff,0xff,0xff,0xff,0xff,0xff,
    0xff,0xff,0xff,0xff,0xff,0xff,0xff,0xff,0xff,0xff,0xff,0xff,0xff,0xff,0xff,0xff,
    0xff,0xff,0xff,0xff,0xff,0xff,0xff,0xff,0xff,0xff,0xff,0xff,0xff,0xff,0xff,0xff,
    0xff,0xff,0xff,0xff,0xff,0xff,0xff,0xff,0xff,0xff,0xff,0xff,0xff,0xff,0xff,0xff,
    0xff,0xff,0xff,0xff,0xff,0xff,0xff,0xff,0xff,0xff,0xff,0xff,0xff,0xff,0xff,0xff,
    0xff,0xff,0xff,0xff,0xff,0xff,0xff,0xff,0xff,0xff,0xff,0xff,0xff,0xff,0xff,0xff,
    0xff,0xff,0xff,0xff,0xff,0xff,0xff,0xff,0xff,0xff,0xff,0xff,0xff,0xff,0xff,0xff,
    0xff,0xff,0xff,0xff,0xfb,0xde,0x2c,0x63,0xd3,0x9c,0x69,0x4a,0x79,0xce,0xff,0xff,
    0xff,0xff,0xff,0xff,0xff,0xff,0xff,0xff,0xff,0xff,0xff,0xff,0xff,0xff,0xff,0xff,
    0xff,0xff,0xff,0xff,0xff,0xff,0xff,0xff,0xff,0xff,0xff,0xff,0xff,0xff,0xff,0xff,
    0xff,0xff,0xff,0xff,0xff,0xff,0xff,0xff,0xff,0xff,0xff,0xff,0xff,0xff,0xff,0xff,
    0xff,0xff,0xff,0xff,0xff,0xff,0xff,0xff,0xff,0xff,0xff,0xff,0xff,0xff,0xff,0xff,
    0xff,0xff,0xff,0xff,0xff,0xff,0xff,0xff,0xff,0xff,0xff,0xff,0xff,0xff,0xff,0xff,
    0xff,0xff,0xff,0xff,0xff,0xff,0xff,0xff,0xff,0xff,0xff,0xff,0xff,0xff,0xff,0xff,
    0xff,0xff,0xff,0xff,0xff,0xff,0xff,0xff,0xff,0xff,0xff,0xff,0xb2,0x94,0x20,0x00,
    0x64,0x29,0x24,0x29,0x44,0x29,0x03,0x21,0x81,0x10,0xc6,0x39,0xe7,0x41,0xe7,0x41,
    0xe7,0x41,0xe7,0x41,0xe7,0x41,0xe7,0x41,0xe7,0x41,0xe7,0x41,0xe7,0x41,0xe7,0x41,
    0x07,0x4a,0xce,0x83,0x2b,0x6b,0xeb,0x5a,0xbe,0xf7,0xff,0xff,0xff,0xff,0xff,0xff,
    0xff,0xff,0xff,0xff,0xff,0xff,0xff,0xff,0xff,0xff,0xff,0xff,0xff,0xff,0xff,0xff,
    0xff,0xff,0xff,0xff,0xff,0xff,0xff,0xff,0xff,0xff,0xff,0xff,0xff,0xff,0xff,0xff,
    0xff,0xff,0xff,0xff,0xff,0xff,0xff,0xff,0xff,0xff,0xff,0xff,0xff,0xff,0xff,0xff,
    0xff,0xff,0xff,0xff,0xff,0xff,0xff,0xff,0xff,0xff,0xff,0xff,0xff,0xff,0xff,0xff,
    0xff,0xff,0xff,0xff,0xff,0xff,0xff,0xff,0xff,0xff,0xff,0xff,0xff,0xff,0xff,0xff,
    0xff,0xff,0xff,0xff,0xff,0xff,0xff,0xff,0xff,0xff,0xff,0xff,0x1c,0xe7,0xb6,0xb5,
    0x55,0xa5,0x14,0xa5,0xd3,0x9c,0xd3,0x9c,0xd3,0x9c,0x14,0xa5,0xe7,0x39,0xe3,0x20,
    0x65,0x31,0x44,0x29,0x44,0x29,0x44,0x29,0x44,0x29,0x65,0x31,0xa6,0x39,0xe7,0x41,
    0xe7,0x41,0xc6,0x41,0xca,0x5a,0xee,0x83,0x86,0x31,0x61,0x08,0xa2,0x18,0x45,0x21,
    0xcf,0x73,0xf3,0x94,0xf3,0x94,0x14,0x95,0x14,0x9d,0x14,0x9d,0x14,0x9d,0x14,0x9d,
    0x14,0x95,0xf3,0x94,0xd3,0x94,0xd3,0x8c,0xd3,0x8c,0xb3,0x8c,0xb2,0x8c,0xb2,0x8c,
    0xb2,0x8c,0xb2,0x8c,0x14,0x9d,0x59,0xc6,0x55,0xa5,0x69,0x4a,0x89,0x4a,0xbe,0xf7,
    0xff,0xff,0xff,0xff,0xff,0xff,0xff,0xff,0xff,0xff,0xff,0xff,0xff,0xff,0xff,0xff,
    0xff,0xff,0xff,0xff,0xff,0xff,0xff,0xff,0xff,0xff,0xff,0xff,0xff,0xff,0xff,0xff,
    0xff,0xff,0xff,0xff,0xff,0xff,0xff,0xff,0xff,0xff,0xff,0xff,0xff,0xff,0xff,0xff,
    0xff,0xff,0xff,0xff,0xff,0xff,0xff,0xff,0xff,0xff,0xff,0xff,0xff,0xff,0xff,0xff,
    0xff,0xff,0xff,0xff,0xff,0xff,0xff,0xff,0xff,0xff,0xff,0xff,0xff,0xff,0xff,0xff,
    0xff,0xff,0xff,0xff,0xff,0xff,0xff,0xff,0xff,0xff,0xff,0xff,0xff,0xff,0xff,0xff,
    0xff,0xff,0xff,0xff,0xff,0xff,0xff,0xff,0xff,0xff,0xff,0xff,0xff,0xff,0xff,0xff,
    0xff,0xff,0xff,0xff,0xfb,0xde,0x2c,0x63,0xd3,0x9c,0x69,0x4a,0x79,0xce,0xff,0xff,
    0xff,0xff,0xff,0xff,0xff,0xff,0xff,0xff,0xff,0xff,0xff,0xff,0xff,0xff,0xff,0xff,
    0xff,0xff,0xff,0xff,0xff,0xff,0xff,0xff,0xff,0xff,0xff,0xff,0xff,0xff,0xff,0xff,
    0xff,0xff,0xff,0xff,0xff,0xff,0xff,0xff,0xff,0xff,0xff,0xff,0xff,0xff,0xff,0xff,
    0xff,0xff,0xff,0xff,0xff,0xff,0xff,0xff,0xff,0xff,0xff,0xff,0xff,0xff,0xff,0xff,
    0xff,0xff,0xff,0xff,0xff,0xff,0xff,0xff,0xff,0xff,0xff,0xff,0xff,0xff,0xff,0xff,
    0xff,0xff,0xff,0xff,0xff,0xff,0xff,0xff,0xff,0xff,0xff,0xff,0xff,0xff,0xff,0xff,
    0xff,0xff,0xff,0xff,0xff,0xff,0xff,0xff,0xff,0xff,0xff,0xff,0x92,0x94,0x20,0x00,
    0x65,0x29,0x24,0x29,0x44,0x29,0x03,0x21,0x81,0x10,0xc6,0x39,0xe7,0x41,0xe7,0x41,
    0xe7,0x41,0xe7,0x41,0xe7,0x41,0xe7,0x41,0xe7,0x41,0xe7,0x41,0xe7,0x41,0xe7,0x41,
    0x07,0x42,0xce,0x83,0x0b,0x63,0xeb,0x5a,0xde,0xff,0xff,0xff,0xff,0xff,0xff,0xff,
    0xff,0xff,0xff,0xff,0xff,0xff,0xff,0xff,0xff,0xff,0xff,0xff,0xff,0xff,0xff,0xff,
    0xff,0xff,0xff,0xff,0xff,0xff,0xff,0xff,0xff,0xff,0xff,0xff,0xff,0xff,0xff,0xff,
    0xff,0xff,0xff,0xff,0xff,0xff,0xff,0xff,0xff,0xff,0xff,0xff,0xff,0xff,0xff,0xff,
    0xff,0xff,0xff,0xff,0xff,0xff,0xff,0xff,0xff,0xff,0xff,0xff,0xff,0xff,0xff,0xff,
    0xff,0xff,0xff,0xff,0xff,0xff,0xff,0xff,0xff,0xff,0xff,0xff,0xff,0xff,0xff,0xff,
    0xff,0xff,0xff,0xff,0xff,0xff,0xff,0xff,0x1c,0xe7,0x72,0x8c,0xaa,0x52,0xcb,0x52,
    0x0c,0x5b,0xab,0x52,0x8a,0x4a,0x6a,0x4a,0x8a,0x4a,0xaa,0x4a,0xaa,0x4a,0x8a,0x4a,
    0x6a,0x42,0x6a,0x42,0x49,0x4a,0x69,0x4a,0x69,0x4a,0xa6,0x31,0xa6,0x31,0xa6,0x39,
    0xe7,0x41,0xc7,0x41,0xaa,0x5a,0xce,0x83,0x65,0x29,0x20,0x00,0xa6,0x31,0x8e,0x6b,
    0x30,0x7c,0x10,0x7c,0x30,0x7c,0x30,0x7c,0x51,0x7c,0x51,0x84,0x51,0x84,0x51,0x84,
    0x51,0x84,0x51,0x84,0x51,0x84,0x51,0x7c,0x30,0x7c,0x30,0x7c,0x51,0x7c,0x71,0x84,
    0xb2,0x8c,0x55,0x9d,0x18,0xb6,0x14,0x9d,0x69,0x4a,0xeb,0x52,0x0c,0x5b,0x9e,0xf7,
    0xff,0xff,0xff,0xff,0xff,0xff,0xff,0xff,0xff,0xff,0xff,0xff,0xff,0xff,0xff,0xff,
    0xff,0xff,0xff,0xff,0xff,0xff,0xff,0xff,0xff,0xff,0xff,0xff,0xff,0xff,0xff,0xff,
    0xff,0xff,0xff,0xff,0xff,0xff,0xff,0xff,0xff,0xff,0xff,0xff,0xff,0xff,0xff,0xff,
    0xff,0xff,0xff,0xff,0xff,0xff,0xff,0xff,0xff,0xff,0xff,0xff,0xff,0xff,0xff,0xff,
    0xff,0xff,0xff,0xff,0xff,0xff,0xff,0xff,0xff,0xff,0xff,0xff,0xff,0xff,0xff,0xff,
    0xff,0xff,0xff,0xff,0xff,0xff,0xff,0xff,0xff,0xff,0xff,0xff,0xff,0xff,0xff,0xff,
    0xff,0xff,0xff,0xff,0xff,0xff,0xff,0xff,0xff,0xff,0xff,0xff,0xff,0xff,0xff,0xff,
    0xff,0xff,0xff,0xff,0xfb,0xde,0x2c,0x63,0xd3,0x9c,0x69,0x4a,0x79,0xce,0xff,0xff,
    0xff,0xff,0xff,0xff,0xff,0xff,0xff,0xff,0xff,0xff,0xff,0xff,0xff,0xff,0xff,0xff,
    0xff,0xff,0xff,0xff,0xff,0xff,0xff,0xff,0xff,0xff,0xff,0xff,0xff,0xff,0xff,0xff,
    0xff,0xff,0xff,0xff,0xff,0xff,0xff,0xff,0xff,0xff,0xff,0xff,0xff,0xff,0xff,0xff,
    0xff,0xff,0xff,0xff,0xff,0xff,0xff,0xff,0xff,0xff,0xff,0xff,0xff,0xff,0xff,0xff,
    0xff,0xff,0xff,0xff,0xff,0xff,0xff,0xff,0xff,0xff,0xff,0xff,0xff,0xff,0xff,0xff,
    0xff,0xff,0xff,0xff,0xff,0xff,0xff,0xff,0xff,0xff,0xff,0xff,0xff,0xff,0xff,0xff,
    0xff,0xff,0xff,0xff,0xff,0xff,0xff,0xff,0xff,0xff,0xff,0xff,0x71,0x94,0x20,0x00,
    0x65,0x31,0x24,0x29,0x24,0x29,0x03,0x21,0x81,0x10,0xc6,0x39,0xe7,0x41,0xe7,0x41,
    0xe7,0x41,0xe7,0x41,0xe7,0x41,0xe7,0x41,0xe7,0x41,0xe7,0x41,0xe7,0x41,0xe7,0x41,
    0x07,0x4a,0xce,0x83,0x0b,0x63,0x0b,0x63,0xdf,0xff,0xff,0xff,0xff,0xff,0xff,0xff,
    0xff,0xff,0xff,0xff,0xff,0xff,0xff,0xff,0xff,0xff,0xff,0xff,0xff,0xff,0xff,0xff,
    0xff,0xff,0xff,0xff,0xff,0xff,0xff,0xff,0xff,0xff,0xff,0xff,0xff,0xff,0xff,0xff,
    0xff,0xff,0xff,0xff,0xff,0xff,0xff,0xff,0xff,0xff,0xff,0xff,0xff,0xff,0xff,0xff,
    0xff,0xff,0xff,0xff,0xff,0xff,0xff,0xff,0xff,0xff,0xff,0xff,0xff,0xff,0xff,0xff,
    0xff,0xff,0xff,0xff,0xff,0xff,0xff,0xff,0xff,0xff,0xff,0xff,0xff,0xff,0xff,0xff,
    0xff,0xff,0xff,0xff,0xdf,0xf7,0x14,0xa5,0xcb,0x5a,0x6d,0x63,0xb2,0x94,0x75,0xa5,
    0x76,0xad,0x75,0xa5,0x55,0x9d,0x75,0x9d,0x75,0xa5,0x96,0xa5,0x75,0xa5,0x34,0x9d,
    0xf4,0x94,0xd3,0x8c,0xb2,0x8c,0x51,0x84,0x0c,0x5b,0x08,0x42,0xa6,0x31,0x44,0x29,
    0xe7,0x41,0xc6,0x39,0xaa,0x5a,0x2c,0x6b,0xe3,0x18,0xc7,0x31,0xaa,0x52,0x8a,0x4a,
    0x69,0x4a,0x6a,0x4a,0x8a,0x4a,0xaa,0x4a,0xab,0x4a,0xaa,0x4a,0x8a,0x4a,0x8a,0x4a,
    0x8a,0x4a,0x8a,0x4a,0x6a,0x4a,0x6a,0x4a,0x49,0x4a,0x29,0x42,0x6a,0x4a,0xab,0x52,
    0xcb,0x52,0xb3,0x8c,0xd7,0xb5,0xab,0x4a,0xeb,0x5a,0x8d,0x6b,0xeb,0x5a,0x9e,0xf7,
    0xff,0xff,0xff,0xff,0xff,0xff,0xff,0xff,0xff,0xff,0xff,0xff,0xff,0xff,0xff,0xff,
    0xff,0xff,0xff,0xff,0xff,0xff,0xff,0xff,0xff,0xff,0xff,0xff,0xff,0xff,0xff,0xff,
    0xff,0xff,0xff,0xff,0xff,0xff,0xff,0xff,0xff,0xff,0xff,0xff,0xff,0xff,0xff,0xff,
    0xff,0xff,0xff,0xff,0xff,0xff,0xff,0xff,0xff,0xff,0xff,0xff,0xff,0xff,0xff,0xff,
    0xff,0xff,0xff,0xff,0xff,0xff,0xff,0xff,0xff,0xff,0xff,0xff,0xff,0xff,0xff,0xff,
    0xff,0xff,0xff,0xff,0xff,0xff,0xff,0xff,0xff,0xff,0xff,0xff,0xff,0xff,0xff,0xff,
    0xff,0xff,0xff,0xff,0xff,0xff,0xff,0xff,0xff,0xff,0xff,0xff,0xff,0xff,0xff,0xff,
    0xff,0xff,0xff,0xff,0x1c,0xe7,0x2c,0x63,0xd3,0x9c,0x69,0x4a,0x79,0xce,0xff,0xff,
    0xff,0xff,0xff,0xff,0xff,0xff,0xff,0xff,0xff,0xff,0xff,0xff,0xff,0xff,0xff,0xff,
    0xff,0xff,0xff,0xff,0xff,0xff,0xff,0xff,0xff,0xff,0xff,0xff,0xff,0xff,0xff,0xff,
    0xff,0xff,0xff,0xff,0xff,0xff,0xff,0xff,0xff,0xff,0xff,0xff,0xff,0xff,0xff,0xff,
    0xff,0xff,0xff,0xff,0xff,0xff,0xff,0xff,0xff,0xff,0xff,0xff,0xff,0xff,0xff,0xff,
    0xff,0xff,0xff,0xff,0xff,0xff,0xff,0xff,0xff,0xff,0xff,0xff,0xff,0xff,0xff,0xff,
    0xff,0xff,0xff,0xff,0xff,0xff,0xff,0xff,0xff,0xff,0xff,0xff,0xff,0xff,0xff,0xff,
    0xff,0xff,0xff,0xff,0xff,0xff,0xff,0xff,0xff,0xff,0xff,0xff,0x51,0x8c,0x20,0x08,
    0x65,0x31,0x24,0x29,0x44,0x29,0x03,0x21,0x82,0x10,0xc6,0x39,0xe7,0x41,0xe7,0x41,
    0xe7,0x41,0xe7,0x41,0xe7,0x41,0xe7,0x41,0xe7,0x41,0xe7,0x41,0xe7,0x41,0xe7,0x41,
    0x07,0x4a,0xce,0x83,0x0b,0x63,0x2c,0x63,0xdf,0xff,0xff,0xff,0xff,0xff,0xff,0xff,
    0xff,0xff,0xff,0xff,0xff,0xff,0xff,0xff,0xff,0xff,0xff,0xff,0xff,0xff,0xff,0xff,
    0xff,0xff,0xff,0xff,0xff,0xff,0xff,0xff,0xff,0xff,0xff,0xff,0xff,0xff,0xff,0xff,
    0xff,0xff,0xff,0xff,0xff,0xff,0xff,0xff,0xff,0xff,0xff,0xff,0xff,0xff,0xff,0xff,
    0xff,0xff,0xff,0xff,0xff,0xff,0xff,0xff,0xff,0xff,0xff,0xff,0xff,0xff,0xff,0xff,
    0xff,0xff,0xff,0xff,0xff,0xff,0xff,0xff,0xff,0xff,0xff,0xff,0xff,0xff,0xff,0xff,
    0xff,0xff,0x79,0xce,0xec,0x5a,0xe8,0x39,0x6a,0x4a,0x8e,0x6b,0xae,0x6b,0x6e,0x6b,
    0x8e,0x63,0x8e,0x6b,0x8e,0x6b,0x8e,0x6b,0xcf,0x73,0xef,0x7b,0x10,0x7c,0x10,0x7c,
    0x10,0x7c,0xf4,0x9c,0xb6,0xad,0xcf,0x73,0xa7,0x31,0x66,0x29,0xe7,0x39,0x65,0x29,
    0xe7,0x41,0xc6,0x39,0xaa,0x5a,0x69,0x52,0x8a,0x52,0x35,0xa5,0xd3,0x8c,0x72,0x8c,
    0x71,0x8c,0x71,0x84,0x72,0x8c,0x92,0x8c,0xd3,0x94,0xd3,0x94,0xd3,0x94,0xd3,0x94,
    0xd3,0x94,0xd3,0x94,0xd3,0x94,0xd3,0x94,0xb3,0x94,0x72,0x8c,0x51,0x84,0x72,0x8c,
    0x72,0x8c,0x35,0x9d,0xae,0x6b,0xcb,0x52,0xcf,0x73,0x6d,0x63,0x0b,0x5b,0x9e,0xf7,
    0xff,0xff,0xff,0xff,0xff,0xff,0xff,0xff,0xff,0xff,0xff,0xff,0xff,0xff,0xff,0xff,
    0xff,0xff,0xff,0xff,0xff,0xff,0xff,0xff,0xff,0xff,0xff,0xff,0xff,0xff,0xff,0xff,
    0xff,0xff,0xff,0xff,0xff,0xff,0xff,0xff,0xff,0xff,0xff,0xff,0xff,0xff,0xff,0xff,
    0xff,0xff,0xff,0xff,0xff,0xff,0xff,0xff,0xff,0xff,0xff,0xff,0xff,0xff,0xff,0xff,
    0xff,0xff,0xff,0xff,0xff,0xff,0xff,0xff,0xff,0xff,0xff,0xff,0xff,0xff,0xff,0xff,
    0xff,0xff,0xff,0xff,0xff,0xff,0xff,0xff,0xff,0xff,0xff,0xff,0xff,0xff,0xff,0xff,
    0xff,0xff,0xff,0xff,0xff,0xff,0xff,0xff,0xff,0xff,0xff,0xff,0xff,0xff,0xff,0xff,
    0xff,0xff,0xff,0xff,0x1c,0xe7,0x2c,0x63,0xd3,0x9c,0x69,0x4a,0x59,0xce,0xff,0xff,
    0xff,0xff,0xff,0xff,0xff,0xff,0xff,0xff,0xff,0xff,0xff,0xff,0xff,0xff,0xff,0xff,
    0xff,0xff,0xff,0xff,0xff,0xff,0xff,0xff,0xff,0xff,0xff,0xff,0xff,0xff,0xff,0xff,
    0xff,0xff,0xff,0xff,0xff,0xff,0xff,0xff,0xff,0xff,0xff,0xff,0xff,0xff,0xff,0xff,
    0xff,0xff,0xff,0xff,0xff,0xff,0xff,0xff,0xff,0xff,0xff,0xff,0xff,0xff,0xff,0xff,
    0xff,0xff,0xff,0xff,0xff,0xff,0xff,0xff,0xff,0xff,0xff,0xff,0xff,0xff,0xff,0xff,
    0xff,0xff,0xff,0xff,0xff,0xff,0xff,0xff,0xff,0xff,0xff,0xff,0xff,0xff,0xff,0xff,
    0xff,0xff,0xff,0xff,0xff,0xff,0xff,0xff,0xff,0xff,0xff,0xff,0x30,0x8c,0x20,0x08,
    0x64,0x31,0x24,0x29,0x44,0x29,0x03,0x21,0x82,0x10,0xc6,0x39,0xe7,0x41,0xe7,0x41,
    0xe7,0x41,0xe7,0x41,0xe7,0x41,0xe7,0x41,0xe7,0x41,0xe7,0x41,0xe7,0x41,0xe6,0x41,
    0x07,0x4a,0xce,0x83,0x0b,0x63,0x2c,0x63,0xff,0xff,0xff,0xff,0xff,0xff,0xff,0xff,
    0xff,0xff,0xff,0xff,0xff,0xff,0xff,0xff,0xff,0xff,0xff,0xff,0xff,0xff,0xff,0xff,
    0xff,0xff,0xff,0xff,0xff,0xff,0xff,0xff,0xff,0xff,0xff,0xff,0xff,0xff,0xff,0xff,
    0xff,0xff,0xff,0xff,0xff,0xff,0xff,0xff,0xff,0xff,0xff,0xff,0xff,0xff,0xff,0xff,
    0xff,0xff,0xff,0xff,0xff,0xff,0xff,0xff,0xff,0xff,0xff,0xff,0xff,0xff,0xff,0xff,
    0xff,0xff,0xff,0xff,0xff,0xff,0xff,0xff,0xff,0xff,0xff,0xff,0xff,0xff,0xff,0xff,
    0xff,0xff,0x2d,0x63,0x69,0x4a,0xec,0x5a,0x8a,0x4a,0x8a,0x4a,0xaa,0x52,0xab,0x52,
    0xab,0x52,0xaa,0x52,0xca,0x52,0xcb,0x52,0xcb,0x52,0xcb,0x52,0xab,0x52,0x8a,0x4a,
    0x8a,0x4a,0xaf,0x73,0x92,0x8c,0x49,0x42,0x45,0x29,0x8a,0x52,0x0c,0x5b,0x45,0x21,
    0xc6,0x39,0xc6,0x39,0xca,0x5a,0x48,0x4a,0xaa,0x52,0xd3,0x94,0xef,0x73,0x6a,0x42,
    0x28,0x3a,0x28,0x3a,0x28,0x3a,0x28,0x3a,0x08,0x3a,0x29,0x42,0x49,0x42,0x6a,0x42,
    0x6a,0x4a,0x8a,0x4a,0x8a,0x4a,0xab,0x52,0xcb,0x52,0xcb,0x52,0x0c,0x5b,0xef,0x73,
    0x31,0x7c,0x14,0x9d,0xec,0x5a,0xaa,0x4a,0xae,0x6b,0x6d,0x63,0x0b,0x5b,0x7d,0xef,
    0xff,0xff,0xff,0xff,0xff,0xff,0xff,0xff,0xff,0xff,0xff,0xff,0xff,0xff,0xff,0xff,
    0xff,0xff,0xff,0xff,0xff,0xff,0xff,0xff,0xff,0xff,0xff,0xff,0xff,0xff,0xff,0xff,
    0xff,0xff,0xff,0xff,0xff,0xff,0xff,0xff,0xff,0xff,0xff,0xff,0xff,0xff,0xff,0xff,
    0xff,0xff,0xff,0xff,0xff,0xff,0xff,0xff,0xff,0xff,0xff,0xff,0xff,0xff,0xff,0xff,
    0xff,0xff,0xff,0xff,0xff,0xff,0xff,0xff,0xff,0xff,0xff,0xff,0xff,0xff,0xff,0xff,
    0xff,0xff,0xff,0xff,0xff,0xff,0xff,0xff,0xff,0xff,0xff,0xff,0xff,0xff,0xff,0xff,
    0xff,0xff,0xff,0xff,0xff,0xff,0xff,0xff,0xff,0xff,0xff,0xff,0xff,0xff,0xff,0xff,
    0xff,0xff,0xff,0xff,0x1c,0xe7,0x2c,0x63,0xd3,0x9c,0x69,0x4a,0x59,0xce,0xff,0xff,
    0xff,0xff,0xff,0xff,0xff,0xff,0xff,0xff,0xff,0xff,0xff,0xff,0xff,0xff,0xff,0xff,
    0xff,0xff,0xff,0xff,0xff,0xff,0xff,0xff,0xff,0xff,0xff,0xff,0xff,0xff,0xff,0xff,
    0xff,0xff,0xff,0xff,0xff,0xff,0xff,0xff,0xff,0xff,0xff,0xff,0xff,0xff,0xff,0xff,
    0xff,0xff,0xff,0xff,0xff,0xff,0xff,0xff,0xff,0xff,0xff,0xff,0xff,0xff,0xff,0xff,
    0xff,0xff,0xff,0xff,0xff,0xff,0xff,0xff,0xff,0xff,0xff,0xff,0xff,0xff,0xff,0xff,
    0xff,0xff,0xff,0xff,0xff,0xff,0xff,0xff,0xff,0xff,0xff,0xff,0xff,0xff,0xff,0xff,
    0xff,0xff,0xff,0xff,0xff,0xff,0xff,0xff,0xff,0xff,0xff,0xff,0x30,0x84,0x20,0x08,
    0x65,0x31,0x24,0x29,0x44,0x29,0x03,0x21,0x82,0x10,0xc6,0x39,0xe7,0x41,0xe7,0x41,
    0xe7,0x41,0xe7,0x41,0xe7,0x41,0xe7,0x41,0xe7,0x41,0xe7,0x41,0xe7,0x41,0xe6,0x41,
    0x07,0x4a,0xce,0x83,0x0b,0x63,0x4c,0x6b,0xff,0xff,0xff,0xff,0xff,0xff,0xff,0xff,
    0xff,0xff,0xff,0xff,0xff,0xff,0xff,0xff,0xff,0xff,0xff,0xff,0xff,0xff,0xff,0xff,
    0xff,0xff,0xff,0xff,0xff,0xff,0xff,0xff,0xff,0xff,0xff,0xff,0xff,0xff,0xff,0xff,
    0xff,0xff,0xff,0xff,0xff,0xff,0xff,0xff,0xff,0xff,0xff,0xff,0xff,0xff,0xff,0xff,
    0xff,0xff,0xff,0xff,0xff,0xff,0xff,0xff,0xff,0xff,0xff,0xff,0xff,0xff,0xff,0xff,
    0xff,0xff,0xff,0xff,0xff,0xff,0xff,0xff,0xff,0xff,0xff,0xff,0xff,0xff,0xff,0xff,
    0xff,0xff,0x51,0x8c,0x28,0x42,0x8a,0x4a,0x08,0x3a,0xe8,0x39,0xe8,0x39,0xe8,0x39,
    0xe8,0x39,0xe7,0x39,0xe8,0x39,0xe8,0x39,0xe7,0x31,0xe8,0x39,0xe7,0x39,0xc7,0x31,
    0xa7,0x31,0xc7,0x31,0x49,0x42,0xe8,0x39,0xcb,0x52,0x2d,0x63,0xcb,0x52,0x24,0x21,
    0xc6,0x39,0xc6,0x39,0xca,0x62,0x69,0x52,0x8a,0x4a,0xb2,0x8c,0x30,0x7c,0xcf,0x73,
    0xcf,0x6b,0xae,0x6b,0x8e,0x63,0x8e,0x63,0x6e,0x63,0x8e,0x6b,0x8e,0x63,0x8e,0x63,
    0x8e,0x63,0x6e,0x63,0x8e,0x6b,0xae,0x6b,0xcf,0x6b,0xcf,0x6b,0xcf,0x73,0xf0,0x73,
    0xcf,0x73,0xf3,0x94,0x0c,0x5b,0x69,0x42,0x8e,0x6b,0x4d,0x63,0xeb,0x5a,0x7d,0xef,
    0xff,0xff,0xff,0xff,0xff,0xff,0xff,0xff,0xff,0xff,0xff,0xff,0xff,0xff,0xff,0xff,
    0xff,0xff,0xff,0xff,0xff,0xff,0xff,0xff,0xff,0xff,0xff,0xff,0xff,0xff,0xff,0xff,
    0xff,0xff,0xff,0xff,0xff,0xff,0xff,0xff,0xff,0xff,0xff,0xff,0xff,0xff,0xff,0xff,
    0xff,0xff,0xff,0xff,0xff,0xff,0xff,0xff,0xff,0xff,0xff,0xff,0xff,0xff,0xff,0xff,
    0xff,0xff,0xff,0xff,0xff,0xff,0xff,0xff,0xff,0xff,0xff,0xff,0xff,0xff,0xff,0xff,
    0xff,0xff,0xff,0xff,0xff,0xff,0xff,0xff,0xff,0xff,0xff,0xff,0xff,0xff,0xff,0xff,
    0xff,0xff,0xff,0xff,0xff,0xff,0xff,0xff,0xff,0xff,0xff,0xff,0xff,0xff,0xff,0xff,
    0xff,0xff,0xff,0xff,0x1c,0xe7,0x2c,0x63,0xd3,0x9c,0x69,0x4a,0x38,0xc6,0xff,0xff,
    0xff,0xff,0xff,0xff,0xff,0xff,0xff,0xff,0xff,0xff,0xff,0xff,0xff,0xff,0xff,0xff,
    0xff,0xff,0xff,0xff,0xff,0xff,0xff,0xff,0xff,0xff,0xff,0xff,0xff,0xff,0xff,0xff,
    0xff,0xff,0xff,0xff,0xff,0xff,0xff,0xff,0xff,0xff,0xff,0xff,0xff,0xff,0xff,0xff,
    0xff,0xff,0xff,0xff,0xff,0xff,0xff,0xff,0xff,0xff,0xff,0xff,0xff,0xff,0xff,0xff,
    0xff,0xff,0xff,0xff,0xff,0xff,0xff,0xff,0xff,0xff,0xff,0xff,0xff,0xff,0xff,0xff,
    0xff,0xff,0xff,0xff,0xff,0xff,0xff,0xff,0xff,0xff,0xff,0xff,0xff,0xff,0xff,0xff,
    0xff,0xff,0xff,0xff,0xff,0xff,0xff,0xff,0xff,0xff,0xff,0xff,0x0f,0x84,0x40,0x08,
    0x65,0x31,0x24,0x29,0x44,0x29,0xe3,0x20,0x82,0x10,0xc6,0x39,0xe7,0x41,0xe7,0x41,
    0xe7,0x41,0xe7,0x41,0xe7,0x41,0xe7,0x41,0xe7,0x41,0xe7,0x41,0xe7,0x41,0xe7,0x41,
    0x07,0x4a,0xce,0x83,0xeb,0x62,0x4c,0x6b,0xff,0xff,0xff,0xff,0xff,0xff,0xff,0xff,
    0xff,0xff,0xff,0xff,0xff,0xff,0xff,0xff,0xff,0xff,0xff,0xff,0xff,0xff,0xff,0xff,
    0xff,0xff,0xff,0xff,0xff,0xff,0xff,0xff,0xff,0xff,0xff,0xff,0xff,0xff,0xff,0xff,
    0xff,0xff,0xff,0xff,0xff,0xff,0xff,0xff,0xff,0xff,0xff,0xff,0xff,0xff,0xff,0xff,
    0xff,0xff,0xff,0xff,0xff,0xff,0xff,0xff,0xff,0xff,0xff,0xff,0xff,0xff,0xff,0xff,
    0xff,0xff,0xff,0xff,0xff,0xff,0xff,0xff,0xff,0xff,0xff,0xff,0xff,0xff,0xdf,0xff,
    0xff,0xff,0x92,0x94,0xaa,0x52,0x71,0x84,0xf0,0x73,0xf0,0x73,0xf0,0x73,0x10,0x7c,
    0x10,0x7c,0x10,0x7c,0xf0,0x7b,0xf0,0x7b,0xef,0x73,0xf0,0x73,0xf0,0x7b,0xf0,0x7b,
    0xcf,0x73,0xf0,0x7b,0x29,0x42,0xab,0x52,0x2d,0x63,0x0c,0x5b,0xcb,0x52,0x24,0x21,
    0xa6,0x39,0xc6,0x39,0xeb,0x62,0x89,0x52,0x8a,0x4a,0xb3,0x8c,0x71,0x84,0x72,0x84,
    0x92,0x84,0x92,0x84,0x51,0x84,0x51,0x84,0x51,0x84,0x71,0x84,0x92,0x84,0x92,0x84,
    0x72,0x84,0x71,0x84,0x72,0x84,0x92,0x84,0x92,0x84,0x92,0x84,0x92,0x84,0x92,0x8c,
    0x30,0x7c,0xf3,0x94,0x2d,0x63,0x49,0x42,0x8e,0x63,0x2c,0x5b,0xaa,0x52,0x5d,0xef,
    0xff,0xff,0xff,0xff,0xff,0xff,0xff,0xff,0xff,0xff,0xff,0xff,0xff,0xff,0xff,0xff,
    0xff,0xff,0xff,0xff,0xff,0xff,0xff,0xff,0xff,0xff,0xff,0xff,0xff,0xff,0xff,0xff,
    0xff,0xff,0xff,0xff,0xff,0xff,0xff,0xff,0xff,0xff,0xff,0xff,0xff,0xff,0xff,0xff,
    0xff,0xff,0xff,0xff,0xff,0xff,0xff,0xff,0xff,0xff,0xff,0xff,0xff,0xff,0xff,0xff,
    0xff,0xff,0xff,0xff,0xff,0xff,0xff,0xff,0xff,0xff,0xff,0xff,0xff,0xff,0xff,0xff,
    0xff,0xff,0xff,0xff,0xff,0xff,0xff,0xff,0xff,0xff,0xff,0xff,0xff,0xff,0xff,0xff,
    0xff,0xff,0xff,0xff,0xff,0xff,0xff,0xff,0xff,0xff,0xff,0xff,0xff,0xff,0xff,0xff,
    0xff,0xff,0xff,0xff,0x1c,0xe7,0x4d,0x6b,0xd3,0x9c,0x69,0x4a,0x38,0xc6,0xff,0xff,
    0xff,0xff,0xff,0xff,0xff,0xff,0xff,0xff,0xff,0xff,0xff,0xff,0xff,0xff,0xff,0xff,
    0xff,0xff,0xff,0xff,0xff,0xff,0xff,0xff,0xff,0xff,0xff,0xff,0xff,0xff,0xff,0xff,
    0xff,0xff,0xff,0xff,0xff,0xff,0xff,0xff,0xff,0xff,0xff,0xff,0xff,0xff,0xff,0xff,
    0xff,0xff,0xff,0xff,0xff,0xff,0xff,0xff,0xff,0xff,0xff,0xff,0xff,0xff,0xff,0xff,
    0xff,0xff,0xff,0xff,0xff,0xff,0xff,0xff,0xff,0xff,0xff,0xff,0xff,0xff,0xff,0xff,
    0xff,0xff,0xff,0xff,0xff,0xff,0xff,0xff,0xff,0xff,0xff,0xff,0xff,0xff,0xff,0xff,
    0xff,0xff,0xff,0xff,0xff,0xff,0xff,0xff,0xff,0xff,0xff,0xff,0xef,0x7b,0x40,0x08,
    0x65,0x31,0x24,0x29,0x44,0x29,0xe3,0x20,0x82,0x10,0xc7,0x39,0xe7,0x41,0xe7,0x41,
    0xe7,0x41,0xe7,0x41,0xe7,0x41,0xe7,0x41,0xe7,0x41,0xe7,0x41,0xe7,0x41,0xe7,0x41,
    0x27,0x4a,0xce,0x83,0xea,0x62,0x4d,0x6b,0xff,0xff,0xff,0xff,0xff,0xff,0xff,0xff,
    0xff,0xff,0xff,0xff,0xff,0xff,0xff,0xff,0xff,0xff,0xff,0xff,0xff,0xff,0xff,0xff,
    0xff,0xff,0xff,0xff,0xff,0xff,0xff,0xff,0xff,0xff,0xff,0xff,0xff,0xff,0xff,0xff,
    0xff,0xff,0xff,0xff,0xff,0xff,0xff,0xff,0xff,0xff,0xff,0xff,0xff,0xff,0xff,0xff,
    0xff,0xff,0xff,0xff,0xff,0xff,0xff,0xff,0xff,0xff,0xff,0xff,0xff,0xff,0xff,0xff,
    0xff,0xff,0xff,0xff,0xff,0xff,0xff,0xff,0xff,0xff,0xff,0xff,0xff,0xff,0xdf,0xff,
    0xff,0xff,0xb2,0x94,0xcb,0x52,0xb2,0x8c,0x51,0x84,0x71,0x84,0x71,0x84,0x72,0x84,
    0x72,0x84,0x72,0x84,0x91,0x84,0x71,0x84,0x71,0x84,0x71,0x84,0x72,0x84,0x72,0x84,
    0x72,0x84,0x92,0x8c,0x29,0x42,0x8a,0x52,0x2d,0x63,0x0d,0x5b,0xcb,0x52,0x24,0x21,
    0xa6,0x39,0xc6,0x39,0xca,0x5a,0x48,0x4a,0x8a,0x4a,0xd3,0x94,0x71,0x84,0x71,0x84,
    0x71,0x84,0x51,0x84,0x51,0x7c,0x51,0x7c,0x71,0x84,0x51,0x84,0x30,0x7c,0x10,0x7c,
    0x31,0x7c,0x71,0x84,0x71,0x84,0x51,0x84,0x71,0x84,0x71,0x84,0x51,0x84,0x72,0x84,
    0x10,0x74,0xf3,0x94,0x6e,0x6b,0x49,0x42,0x8e,0x6b,0x2c,0x5b,0xaa,0x52,0x5d,0xef,
    0xff,0xff,0xff,0xff,0xff,0xff,0xff,0xff,0xff,0xff,0xff,0xff,0xff,0xff,0xff,0xff,
    0xff,0xff,0xff,0xff,0xff,0xff,0xff,0xff,0xff,0xff,0xff,0xff,0xff,0xff,0xff,0xff,
    0xff,0xff,0xff,0xff,0xff,0xff,0xff,0xff,0xff,0xff,0xff,0xff,0xff,0xff,0xff,0xff,
    0xff,0xff,0xff,0xff,0xff,0xff,0xff,0xff,0xff,0xff,0xff,0xff,0xff,0xff,0xff,0xff,
    0xff,0xff,0xff,0xff,0xff,0xff,0xff,0xff,0xff,0xff,0xff,0xff,0xff,0xff,0xff,0xff,
    0xff,0xff,0xff,0xff,0xff,0xff,0xff,0xff,0xff,0xff,0xff,0xff,0xff,0xff,0xff,0xff,
    0xff,0xff,0xff,0xff,0xff,0xff,0xff,0xff,0xff,0xff,0xff,0xff,0xff,0xff,0xff,0xff,
    0xff,0xff,0xff,0xff,0x3c,0xe7,0x4d,0x6b,0xd3,0x9c,0x69,0x4a,0x18,0xc6,0xff,0xff,
    0xff,0xff,0xff,0xff,0xff,0xff,0xff,0xff,0xff,0xff,0xff,0xff,0xff,0xff,0xff,0xff,
    0xff,0xff,0xff,0xff,0xff,0xff,0xff,0xff,0xff,0xff,0xff,0xff,0xff,0xff,0xff,0xff,
    0xff,0xff,0xff,0xff,0xff,0xff,0xff,0xff,0xff,0xff,0xff,0xff,0xff,0xff,0xff,0xff,
    0xff,0xff,0xff,0xff,0xff,0xff,0xff,0xff,0xff,0xff,0xff,0xff,0xff,0xff,0xff,0xff,
    0xff,0xff,0xff,0xff,0xff,0xff,0xff,0xff,0xff,0xff,0xff,0xff,0xff,0xff,0xff,0xff,
    0xff,0xff,0xff,0xff,0xff,0xff,0xff,0xff,0xff,0xff,0xff,0xff,0xff,0xff,0xff,0xff,
    0xff,0xff,0xff,0xff,0xff,0xff,0xff,0xff,0xff,0xff,0xff,0xff,0xcf,0x7b,0x41,0x08,
    0x64,0x29,0x24,0x29,0x44,0x29,0xe3,0x20,0x82,0x10,0xc7,0x39,0xe7,0x41,0xe7,0x41,
    0xe7,0x41,0xe7,0x41,0xe7,0x41,0xe7,0x41,0xe7,0x41,0xe7,0x41,0xe7,0x41,0xe7,0x41,
    0x07,0x42,0xcd,0x83,0xea,0x62,0x6d,0x6b,0xff,0xff,0xff,0xff,0xff,0xff,0xff,0xff,
    0xff,0xff,0xff,0xff,0xff,0xff,0xff,0xff,0xff,0xff,0xff,0xff,0xff,0xff,0xff,0xff,
    0xff,0xff,0xff,0xff,0xff,0xff,0xff,0xff,0xff,0xff,0xff,0xff,0xff,0xff,0xff,0xff,
    0xff,0xff,0xff,0xff,0xff,0xff,0xff,0xff,0xff,0xff,0xff,0xff,0xff,0xff,0xff,0xff,
    0xff,0xff,0xff,0xff,0xff,0xff,0xff,0xff,0xff,0xff,0xff,0xff,0xff,0xff,0xff,0xff,
    0xff,0xff,0xff,0xff,0xff,0xff,0xff,0xff,0xff,0xff,0xff,0xff,0xff,0xff,0xdf,0xff,
    0xff,0xff,0xd3,0x9c,0xcb,0x52,0xb2,0x8c,0x51,0x7c,0x51,0x84,0x51,0x84,0x51,0x84,
    0x71,0x84,0x71,0x84,0x51,0x84,0x51,0x84,0x51,0x84,0x51,0x84,0x51,0x84,0x71,0x84,
    0x71,0x84,0x92,0x84,0x29,0x42,0xab,0x52,0x2d,0x63,0x0d,0x5b,0xec,0x5a,0x44,0x29,
    0xc6,0x39,0xe6,0x41,0x27,0x4a,0x44,0x29,0x8a,0x4a,0xd3,0x94,0x71,0x84,0x71,0x84,
    0x71,0x84,0x51,0x84,0x51,0x84,0xef,0x73,0x0c,0x5b,0x8a,0x4a,0x8a,0x4a,0x8a,0x52,
    0x69,0x42,0xcb,0x52,0xcf,0x73,0x71,0x84,0x71,0x84,0x71,0x84,0x71,0x84,0x92,0x8c,
    0xef,0x73,0xb3,0x8c,0x8e,0x6b,0x49,0x42,0x8e,0x6b,0x2c,0x5b,0xcb,0x52,0x9e,0xf7,
    0xff,0xff,0xff,0xff,0xff,0xff,0xff,0xff,0xff,0xff,0xff,0xff,0xff,0xff,0xff,0xff,
    0xff,0xff,0xff,0xff,0xff,0xff,0xff,0xff,0xff,0xff,0xff,0xff,0xff,0xff,0xff,0xff,
    0xff,0xff,0xff,0xff,0xff,0xff,0xff,0xff,0xff,0xff,0xff,0xff,0xff,0xff,0xff,0xff,
    0xff,0xff,0xff,0xff,0xff,0xff,0xff,0xff,0xff,0xff,0xff,0xff,0xff,0xff,0xff,0xff,
    0xff,0xff,0xff,0xff,0xff,0xff,0xff,0xff,0xff,0xff,0xff,0xff,0xff,0xff,0xff,0xff,
    0xff,0xff,0xff,0xff,0xff,0xff,0xff,0xff,0xff,0xff,0xff,0xff,0xff,0xff,0xff,0xff,
    0xff,0xff,0xff,0xff,0xff,0xff,0xff,0xff,0xff,0xff,0xff,0xff,0xff,0xff,0xff,0xff,
    0xff,0xff,0xff,0xff,0x3c,0xe7,0x4d,0x6b,0xd3,0x9c,0x69,0x4a,0x18,0xc6,0xff,0xff,
    0xff,0xff,0xff,0xff,0xff,0xff,0xff,0xff,0xff,0xff,0xff,0xff,0xff,0xff,0xff,0xff,
    0xff,0xff,0xff,0xff,0xff,0xff,0xff,0xff,0xff,0xff,0xff,0xff,0xff,0xff,0xff,0xff,
    0xff,0xff,0xff,0xff,0xff,0xff,0xff,0xff,0xff,0xff,0xff,0xff,0xff,0xff,0xff,0xff,
    0xff,0xff,0xff,0xff,0xff,0xff,0xff,0xff,0xff,0xff,0xff,0xff,0xff,0xff,0xff,0xff,
    0xff,0xff,0xff,0xff,0xff,0xff,0xff,0xff,0xff,0xff,0xff,0xff,0xff,0xff,0xff,0xff,
    0xff,0xff,0xff,0xff,0xff,0xff,0xff,0xff,0xff,0xff,0xff,0xff,0xff,0xff,0xff,0xff,
    0xff,0xff,0xff,0xff,0xff,0xff,0xff,0xff,0xff,0xff,0xff,0xff,0xae,0x73,0x41,0x08,
    0x64,0x29,0x24,0x29,0x44,0x29,0xe3,0x20,0xa2,0x18,0xc7,0x39,0xe7,0x41,0xe7,0x41,
    0xe7,0x41,0xe7,0x41,0xe7,0x41,0xe7,0x41,0xe7,0x41,0xe7,0x41,0xe7,0x41,0xe7,0x41,
    0x07,0x4a,0xce,0x83,0xea,0x62,0x8d,0x73,0xff,0xff,0xff,0xff,0xff,0xff,0xff,0xff,
    0xff,0xff,0xff,0xff,0xff,0xff,0xff,0xff,0xff,0xff,0xff,0xff,0xff,0xff,0xff,0xff,
    0xff,0xff,0xff,0xff,0xff,0xff,0xff,0xff,0xff,0xff,0xff,0xff,0xff,0xff,0xff,0xff,
    0xff,0xff,0xff,0xff,0xff,0xff,0xff,0xff,0xff,0xff,0xff,0xff,0xff,0xff,0xff,0xff,
    0xff,0xff,0xff,0xff,0xff,0xff,0xff,0xff,0xff,0xff,0xff,0xff,0xff,0xff,0xff,0xff,
    0xff,0xff,0xff,0xff,0xff,0xff,0xff,0xff,0xff,0xff,0xff,0xff,0xff,0xff,0xff,0xff,
    0xff,0xff,0x14,0xa5,0xcb,0x52,0xb3,0x8c,0x51,0x7c,0x51,0x84,0x51,0x84,0x51,0x84,
    0x51,0x84,0x51,0x84,0x51,0x84,0x51,0x84,0x51,0x84,0x51,0x84,0x51,0x84,0x51,0x84,
    0x71,0x84,0x92,0x8c,0x49,0x42,0xab,0x52,0x6e,0x6b,0x0c,0x5b,0xc7,0x39,0x65,0x29,
    0xe7,0x41,0xc6,0x41,0x07,0x42,0x44,0x29,0x8a,0x4a,0xd3,0x94,0x72,0x84,0x72,0x84,
    0x72,0x84,0x72,0x84,0xcf,0x73,0x0c,0x5b,0x4d,0x63,0x0c,0x5b,0xcb,0x5a,0xcb,0x5a,
    0x2c,0x63,0x6d,0x6b,0xae,0x6b,0x6d,0x63,0x30,0x7c,0x71,0x84,0x71,0x84,0x92,0x8c,
    0xef,0x73,0xb2,0x8c,0x8e,0x6b,0x49,0x42,0x8e,0x6b,0xca,0x52,0xe8,0x39,0xf7,0xbd,
    0xbe,0xff,0xff,0xff,0xff,0xff,0xff,0xff,0xff,0xff,0xff,0xff,0xff,0xff,0xff,0xff,
    0xff,0xff,0xff,0xff,0xff,0xff,0xff,0xff,0xff,0xff,0xff,0xff,0xff,0xff,0xff,0xff,
    0xff,0xff,0xff,0xff,0xff,0xff,0xff,0xff,0xff,0xff,0xff,0xff,0xff,0xff,0xff,0xff,
    0xff,0xff,0xff,0xff,0xff,0xff,0xff,0xff,0xff,0xff,0xff,0xff,0xff,0xff,0xff,0xff,
    0xff,0xff,0xff,0xff,0xff,0xff,0xff,0xff,0xff,0xff,0xff,0xff,0xff,0xff,0xff,0xff,
    0xff,0xff,0xff,0xff,0xff,0xff,0xff,0xff,0xff,0xff,0xff,0xff,0xff,0xff,0xff,0xff,
    0xff,0xff,0xff,0xff,0xff,0xff,0xff,0xff,0xff,0xff,0xff,0xff,0xff,0xff,0xff,0xff,
    0xff,0xff,0xff,0xff,0x3c,0xe7,0x4d,0x6b,0xd3,0x9c,0x69,0x4a,0xf7,0xbd,0xff,0xff,
    0xff,0xff,0xff,0xff,0xff,0xff,0xff,0xff,0xff,0xff,0xff,0xff,0xff,0xff,0xff,0xff,
    0xff,0xff,0xff,0xff,0xff,0xff,0xff,0xff,0xff,0xff,0xff,0xff,0xff,0xff,0xff,0xff,
    0xff,0xff,0xff,0xff,0xff,0xff,0xff,0xff,0xff,0xff,0xff,0xff,0xff,0xff,0xff,0xff,
    0xff,0xff,0xff,0xff,0xff,0xff,0xff,0xff,0xff,0xff,0xff,0xff,0xff,0xff,0xff,0xff,
    0xff,0xff,0xff,0xff,0xff,0xff,0xff,0xff,0xff,0xff,0xff,0xff,0xff,0xff,0xff,0xff,
    0xff,0xff,0xff,0xff,0xff,0xff,0xff,0xff,0xff,0xff,0xff,0xff,0xff,0xff,0xff,0xff,
    0xff,0xff,0xff,0xff,0xff,0xff,0xff,0xff,0xff,0xff,0xff,0xff,0xae,0x73,0x41,0x08,
    0x64,0x31,0x24,0x29,0x44,0x29,0xe3,0x20,0xa2,0x10,0xe7,0x39,0xe7,0x41,0xe7,0x41,
    0xe7,0x41,0xe7,0x41,0xe7,0x41,0xe7,0x41,0xe7,0x41,0xe7,0x41,0xe7,0x41,0xe7,0x41,
    0x27,0x4a,0xce,0x83,0xea,0x62,0x8d,0x73,0xff,0xff,0xff,0xff,0xff,0xff,0xff,0xff,
    0xff,0xff,0xff,0xff,0xff,0xff,0xff,0xff,0xff,0xff,0xff,0xff,0xff,0xff,0xff,0xff,
    0xff,0xff,0xff,0xff,0xff,0xff,0xff,0xff,0xff,0xff,0xff,0xff,0xff,0xff,0xff,0xff,
    0xff,0xff,0xff,0xff,0xff,0xff,0xff,0xff,0xff,0xff,0xff,0xff,0xba,0xd6,0xd7,0xbd,
    0x75,0xad,0x55,0xad,0x55,0xad,0x34,0xa5,0x34,0xa5,0x34,0xa5,0x14,0xa5,0x14,0xa5,
    0xf3,0x9c,0x34,0xa5,0x79,0xce,0x9a,0xd6,0x99,0xd6,0x9a,0xd6,0x9a,0xd6,0xba,0xd6,
    0x3c,0xe7,0x71,0x8c,0xaa,0x52,0xd3,0x8c,0x92,0x84,0x92,0x84,0x71,0x84,0x71,0x84,
    0x71,0x84,0x71,0x84,0x71,0x84,0x51,0x7c,0x71,0x84,0x71,0x84,0x71,0x84,0x71,0x84,
    0x51,0x84,0xb2,0x8c,0x8a,0x4a,0xcb,0x52,0x0c,0x5b,0x86,0x29,0xe3,0x18,0xc6,0x39,
    0x07,0x42,0xc6,0x41,0xc6,0x41,0xe3,0x20,0x69,0x42,0xd3,0x8c,0x72,0x84,0x92,0x84,
    0xb2,0x8c,0x6e,0x63,0x8e,0x6b,0xef,0x73,0x49,0x42,0x45,0x21,0x04,0x21,0x24,0x21,
    0x45,0x29,0xe8,0x39,0xef,0x7b,0x10,0x7c,0xcb,0x52,0x51,0x7c,0x72,0x84,0xb2,0x8c,
    0xef,0x73,0x92,0x8c,0xaf,0x73,0x49,0x42,0x0c,0x5b,0xa6,0x31,0x45,0x29,0xa3,0x18,
    0xb2,0x94,0xff,0xff,0xdf,0xff,0xff,0xff,0xff,0xff,0xff,0xff,0xff,0xff,0xff,0xff,
    0xff,0xff,0xff,0xff,0xff,0xff,0xff,0xff,0xff,0xff,0xff,0xff,0xff,0xff,0xff,0xff,
    0xff,0xff,0xff,0xff,0xff,0xff,0xff,0xff,0xff,0xff,0xff,0xff,0xff,0xff,0xff,0xff,
    0xff,0xff,0xff,0xff,0xff,0xff,0xff,0xff,0xff,0xff,0xff,0xff,0xff,0xff,0xff,0xff,
    0xff,0xff,0xff,0xff,0xff,0xff,0xff,0xff,0xff,0xff,0xff,0xff,0xff,0xff,0xff,0xff,
    0xff,0xff,0xff,0xff,0xff,0xff,0xff,0xff,0xff,0xff,0xff,0xff,0xff,0xff,0xff,0xff,
    0xff,0xff,0xff,0xff,0xff,0xff,0xff,0xff,0xff,0xff,0xff,0xff,0xff,0xff,0xff,0xff,
    0xff,0xff,0xff,0xff,0x3c,0xe7,0x4d,0x6b,0xd3,0x9c,0x69,0x4a,0xf7,0xbd,0xff,0xff,
    0xff,0xff,0xff,0xff,0xff,0xff,0xff,0xff,0xff,0xff,0xff,0xff,0xff,0xff,0xff,0xff,
    0xff,0xff,0xff,0xff,0xff,0xff,0xff,0xff,0xff,0xff,0xff,0xff,0xff,0xff,0xff,0xff,
    0xff,0xff,0xff,0xff,0xff,0xff,0xff,0xff,0xff,0xff,0xff,0xff,0xff,0xff,0xff,0xff,
    0xff,0xff,0xff,0xff,0xff,0xff,0xff,0xff,0xff,0xff,0xff,0xff,0xff,0xff,0xff,0xff,
    0xff,0xff,0xff,0xff,0xff,0xff,0xff,0xff,0xff,0xff,0xff,0xff,0xff,0xff,0xff,0xff,
    0xff,0xff,0xff,0xff,0xff,0xff,0xff,0xff,0xff,0xff,0xff,0xff,0xff,0xff,0xff,0xff,
    0xff,0xff,0xff,0xff,0xff,0xff,0xff,0xff,0xff,0xff,0xff,0xff,0x8d,0x73,0x61,0x08,
    0x44,0x31,0x24,0x29,0x44,0x29,0xe3,0x20,0xa2,0x10,0xe7,0x41,0xe7,0x41,0xe7,0x41,
    0xe7,0x41,0xe7,0x41,0xe7,0x41,0xe7,0x41,0xe7,0x41,0xe7,0x41,0xe7,0x41,0xe7,0x41,
    0x27,0x4a,0xee,0x83,0xca,0x5a,0x8d,0x73,0xff,0xff,0xff,0xff,0xff,0xff,0xff,0xff,
    0xff,0xff,0xff,0xff,0xff,0xff,0xff,0xff,0xff,0xff,0xff,0xff,0xff,0xff,0xff,0xff,
    0xff,0xff,0xff,0xff,0xff,0xff,0xff,0xff,0xff,0xff,0xff,0xff,0xff,0xff,0xff,0xff,
    0xff,0xff,0xff,0xff,0xff,0xff,0xff,0xff,0xdf,0xff,0xb2,0x94,0x69,0x4a,0x69,0x4a,
    0x49,0x42,0x49,0x42,0x69,0x42,0x6a,0x4a,0x8a,0x4a,0xaa,0x4a,0xaa,0x4a,0xeb,0x5a,
    0xe7,0x39,0x65,0x29,0x49,0x4a,0x08,0x42,0x08,0x42,0x08,0x42,0x08,0x42,0x28,0x42,
    0xcb,0x52,0x69,0x4a,0xaa,0x52,0x30,0x7c,0x10,0x74,0xef,0x73,0xef,0x73,0x0f,0x74,
    0x10,0x7c,0x10,0x7c,0x10,0x7c,0x10,0x7c,0x30,0x7c,0x31,0x7c,0x51,0x84,0x71,0x84,
    0x72,0x84,0xb3,0x8c,0x6e,0x6b,0x29,0x42,0x86,0x29,0x6a,0x4a,0x49,0x42,0x03,0x21,
    0xc6,0x39,0xe7,0x41,0x65,0x29,0x25,0x21,0x49,0x42,0xb2,0x8c,0x71,0x84,0xb2,0x8c,
    0xcf,0x73,0xcb,0x52,0x6e,0x6b,0x86,0x29,0x65,0x29,0xa7,0x31,0x86,0x31,0xa6,0x31,
    0xc7,0x31,0x45,0x29,0x04,0x19,0x30,0x84,0xae,0x6b,0x2c,0x5b,0x92,0x8c,0x92,0x8c,
    0xcf,0x73,0x72,0x8c,0xaf,0x73,0x49,0x42,0x29,0x42,0x45,0x29,0x49,0x4a,0x61,0x08,
    0x49,0x4a,0xff,0xff,0xff,0xff,0xff,0xff,0xff,0xff,0xff,0xff,0xff,0xff,0xff,0xff,
    0xff,0xff,0xff,0xff,0xff,0xff,0xff,0xff,0xff,0xff,0xff,0xff,0xff,0xff,0xff,0xff,
    0xff,0xff,0xff,0xff,0xff,0xff,0xff,0xff,0xff,0xff,0xff,0xff,0xff,0xff,0xff,0xff,
    0xff,0xff,0xff,0xff,0xff,0xff,0xff,0xff,0xff,0xff,0xff,0xff,0xff,0xff,0xff,0xff,
    0xff,0xff,0xff,0xff,0xff,0xff,0xff,0xff,0xff,0xff,0xff,0xff,0xff,0xff,0xff,0xff,
    0xff,0xff,0xff,0xff,0xff,0xff,0xff,0xff,0xff,0xff,0xff,0xff,0xff,0xff,0xff,0xff,
    0xff,0xff,0xff,0xff,0xff,0xff,0xff,0xff,0xff,0xff,0xff,0xff,0xff,0xff,0xff,0xff,
    0xff,0xff,0xff,0xff,0x3c,0xe7,0x4d,0x6b,0xd3,0x9c,0x69,0x4a,0xd7,0xbd,0xff,0xff,
    0xff,0xff,0xff,0xff,0xff,0xff,0xff,0xff,0xff,0xff,0xff,0xff,0xff,0xff,0xff,0xff,
    0xff,0xff,0xff,0xff,0xff,0xff,0xff,0xff,0xff,0xff,0xff,0xff,0xff,0xff,0xff,0xff,
    0xff,0xff,0xff,0xff,0xff,0xff,0xff,0xff,0xff,0xff,0xff,0xff,0xff,0xff,0xff,0xff,
    0xff,0xff,0xff,0xff,0xff,0xff,0xff,0xff,0xff,0xff,0xff,0xff,0xff,0xff,0xff,0xff,
    0xff,0xff,0xff,0xff,0xff,0xff,0xff,0xff,0xff,0xff,0xff,0xff,0xff,0xff,0xff,0xff,
    0xff,0xff,0xff,0xff,0xff,0xff,0xff,0xff,0xff,0xff,0xff,0xff,0xff,0xff,0xff,0xff,
    0xff,0xff,0xff,0xff,0xff,0xff,0xff,0xff,0xff,0xff,0xff,0xff,0x6d,0x6b,0x61,0x08,
    0x44,0x29,0x24,0x29,0x44,0x29,0xe3,0x20,0xa2,0x10,0xe7,0x41,0xe7,0x41,0xe7,0x41,
    0xe7,0x41,0xe7,0x41,0xe7,0x41,0xe7,0x41,0xe7,0x41,0xe7,0x41,0xe7,0x41,0xe7,0x41,
    0x27,0x4a,0xee,0x83,0xca,0x5a,0x8d,0x73,0xff,0xff,0xff,0xff,0xff,0xff,0xff,0xff,
    0xff,0xff,0xff,0xff,0xff,0xff,0xff,0xff,0xff,0xff,0xff,0xff,0xff,0xff,0xff,0xff,
    0xff,0xff,0xff,0xff,0xff,0xff,0xff,0xff,0xff,0xff,0xff,0xff,0xff,0xff,0xff,0xff,
    0xff,0xff,0xff,0xff,0xff,0xff,0xbe,0xf7,0xaf,0x73,0xe7,0x31,0xae,0x6b,0x51,0x84,
    0x51,0x84,0x51,0x84,0x71,0x84,0x72,0x84,0x92,0x8c,0x92,0x8c,0xd3,0x94,0x51,0x84,
    0xa7,0x31,0x8a,0x4a,0x28,0x42,0xe7,0x39,0xc7,0x39,0xc7,0x39,0xc7,0x31,0xa7,0x31,
    0xe8,0x39,0x6a,0x4a,0xec,0x5a,0x49,0x42,0x07,0x3a,0x08,0x3a,0xe7,0x39,0xa7,0x31,
    0xa6,0x31,0xa7,0x31,0xa7,0x31,0xa7,0x31,0xa7,0x31,0xc7,0x31,0xc7,0x31,0x08,0x3a,
    0x29,0x42,0xcb,0x52,0x4d,0x63,0xe8,0x39,0xcb,0x52,0x4d,0x63,0x28,0x3a,0x69,0x4a,
    0xa6,0x31,0x24,0x21,0x65,0x29,0x8b,0x52,0x29,0x42,0xb2,0x8c,0x71,0x84,0x71,0x84,
    0xab,0x4a,0x4d,0x63,0xc7,0x31,0xa7,0x31,0x08,0x3a,0xe3,0x18,0xe3,0x18,0xc3,0x18,
    0x04,0x19,0xc7,0x39,0x86,0x29,0x08,0x3a,0xb2,0x94,0x8a,0x4a,0x30,0x7c,0xb2,0x8c,
    0xae,0x6b,0x31,0x7c,0xcf,0x73,0x49,0x42,0x29,0x42,0x45,0x29,0x28,0x42,0xe3,0x18,
    0xc7,0x39,0xbe,0xf7,0xff,0xff,0xff,0xff,0xff,0xff,0xff,0xff,0xff,0xff,0xff,0xff,
    0xff,0xff,0xff,0xff,0xff,0xff,0xff,0xff,0xff,0xff,0xff,0xff,0xff,0xff,0xff,0xff,
    0xff,0xff,0xff,0xff,0xff,0xff,0xff,0xff,0xff,0xff,0xff,0xff,0xff,0xff,0xff,0xff,
    0xff,0xff,0xff,0xff,0xff,0xff,0xff,0xff,0xff,0xff,0xff,0xff,0xff,0xff,0xff,0xff,
    0xff,0xff,0xff,0xff,0xff,0xff,0xff,0xff,0xff,0xff,0xff,0xff,0xff,0xff,0xff,0xff,
    0xff,0xff,0xff,0xff,0xff,0xff,0xff,0xff,0xff,0xff,0xff,0xff,0xff,0xff,0xff,0xff,
    0xff,0xff,0xff,0xff,0xff,0xff,0xff,0xff,0xff,0xff,0xff,0xff,0xff,0xff,0xff,0xff,
    0xff,0xff,0xff,0xff,0x5d,0xef,0x6d,0x6b,0xd3,0x9c,0x69,0x4a,0xb6,0xb5,0xff,0xff,
    0xff,0xff,0xff,0xff,0xff,0xff,0xff,0xff,0xff,0xff,0xff,0xff,0xff,0xff,0xff,0xff,
    0xff,0xff,0xff,0xff,0xff,0xff,0xff,0xff,0xff,0xff,0xff,0xff,0xff,0xff,0xff,0xff,
    0xff,0xff,0xff,0xff,0xff,0xff,0xff,0xff,0xff,0xff,0xff,0xff,0xff,0xff,0xff,0xff,
    0xff,0xff,0xff,0xff,0xff,0xff,0xff,0xff,0xff,0xff,0xff,0xff,0xff,0xff,0xff,0xff,
    0xff,0xff,0xff,0xff,0xff,0xff,0xff,0xff,0xff,0xff,0xff,0xff,0xff,0xff,0xff,0xff,
    0xff,0xff,0xff,0xff,0xff,0xff,0xff,0xff,0xff,0xff,0xff,0xff,0xff,0xff,0xff,0xff,
    0xff,0xff,0xff,0xff,0xff,0xff,0xff,0xff,0xff,0xff,0xff,0xff,0x4c,0x6b,0x61,0x08,
    0x64,0x29,0x24,0x29,0x44,0x29,0xe3,0x18,0xc2,0x18,0xe7,0x41,0xe7,0x41,0xe7,0x41,
    0xe7,0x41,0xe7,0x41,0xe7,0x41,0xe7,0x41,0xe7,0x41,0xe7,0x41,0xe7,0x41,0xc6,0x41,
    0x27,0x4a,0xee,0x83,0xca,0x5a,0x8e,0x73,0xff,0xff,0xff,0xff,0xff,0xff,0xff,0xff,
    0xff,0xff,0xff,0xff,0xff,0xff,0xff,0xff,0xff,0xff,0xff,0xff,0xff,0xff,0xff,0xff,
    0xff,0xff,0xff,0xff,0xff,0xff,0xff,0xff,0xff,0xff,0xff,0xff,0xff,0xff,0xff,0xff,
    0xff,0xff,0xff,0xff,0xdf,0xff,0xcf,0x7b,0xc7,0x31,0x0c,0x5b,0x31,0x7c,0x51,0x7c,
    0x51,0x7c,0x51,0x7c,0x51,0x84,0x51,0x84,0x51,0x84,0x51,0x84,0xb3,0x8c,0x49,0x42,
    0xa7,0x31,0xcb,0x52,0x49,0x42,0x29,0x42,0x08,0x3a,0x08,0x3a,0x08,0x3a,0x08,0x3a,
    0x08,0x3a,0x6a,0x42,0x4d,0x63,0x08,0x3a,0xaa,0x4a,0x4d,0x63,0x0c,0x5b,0xcb,0x52,
    0xcb,0x52,0xab,0x4a,0xcb,0x52,0xab,0x52,0x8a,0x4a,0x6a,0x4a,0x69,0x42,0x69,0x42,
    0x6a,0x4a,0xec,0x5a,0x8a,0x4a,0xe7,0x31,0x8e,0x6b,0x49,0x42,0xcb,0x52,0x6e,0x63,
    0x6e,0x6b,0xaa,0x52,0x69,0x4a,0x4d,0x63,0xe8,0x39,0x92,0x8c,0x92,0x84,0xaf,0x73,
    0x8a,0x4a,0xab,0x52,0x66,0x29,0x29,0x42,0x04,0x19,0x45,0x21,0xe7,0x39,0xe7,0x39,
    0x45,0x29,0x04,0x19,0xe7,0x39,0x45,0x29,0xeb,0x5a,0x8a,0x4a,0x4d,0x63,0xd3,0x8c,
    0x8e,0x63,0x10,0x7c,0xcf,0x73,0x6a,0x4a,0x49,0x42,0x65,0x29,0x69,0x4a,0x24,0x21,
    0x48,0x42,0xdf,0xff,0xff,0xff,0xff,0xff,0xff,0xff,0xff,0xff,0xff,0xff,0xff,0xff,
    0xff,0xff,0xff,0xff,0xff,0xff,0xff,0xff,0xff,0xff,0xff,0xff,0xff,0xff,0xff,0xff,
    0xff,0xff,0xff,0xff,0xff,0xff,0xff,0xff,0xff,0xff,0xff,0xff,0xff,0xff,0xff,0xff,
    0xff,0xff,0xff,0xff,0xff,0xff,0xff,0xff,0xff,0xff,0xff,0xff,0xff,0xff,0xff,0xff,
    0xff,0xff,0xff,0xff,0xff,0xff,0xff,0xff,0xff,0xff,0xff,0xff,0xff,0xff,0xff,0xff,
    0xff,0xff,0xff,0xff,0xff,0xff,0xff,0xff,0xff,0xff,0xff,0xff,0xff,0xff,0xff,0xff,
    0xff,0xff,0xff,0xff,0xff,0xff,0xff,0xff,0xff,0xff,0xff,0xff,0xff,0xff,0xff,0xff,
    0xff,0xff,0xff,0xff,0x5d,0xef,0x6d,0x6b,0xd3,0x9c,0x69,0x4a,0xb6,0xb5,0xff,0xff,
    0xff,0xff,0xff,0xff,0xff,0xff,0xff,0xff,0xff,0xff,0xff,0xff,0xff,0xff,0xff,0xff,
    0xff,0xff,0xff,0xff,0xff,0xff,0xff,0xff,0xff,0xff,0xff,0xff,0xff,0xff,0xff,0xff,
    0xff,0xff,0xff,0xff,0xff,0xff,0xff,0xff,0xff,0xff,0xff,0xff,0xff,0xff,0xff,0xff,
    0xff,0xff,0xff,0xff,0xff,0xff,0xff,0xff,0xff,0xff,0xff,0xff,0xff,0xff,0xff,0xff,
    0xff,0xff,0xff,0xff,0xff,0xff,0xff,0xff,0xff,0xff,0xff,0xff,0xff,0xff,0xff,0xff,
    0xff,0xff,0xff,0xff,0xff,0xff,0xff,0xff,0xff,0xff,0xff,0xff,0xff,0xff,0xff,0xff,
    0xff,0xff,0xff,0xff,0xff,0xff,0xff,0xff,0xff,0xff,0xff,0xff,0x2c,0x63,0x81,0x10,
    0x65,0x31,0x24,0x29,0x44,0x29,0xe3,0x18,0xc2,0x18,0xe7,0x41,0xe7,0x41,0xe7,0x41,
    0xe7,0x41,0xe7,0x41,0xe7,0x41,0xe7,0x41,0xe7,0x41,0xe7,0x41,0xe7,0x41,0xe6,0x41,
    0x27,0x4a,0xee,0x83,0xa9,0x5a,0xcf,0x7b,0xff,0xff,0xff,0xff,0xff,0xff,0xff,0xff,
    0xff,0xff,0xff,0xff,0xff,0xff,0xff,0xff,0xff,0xff,0xff,0xff,0xff,0xff,0xff,0xff,
    0xff,0xff,0xff,0xff,0xff,0xff,0xff,0xff,0xff,0xff,0xff,0xff,0xff,0xff,0xff,0xff,
    0xff,0xff,0xff,0xff,0xd3,0x9c,0x69,0x4a,0x8e,0x6b,0x4d,0x63,0x71,0x84,0x51,0x7c,
    0x51,0x7c,0x51,0x7c,0x51,0x84,0x51,0x7c,0x51,0x7c,0x92,0x84,0xef,0x73,0x65,0x21,
    0x0c,0x5b,0xcb,0x52,0xaa,0x52,0x8a,0x4a,0x69,0x4a,0x49,0x42,0x29,0x42,0x49,0x42,
    0x49,0x42,0x6a,0x42,0x4d,0x63,0x29,0x3a,0xec,0x52,0x10,0x74,0xcf,0x6b,0xae,0x6b,
    0x8e,0x6b,0x8e,0x63,0x8e,0x6b,0xae,0x6b,0x8e,0x6b,0x8e,0x6b,0x8e,0x63,0x8e,0x63,
    0x6e,0x63,0xcf,0x73,0xcb,0x52,0xa7,0x31,0x4d,0x63,0xe7,0x31,0x6d,0x63,0x49,0x42,
    0x51,0x84,0x0c,0x5b,0x4d,0x63,0xae,0x73,0xc7,0x31,0x92,0x84,0xb2,0x8c,0x2d,0x63,
    0xcb,0x52,0x28,0x42,0x86,0x29,0xa6,0x31,0x65,0x29,0x49,0x42,0x28,0x3a,0x28,0x3a,
    0x49,0x42,0x45,0x21,0x66,0x29,0x86,0x31,0x08,0x42,0x0c,0x5b,0xaa,0x4a,0xd3,0x8c,
    0x8e,0x63,0x10,0x7c,0xf0,0x73,0x6a,0x4a,0x49,0x42,0xa6,0x31,0xaa,0x52,0x04,0x19,
    0xeb,0x5a,0xff,0xff,0xff,0xff,0xff,0xff,0xff,0xff,0xff,0xff,0xff,0xff,0xff,0xff,
    0xff,0xff,0xff,0xff,0xff,0xff,0xff,0xff,0xff,0xff,0xff,0xff,0xff,0xff,0xff,0xff,
    0xff,0xff,0xff,0xff,0xff,0xff,0xff,0xff,0xff,0xff,0xff,0xff,0xff,0xff,0xff,0xff,
    0xff,0xff,0xff,0xff,0xff,0xff,0xff,0xff,0xff,0xff,0xff,0xff,0xff,0xff,0xff,0xff,
    0xff,0xff,0xff,0xff,0xff,0xff,0xff,0xff,0xff,0xff,0xff,0xff,0xff,0xff,0xff,0xff,
    0xff,0xff,0xff,0xff,0xff,0xff,0xff,0xff,0xff,0xff,0xff,0xff,0xff,0xff,0xff,0xff,
    0xff,0xff,0xff,0xff,0xff,0xff,0xff,0xff,0xff,0xff,0xff,0xff,0xff,0xff,0xff,0xff,
    0xff,0xff,0xff,0xff,0x5d,0xef,0x6d,0x6b,0xd3,0x9c,0x69,0x4a,0xb6,0xb5,0xff,0xff,
    0xff,0xff,0xff,0xff,0xff,0xff,0xff,0xff,0xff,0xff,0xff,0xff,0xff,0xff,0xff,0xff,
    0xff,0xff,0xff,0xff,0xff,0xff,0xff,0xff,0xff,0xff,0xff,0xff,0xff,0xff,0xff,0xff,
    0xff,0xff,0xff,0xff,0xff,0xff,0xff,0xff,0xff,0xff,0xff,0xff,0xff,0xff,0xff,0xff,
    0xff,0xff,0xff,0xff,0xff,0xff,0xff,0xff,0xff,0xff,0xff,0xff,0xff,0xff,0xff,0xff,
    0xff,0xff,0xff,0xff,0xff,0xff,0xff,0xff,0xff,0xff,0xff,0xff,0xff,0xff,0xff,0xff,
    0xff,0xff,0xff,0xff,0xff,0xff,0xff,0xff,0xff,0xff,0xff,0xff,0xff,0xff,0xff,0xff,
    0xff,0xff,0xff,0xff,0xff,0xff,0xff,0xff,0xff,0xff,0xff,0xff,0x0b,0x63,0x81,0x10,
    0x64,0x31,0x44,0x29,0x44,0x29,0xe3,0x18,0xc2,0x18,0xe7,0x41,0x07,0x42,0xe7,0x41,
    0xe7,0x41,0xe7,0x41,0xe7,0x41,0xe7,0x41,0xe7,0x41,0xe7,0x41,0xe7,0x41,0xe6,0x41,
    0x28,0x4a,0xee,0x83,0xa9,0x52,0xef,0x7b,0xff,0xff,0xff,0xff,0xff,0xff,0xff,0xff,
    0xff,0xff,0xff,0xff,0xff,0xff,0xff,0xff,0xff,0xff,0xff,0xff,0xff,0xff,0xff,0xff,
    0xff,0xff,0xff,0xff,0xff,0xff,0xff,0xff,0xff,0xff,0xff,0xff,0xff,0xff,0xff,0xff,
    0xff,0xff,0xdb,0xde,0x28,0x42,0x30,0x84,0x4d,0x63,0xef,0x73,0x71,0x84,0x51,0x84,
    0x51,0x84,0x51,0x84,0x51,0x84,0x51,0x84,0x51,0x7c,0xb2,0x8c,0xcb,0x52,0x65,0x29,
    0x49,0x4a,0x29,0x42,0x29,0x42,0x28,0x42,0x08,0x3a,0xe7,0x39,0xe7,0x39,0xe7,0x31,
    0xe8,0x39,0x08,0x3a,0xec,0x52,0x29,0x42,0x4d,0x63,0xf3,0x94,0xb2,0x8c,0xb2,0x8c,
    0x92,0x8c,0x92,0x8c,0x92,0x8c,0x92,0x8c,0x92,0x8c,0x92,0x84,0x92,0x84,0x92,0x84,
    0x91,0x84,0xb2,0x8c,0x2d,0x5b,0xc7,0x31,0xab,0x52,0x08,0x3a,0x0c,0x5b,0xaa,0x4a,
    0x92,0x8c,0x69,0x42,0xaf,0x73,0x10,0x7c,0xc7,0x31,0x92,0x8c,0x92,0x84,0xec,0x5a,
    0x6a,0x4a,0xc7,0x31,0x86,0x29,0x45,0x21,0xc7,0x31,0x49,0x42,0x28,0x3a,0x08,0x3a,
    0x49,0x42,0xa6,0x31,0x24,0x21,0xa6,0x31,0xa6,0x31,0x2c,0x63,0x69,0x42,0xb2,0x8c,
    0xae,0x6b,0x31,0x7c,0x10,0x7c,0x8a,0x4a,0x6a,0x4a,0x86,0x29,0xe7,0x39,0x61,0x08,
    0x92,0x94,0xff,0xff,0xff,0xff,0xff,0xff,0xff,0xff,0xff,0xff,0xff,0xff,0xff,0xff,
    0xff,0xff,0xff,0xff,0xff,0xff,0xff,0xff,0xff,0xff,0xff,0xff,0xff,0xff,0xff,0xff,
    0xff,0xff,0xff,0xff,0xff,0xff,0xff,0xff,0xff,0xff,0xff,0xff,0xff,0xff,0xff,0xff,
    0xff,0xff,0xff,0xff,0xff,0xff,0xff,0xff,0xff,0xff,0xff,0xff,0xff,0xff,0xff,0xff,
    0xff,0xff,0xff,0xff,0xff,0xff,0xff,0xff,0xff,0xff,0xff,0xff,0xff,0xff,0xff,0xff,
    0xff,0xff,0xff,0xff,0xff,0xff,0xff,0xff,0xff,0xff,0xff,0xff,0xff,0xff,0xff,0xff,
    0xff,0xff,0xff,0xff,0xff,0xff,0xff,0xff,0xff,0xff,0xff,0xff,0xff,0xff,0xff,0xff,
    0xff,0xff,0xff,0xff,0x5d,0xef,0x6d,0x6b,0xd3,0x9c,0x69,0x4a,0x96,0xb5,0xff,0xff,
    0xff,0xff,0xff,0xff,0xff,0xff,0xff,0xff,0xff,0xff,0xff,0xff,0xff,0xff,0xff,0xff,
    0xff,0xff,0xff,0xff,0xff,0xff,0xff,0xff,0xff,0xff,0xff,0xff,0xff,0xff,0xff,0xff,
    0xff,0xff,0xff,0xff,0xff,0xff,0xff,0xff,0xff,0xff,0xff,0xff,0xff,0xff,0xff,0xff,
    0xff,0xff,0xff,0xff,0xff,0xff,0xff,0xff,0xff,0xff,0xff,0xff,0xff,0xff,0xff,0xff,
    0xff,0xff,0xff,0xff,0xff,0xff,0xff,0xff,0xff,0xff,0xff,0xff,0xff,0xff,0xff,0xff,
    0xff,0xff,0xff,0xff,0xff,0xff,0xff,0xff,0xff,0xff,0xff,0xff,0xff,0xff,0xff,0xff,
    0xff,0xff,0xff,0xff,0xff,0xff,0xff,0xff,0xff,0xff,0xff,0xff,0xca,0x5a,0x82,0x10,
    0x64,0x31,0x24,0x29,0x44,0x29,0xe3,0x18,0xc2,0x18,0xe7,0x41,0x07,0x42,0xe7,0x41,
    0xe7,0x41,0xe7,0x41,0xe7,0x41,0xe7,0x41,0xe7,0x41,0xe7,0x41,0xe7,0x41,0xe6,0x41,
    0x28,0x4a,0xee,0x83,0x89,0x52,0xef,0x7b,0xff,0xff,0xff,0xff,0xff,0xff,0xff,0xff,
    0xff,0xff,0xff,0xff,0xff,0xff,0xff,0xff,0xff,0xff,0xff,0xff,0xff,0xff,0xff,0xff,
    0xff,0xff,0xff,0xff,0xff,0xff,0xff,0xff,0xff,0xff,0xff,0xff,0xff,0xff,0xff,0xff,
    0xff,0xff,0x71,0x8c,0x69,0x42,0x71,0x84,0x0c,0x5b,0x30,0x7c,0x51,0x7c,0x51,0x7c,
    0x51,0x7c,0x51,0x7c,0x51,0x7c,0x51,0x7c,0x51,0x7c,0x71,0x84,0x86,0x29,0x08,0x3a,
    0xaa,0x52,0x6a,0x4a,0x6a,0x4a,0x6a,0x4a,0x69,0x4a,0x69,0x42,0x69,0x42,0x49,0x42,
    0x29,0x3a,0x49,0x42,0x8a,0x4a,0x69,0x42,0xeb,0x52,0xae,0x6b,0x8e,0x6b,0x8e,0x6b,
    0x6d,0x63,0x6d,0x63,0x6d,0x63,0x6d,0x63,0x4d,0x63,0x4d,0x63,0x2d,0x63,0x2d,0x63,
    0x2d,0x63,0x6e,0x6b,0x2c,0x5b,0x8a,0x4a,0x49,0x42,0x8a,0x4a,0xcb,0x52,0x6d,0x63,
    0x72,0x84,0x29,0x42,0x30,0x7c,0x10,0x7c,0xe7,0x39,0x92,0x8c,0x92,0x84,0xcb,0x52,
    0x29,0x42,0xa7,0x31,0x45,0x21,0x45,0x21,0x65,0x29,0x49,0x42,0x28,0x3a,0x28,0x3a,
    0x49,0x42,0x86,0x29,0x45,0x21,0x86,0x31,0xa6,0x31,0x0c,0x5b,0x8a,0x4a,0xb2,0x8c,
    0xae,0x6b,0x51,0x7c,0xf0,0x73,0x69,0x42,0x2d,0x63,0x69,0x42,0x86,0x29,0x34,0xa5,
    0xbe,0xf7,0xff,0xff,0xff,0xff,0xff,0xff,0xff,0xff,0xff,0xff,0xff,0xff,0xff,0xff,
    0xff,0xff,0xff,0xff,0xff,0xff,0xff,0xff,0xff,0xff,0xff,0xff,0xff,0xff,0xff,0xff,
    0xff,0xff,0xff,0xff,0xff,0xff,0xff,0xff,0xff,0xff,0xff,0xff,0xff,0xff,0xff,0xff,
    0xff,0xff,0xff,0xff,0xff,0xff,0xff,0xff,0xff,0xff,0xff,0xff,0xff,0xff,0xff,0xff,
    0xff,0xff,0xff,0xff,0xff,0xff,0xff,0xff,0xff,0xff,0xff,0xff,0xff,0xff,0xff,0xff,
    0xff,0xff,0xff,0xff,0xff,0xff,0xff,0xff,0xff,0xff,0xff,0xff,0xff,0xff,0xff,0xff,
    0xff,0xff,0xff,0xff,0xff,0xff,0xff,0xff,0xff,0xff,0xff,0xff,0xff,0xff,0xff,0xff,
    0xff,0xff,0xff,0xff,0x7d,0xef,0x8e,0x73,0xd3,0x9c,0x8a,0x52,0x96,0xb5,0xff,0xff,
    0xff,0xff,0xff,0xff,0xff,0xff,0xff,0xff,0xff,0xff,0xff,0xff,0xff,0xff,0xff,0xff,
    0xff,0xff,0xff,0xff,0xff,0xff,0xff,0xff,0xff,0xff,0xff,0xff,0xff,0xff,0xff,0xff,
    0xff,0xff,0xff,0xff,0xff,0xff,0xff,0xff,0xff,0xff,0xff,0xff,0xff,0xff,0xff,0xff,
    0xff,0xff,0xff,0xff,0xff,0xff,0xff,0xff,0xff,0xff,0xff,0xff,0xff,0xff,0xff,0xff,
    0xff,0xff,0xff,0xff,0xff,0xff,0xff,0xff,0xff,0xff,0xff,0xff,0xff,0xff,0xff,0xff,
    0xff,0xff,0xff,0xff,0xff,0xff,0xff,0xff,0xff,0xff,0xff,0xff,0xff,0xff,0xff,0xff,
    0xff,0xff,0xff,0xff,0xff,0xff,0xff,0xff,0xff,0xff,0xff,0xff,0xaa,0x52,0x82,0x10,
    0x64,0x29,0x24,0x29,0x44,0x29,0xe3,0x18,0xc2,0x18,0xe7,0x41,0xe7,0x41,0xe7,0x41,
    0xe7,0x41,0x07,0x42,0xe7,0x41,0xe7,0x41,0xe7,0x41,0xe7,0x41,0xe7,0x41,0xe6,0x41,
    0x28,0x4a,0xee,0x83,0x89,0x52,0x0f,0x84,0xff,0xff,0xff,0xff,0xff,0xff,0xff,0xff,
    0xff,0xff,0xff,0xff,0xff,0xff,0xff,0xff,0xff,0xff,0xff,0xff,0xff,0xff,0xff,0xff,
    0xff,0xff,0xff,0xff,0xff,0xff,0xff,0xff,0xff,0xff,0xff,0xff,0xff,0xff,0xff,0xff,
    0xdf,0xf7,0xca,0x52,0x8d,0x6b,0xcf,0x6b,0xae,0x6b,0xf3,0x94,0xd3,0x94,0xd3,0x8c,
    0xd3,0x8c,0xd3,0x94,0xd3,0x8c,0xd3,0x94,0xf4,0x94,0x51,0x7c,0x45,0x21,0x8a,0x52,
    0x30,0x7c,0x92,0x8c,0x92,0x8c,0x92,0x8c,0x92,0x8c,0x91,0x84,0x92,0x84,0x72,0x84,
    0x71,0x84,0x71,0x84,0x51,0x84,0x51,0x84,0xae,0x6b,0xcb,0x52,0xaa,0x4a,0xaa,0x4a,
    0xaa,0x52,0xcb,0x52,0xeb,0x5a,0xeb,0x5a,0x0c,0x5b,0xeb,0x5a,0xcb,0x52,0xca,0x52,
    0xaa,0x52,0x0c,0x5b,0xcf,0x6b,0x71,0x84,0x08,0x3a,0x10,0x7c,0x2d,0x5b,0xf0,0x73,
    0x30,0x7c,0x69,0x42,0xf4,0x9c,0x6d,0x6b,0xa7,0x31,0xb2,0x8c,0x92,0x8c,0xec,0x5a,
    0xe8,0x39,0x28,0x42,0x24,0x21,0xc7,0x31,0x03,0x19,0xe7,0x39,0x49,0x42,0x49,0x42,
    0xe8,0x39,0x24,0x21,0xc7,0x31,0x45,0x21,0x29,0x42,0x8a,0x4a,0x0c,0x5b,0xd3,0x8c,
    0xae,0x6b,0x30,0x7c,0xef,0x73,0x29,0x42,0x8e,0x6b,0x8e,0x6b,0x28,0x42,0xba,0xd6,
    0xff,0xff,0xff,0xff,0xff,0xff,0xff,0xff,0xff,0xff,0xff,0xff,0xff,0xff,0xff,0xff,
    0xff,0xff,0xff,0xff,0xff,0xff,0xff,0xff,0xff,0xff,0xff,0xff,0xff,0xff,0xff,0xff,
    0xff,0xff,0xff,0xff,0xff,0xff,0xff,0xff,0xff,0xff,0xff,0xff,0xff,0xff,0xff,0xff,
    0xff,0xff,0xff,0xff,0xff,0xff,0xff,0xff,0xff,0xff,0xff,0xff,0xff,0xff,0xff,0xff,
    0xff,0xff,0xff,0xff,0xff,0xff,0xff,0xff,0xff,0xff,0xff,0xff,0xff,0xff,0xff,0xff,
    0xff,0xff,0xff,0xff,0xff,0xff,0xff,0xff,0xff,0xff,0xff,0xff,0xff,0xff,0xff,0xff,
    0xff,0xff,0xff,0xff,0xff,0xff,0xff,0xff,0xff,0xff,0xff,0xff,0xff,0xff,0xff,0xff,
    0xff,0xff,0xff,0xff,0x7d,0xef,0x8e,0x73,0xd3,0x9c,0x8a,0x52,0x75,0xad,0xff,0xff,
    0xff,0xff,0xff,0xff,0xff,0xff,0xff,0xff,0xff,0xff,0xff,0xff,0xff,0xff,0xff,0xff,
    0xff,0xff,0xff,0xff,0xff,0xff,0xff,0xff,0xff,0xff,0xff,0xff,0xff,0xff,0xff,0xff,
    0xff,0xff,0xff,0xff,0xff,0xff,0xff,0xff,0xff,0xff,0xff,0xff,0xff,0xff,0xff,0xff,
    0xff,0xff,0xff,0xff,0xff,0xff,0xff,0xff,0xff,0xff,0xff,0xff,0xff,0xff,0xff,0xff,
    0xff,0xff,0xff,0xff,0xff,0xff,0xff,0xff,0xff,0xff,0xff,0xff,0xff,0xff,0xff,0xff,
    0xff,0xff,0xff,0xff,0xff,0xff,0xff,0xff,0xff,0xff,0xff,0xff,0xff,0xff,0xff,0xff,
    0xff,0xff,0xff,0xff,0xff,0xff,0xff,0xff,0xff,0xff,0xff,0xff,0x89,0x52,0xa2,0x10,
    0x65,0x29,0x44,0x29,0x44,0x29,0xe3,0x18,0xc2,0x18,0xe7,0x41,0xe7,0x41,0xe7,0x41,
    0xe7,0x41,0xe7,0x41,0xe7,0x41,0xe7,0x41,0xe7,0x41,0xe7,0x41,0xe7,0x41,0xe6,0x41,
    0x28,0x4a,0xee,0x83,0x89,0x52,0x0f,0x84,0xff,0xff,0xff,0xff,0xff,0xff,0xff,0xff,
    0xff,0xff,0xff,0xff,0xff,0xff,0xff,0xff,0xff,0xff,0xff,0xff,0xff,0xff,0xff,0xff,
    0xff,0xff,0xff,0xff,0xff,0xff,0xff,0xff,0xff,0xff,0xff,0xff,0xff,0xff,0xff,0xff,
    0xdb,0xde,0x28,0x42,0x51,0x84,0xef,0x73,0xd3,0x94,0x79,0xc6,0x39,0xbe,0x39,0xbe,
    0x59,0xbe,0x39,0xbe,0x38,0xbe,0x18,0xbe,0x79,0xc6,0x51,0x84,0x65,0x29,0xcb,0x52,
    0xaf,0x73,0x10,0x7c,0x30,0x7c,0x31,0x7c,0x31,0x7c,0x30,0x7c,0x10,0x7c,0xef,0x73,
    0xcf,0x73,0xcf,0x73,0xae,0x6b,0xae,0x6b,0xae,0x6b,0xaf,0x73,0xaf,0x73,0xcf,0x73,
    0xaf,0x73,0xcf,0x73,0xcf,0x73,0xef,0x7b,0xef,0x73,0xcf,0x73,0xae,0x73,0x8e,0x6b,
    0x2c,0x5b,0x0c,0x5b,0xf0,0x73,0x72,0x84,0x08,0x3a,0xf4,0x9c,0xec,0x5a,0x51,0x84,
    0x8e,0x6b,0xcb,0x52,0x18,0xbe,0x49,0x42,0x66,0x29,0xb2,0x8c,0x92,0x84,0x8e,0x6b,
    0x86,0x29,0xaa,0x52,0x45,0x21,0xa6,0x31,0xc7,0x31,0x24,0x21,0x45,0x21,0x65,0x29,
    0x45,0x21,0xc7,0x39,0xe7,0x39,0x24,0x21,0x0c,0x5b,0xe8,0x39,0xcf,0x6b,0x92,0x84,
    0xcf,0x6b,0x30,0x7c,0xf0,0x73,0x29,0x3a,0x6e,0x63,0x6d,0x63,0xe7,0x39,0x59,0xce,
    0xff,0xff,0xff,0xff,0xff,0xff,0xff,0xff,0xff,0xff,0xff,0xff,0xff,0xff,0xff,0xff,
    0xff,0xff,0xff,0xff,0xff,0xff,0xff,0xff,0xff,0xff,0xff,0xff,0xff,0xff,0xff,0xff,
    0xff,0xff,0xff,0xff,0xff,0xff,0xff,0xff,0xff,0xff,0xff,0xff,0xff,0xff,0xff,0xff,
    0xff,0xff,0xff,0xff,0xff,0xff,0xff,0xff,0xff,0xff,0xff,0xff,0xff,0xff,0xff,0xff,
    0xff,0xff,0xff,0xff,0xff,0xff,0xff,0xff,0xff,0xff,0xff,0xff,0xff,0xff,0xff,0xff,
    0xff,0xff,0xff,0xff,0xff,0xff,0xff,0xff,0xff,0xff,0xff,0xff,0xff,0xff,0xff,0xff,
    0xff,0xff,0xff,0xff,0xff,0xff,0xff,0xff,0xff,0xff,0xff,0xff,0xff,0xff,0xff,0xff,
    0xff,0xff,0xff,0xff,0x7d,0xef,0x8e,0x73,0xd3,0x9c,0x8a,0x52,0x75,0xad,0xff,0xff,
    0xff,0xff,0xff,0xff,0xff,0xff,0xff,0xff,0xff,0xff,0xff,0xff,0xff,0xff,0xff,0xff,
    0xff,0xff,0xff,0xff,0xff,0xff,0xff,0xff,0xff,0xff,0xff,0xff,0xff,0xff,0xff,0xff,
    0xff,0xff,0xff,0xff,0xff,0xff,0xff,0xff,0xff,0xff,0xff,0xff,0xff,0xff,0xff,0xff,
    0xff,0xff,0xff,0xff,0xff,0xff,0xff,0xff,0xff,0xff,0xff,0xff,0xff,0xff,0xff,0xff,
    0xff,0xff,0xff,0xff,0xff,0xff,0xff,0xff,0xff,0xff,0xff,0xff,0xff,0xff,0xff,0xff,
    0xff,0xff,0xff,0xff,0xff,0xff,0xff,0xff,0xff,0xff,0xff,0xff,0xff,0xff,0xff,0xff,
    0xff,0xff,0xff,0xff,0xff,0xff,0xff,0xff,0xff,0xff,0xff,0xff,0x69,0x4a,0xa2,0x10,
    0x64,0x29,0x44,0x29,0x44,0x29,0xe3,0x18,0xc2,0x18,0xe7,0x41,0xe7,0x41,0xe7,0x41,
    0xe7,0x41,0xe7,0x41,0xe7,0x41,0xe7,0x41,0xe7,0x41,0xe7,0x41,0xe7,0x41,0xe6,0x41,
    0x28,0x4a,0xee,0x83,0x68,0x52,0x10,0x84,0xff,0xff,0xff,0xff,0xff,0xff,0xff,0xff,
    0xff,0xff,0xff,0xff,0xff,0xff,0xff,0xff,0xff,0xff,0xff,0xff,0xff,0xff,0xff,0xff,
    0xff,0xff,0xff,0xff,0xff,0xff,0xff,0xff,0xff,0xff,0xff,0xff,0xff,0xff,0xff,0xff,
    0x75,0xad,0x49,0x42,0xb6,0xad,0x31,0x84,0x76,0xa5,0x79,0xc6,0x59,0xc6,0x59,0xc6,
    0x59,0xc6,0x59,0xc6,0x59,0xc6,0x39,0xbe,0x7a,0xc6,0x6e,0x6b,0x86,0x29,0x8a,0x4a,
    0xe8,0x39,0xe8,0x39,0x28,0x3a,0x49,0x42,0x49,0x42,0x49,0x42,0x29,0x3a,0x29,0x3a,
    0x29,0x3a,0x28,0x3a,0x08,0x3a,0x08,0x3a,0x08,0x3a,0x29,0x42,0x29,0x42,0x49,0x42,
    0x49,0x42,0x49,0x42,0x6a,0x4a,0x6a,0x4a,0x8a,0x4a,0x8a,0x4a,0xaa,0x4a,0x8a,0x4a,
    0x49,0x42,0x49,0x42,0xcf,0x6b,0xf0,0x73,0x49,0x42,0xf4,0x9c,0x8a,0x4a,0x92,0x8c,
    0x0c,0x5b,0x2d,0x63,0x18,0xbe,0x65,0x29,0x45,0x21,0x92,0x84,0x92,0x84,0x30,0x7c,
    0x49,0x42,0x08,0x3a,0xaa,0x52,0x04,0x19,0x86,0x29,0xe7,0x39,0xa6,0x31,0xa6,0x31,
    0x28,0x42,0x08,0x3a,0x45,0x21,0xaa,0x52,0xcb,0x5a,0x49,0x42,0x51,0x84,0x71,0x84,
    0xcf,0x6b,0x30,0x7c,0xf0,0x73,0x29,0x3a,0x6e,0x63,0x6d,0x63,0xe7,0x39,0x59,0xce,
    0xff,0xff,0xff,0xff,0xff,0xff,0xff,0xff,0xff,0xff,0xff,0xff,0xff,0xff,0xff,0xff,
    0xff,0xff,0xff,0xff,0xff,0xff,0xff,0xff,0xff,0xff,0xff,0xff,0xff,0xff,0xff,0xff,
    0xff,0xff,0xff,0xff,0xff,0xff,0xff,0xff,0xff,0xff,0xff,0xff,0xff,0xff,0xff,0xff,
    0xff,0xff,0xff,0xff,0xff,0xff,0xff,0xff,0xff,0xff,0xff,0xff,0xff,0xff,0xff,0xff,
    0xff,0xff,0xff,0xff,0xff,0xff,0xff,0xff,0xff,0xff,0xff,0xff,0xff,0xff,0xff,0xff,
    0xff,0xff,0xff,0xff,0xff,0xff,0xff,0xff,0xff,0xff,0xff,0xff,0xff,0xff,0xff,0xff,
    0xff,0xff,0xff,0xff,0xff,0xff,0xff,0xff,0xff,0xff,0xff,0xff,0xff,0xff,0xff,0xff,
    0xff,0xff,0xff,0xff,0x7d,0xef,0x8e,0x73,0xf3,0x9c,0x8a,0x52,0x55,0xad,0xff,0xff,
    0xff,0xff,0xff,0xff,0xff,0xff,0xff,0xff,0xff,0xff,0xff,0xff,0xff,0xff,0xff,0xff,
    0xff,0xff,0xff,0xff,0xff,0xff,0xff,0xff,0xff,0xff,0xff,0xff,0xff,0xff,0xff,0xff,
    0xff,0xff,0xff,0xff,0xff,0xff,0xff,0xff,0xff,0xff,0xff,0xff,0xff,0xff,0xff,0xff,
    0xff,0xff,0xff,0xff,0xff,0xff,0xff,0xff,0xff,0xff,0xff,0xff,0xff,0xff,0xff,0xff,
    0xff,0xff,0xff,0xff,0xff,0xff,0xff,0xff,0xff,0xff,0xff,0xff,0xff,0xff,0xff,0xff,
    0xff,0xff,0xff,0xff,0xff,0xff,0xff,0xff,0xff,0xff,0xff,0xff,0xff,0xff,0xff,0xff,
    0xff,0xff,0xff,0xff,0xff,0xff,0xff,0xff,0xff,0xff,0xff,0xff,0x49,0x4a,0xa2,0x18,
    0x64,0x29,0x24,0x29,0x44,0x29,0xe3,0x18,0xa2,0x18,0xe7,0x41,0xe7,0x41,0xe7,0x41,
    0xe7,0x41,0xe7,0x41,0xe7,0x41,0xe7,0x41,0xe7,0x41,0xe7,0x41,0xe7,0x41,0xc6,0x41,
    0x28,0x4a,0xee,0x83,0x68,0x52,0x30,0x84,0xff,0xff,0xff,0xff,0xff,0xff,0xff,0xff,
    0xff,0xff,0xff,0xff,0xff,0xff,0xff,0xff,0xff,0xff,0xff,0xff,0xff,0xff,0xff,0xff,
    0xff,0xff,0xff,0xff,0xff,0xff,0xff,0xff,0xff,0xff,0xff,0xff,0xff,0xff,0xff,0xff,
    0x51,0x8c,0x6e,0x6b,0x7a,0xce,0xf0,0x73,0x75,0xa5,0xd7,0xad,0xd7,0xad,0xf7,0xb5,
    0xf8,0xb5,0xf8,0xb5,0xf7,0xb5,0xf7,0xb5,0xd7,0xb5,0x8a,0x4a,0xe8,0x39,0xaf,0x73,
    0x51,0x84,0x10,0x7c,0x30,0x7c,0x51,0x84,0x71,0x84,0x51,0x84,0x51,0x84,0x51,0x84,
    0x71,0x84,0x71,0x84,0x51,0x84,0x51,0x84,0x71,0x84,0x72,0x84,0x92,0x8c,0x92,0x8c,
    0x92,0x8c,0xb3,0x8c,0xd3,0x94,0xf4,0x94,0x14,0x95,0x14,0x9d,0x14,0x95,0x14,0x95,
    0xf3,0x94,0xb2,0x8c,0xd3,0x94,0x8e,0x6b,0x2c,0x5b,0x51,0x84,0x8a,0x4a,0x92,0x8c,
    0xab,0x52,0xaf,0x73,0x76,0xa5,0x24,0x21,0x65,0x29,0x72,0x84,0x71,0x84,0x71,0x84,
    0xaf,0x6b,0xe7,0x31,0x69,0x42,0xcb,0x52,0x86,0x29,0x25,0x21,0x45,0x29,0x66,0x29,
    0x86,0x29,0xa6,0x31,0xeb,0x5a,0x2c,0x63,0x29,0x42,0xef,0x73,0x71,0x84,0x71,0x84,
    0xcf,0x6b,0xf0,0x73,0xcf,0x73,0x28,0x3a,0x6d,0x63,0x6d,0x63,0xe8,0x39,0x59,0xce,
    0xff,0xff,0xff,0xff,0xff,0xff,0xff,0xff,0xff,0xff,0xff,0xff,0xff,0xff,0xff,0xff,
    0xff,0xff,0xff,0xff,0xff,0xff,0xff,0xff,0xff,0xff,0xff,0xff,0xff,0xff,0xff,0xff,
    0xff,0xff,0xff,0xff,0xff,0xff,0xff,0xff,0xff,0xff,0xff,0xff,0xff,0xff,0xff,0xff,
    0xff,0xff,0xff,0xff,0xff,0xff,0xff,0xff,0xff,0xff,0xff,0xff,0xff,0xff,0xff,0xff,
    0xff,0xff,0xff,0xff,0xff,0xff,0xff,0xff,0xff,0xff,0xff,0xff,0xff,0xff,0xff,0xff,
    0xff,0xff,0xff,0xff,0xff,0xff,0xff,0xff,0xff,0xff,0xff,0xff,0xff,0xff,0xff,0xff,
    0xff,0xff,0xff,0xff,0xff,0xff,0xff,0xff,0xff,0xff,0xff,0xff,0xff,0xff,0xff,0xff,
    0xff,0xff,0xff,0xff,0x9e,0xf7,0xae,0x73,0xd3,0x9c,0x8a,0x52,0x55,0xad,0xff,0xff,
    0xff,0xff,0xff,0xff,0xff,0xff,0xff,0xff,0xff,0xff,0xff,0xff,0xff,0xff,0xff,0xff,
    0xff,0xff,0xff,0xff,0xff,0xff,0xff,0xff,0xff,0xff,0xff,0xff,0xff,0xff,0xff,0xff,
    0xff,0xff,0xff,0xff,0xff,0xff,0xff,0xff,0xff,0xff,0xff,0xff,0xff,0xff,0xff,0xff,
    0xff,0xff,0xff,0xff,0xff,0xff,0xff,0xff,0xff,0xff,0xff,0xff,0xff,0xff,0xff,0xff,
    0xff,0xff,0xff,0xff,0xff,0xff,0xff,0xff,0xff,0xff,0xff,0xff,0xff,0xff,0xff,0xff,
    0xff,0xff,0xff,0xff,0xff,0xff,0xff,0xff,0xff,0xff,0xff,0xff,0xff,0xff,0xff,0xff,
    0xff,0xff,0xff,0xff,0xff,0xff,0xff,0xff,0xff,0xff,0xff,0xff,0x28,0x42,0xc2,0x18,
    0x44,0x29,0x24,0x21,0x44,0x29,0xe3,0x18,0xc2,0x18,0xe7,0x41,0xe7,0x41,0xe7,0x41,
    0xe7,0x41,0xe7,0x41,0xe7,0x41,0xe7,0x41,0xe7,0x41,0xe7,0x41,0xe7,0x41,0xc6,0x41,
    0x48,0x4a,0xee,0x83,0x68,0x4a,0x30,0x84,0xff,0xff,0xff,0xff,0xff,0xff,0xff,0xff,
    0xff,0xff,0xff,0xff,0xff,0xff,0xff,0xff,0xff,0xff,0xff,0xff,0xff,0xff,0xff,0xff,
    0xff,0xff,0xff,0xff,0xff,0xff,0xff,0xff,0xff,0xff,0xff,0xff,0xff,0xff,0xff,0xff,
    0x2d,0x63,0x51,0x84,0x55,0xa5,0x2d,0x5b,0x51,0x7c,0x72,0x84,0x72,0x84,0x92,0x84,
    0xb2,0x8c,0xb2,0x8c,0xb2,0x8c,0xb3,0x8c,0x72,0x84,0xc7,0x31,0xe7,0x39,0x8a,0x4a,
    0xec,0x5a,0xcb,0x52,0xec,0x5a,0x0c,0x5b,0x2c,0x5b,0x0c,0x5b,0x0c,0x5b,0xec,0x52,
    0xec,0x5a,0xec,0x5a,0xeb,0x52,0xcb,0x52,0xcb,0x52,0xcb,0x52,0xcb,0x52,0xcb,0x52,
    0xcb,0x52,0xcb,0x52,0xab,0x52,0xcb,0x52,0xcb,0x52,0xeb,0x52,0xeb,0x52,0xcb,0x52,
    0xcb,0x52,0x10,0x7c,0x35,0x9d,0x2d,0x5b,0x10,0x7c,0xaf,0x73,0xeb,0x52,0xd3,0x94,
    0xcb,0x52,0x31,0x84,0xf3,0x94,0xe4,0x18,0x66,0x29,0x71,0x84,0x71,0x84,0x72,0x84,
    0x71,0x84,0x6e,0x63,0x08,0x3a,0xe7,0x39,0x6a,0x4a,0x69,0x4a,0x28,0x42,0x49,0x4a,
    0xaa,0x52,0x2c,0x63,0xcb,0x52,0x29,0x3a,0xae,0x6b,0x92,0x84,0x71,0x84,0x92,0x84,
    0xcf,0x73,0x10,0x74,0xcf,0x73,0x28,0x3a,0x6d,0x63,0x6d,0x63,0x08,0x3a,0x59,0xce,
    0xff,0xff,0xff,0xff,0xff,0xff,0xff,0xff,0xff,0xff,0xff,0xff,0xff,0xff,0xff,0xff,
    0xff,0xff,0xff,0xff,0xff,0xff,0xff,0xff,0xff,0xff,0xff,0xff,0xff,0xff,0xff,0xff,
    0xff,0xff,0xff,0xff,0xff,0xff,0xff,0xff,0xff,0xff,0xff,0xff,0xff,0xff,0xff,0xff,
    0xff,0xff,0xff,0xff,0xff,0xff,0xff,0xff,0xff,0xff,0xff,0xff,0xff,0xff,0xff,0xff,
    0xff,0xff,0xff,0xff,0xff,0xff,0xff,0xff,0xff,0xff,0xff,0xff,0xff,0xff,0xff,0xff,
    0xff,0xff,0xff,0xff,0xff,0xff,0xff,0xff,0xff,0xff,0xff,0xff,0xff,0xff,0xff,0xff,
    0xff,0xff,0xff,0xff,0xff,0xff,0xff,0xff,0xff,0xff,0xff,0xff,0xff,0xff,0xff,0xff,
    0xff,0xff,0xff,0xff,0x9e,0xf7,0xae,0x73,0xd3,0x9c,0xaa,0x52,0x34,0xa5,0xff,0xff,
    0xff,0xff,0xff,0xff,0xff,0xff,0xff,0xff,0xff,0xff,0xff,0xff,0xff,0xff,0xff,0xff,
    0xff,0xff,0xff,0xff,0xff,0xff,0xff,0xff,0xff,0xff,0xff,0xff,0xff,0xff,0xff,0xff,
    0xff,0xff,0xff,0xff,0xff,0xff,0xff,0xff,0xff,0xff,0xff,0xff,0xff,0xff,0xff,0xff,
    0xff,0xff,0xff,0xff,0xff,0xff,0xff,0xff,0xff,0xff,0xff,0xff,0xff,0xff,0xff,0xff,
    0xff,0xff,0xff,0xff,0xff,0xff,0xff,0xff,0xff,0xff,0xff,0xff,0xff,0xff,0xff,0xff,
    0xff,0xff,0xff,0xff,0xff,0xff,0xff,0xff,0xff,0xff,0xff,0xff,0xff,0xff,0xff,0xff,
    0xff,0xff,0xff,0xff,0xff,0xff,0xff,0xff,0xff,0xff,0xff,0xff,0x28,0x42,0xc2,0x18,
    0x44,0x29,0x24,0x29,0x44,0x29,0xe3,0x18,0xc3,0x18,0xe7,0x41,0xe7,0x41,0xe7,0x41,
    0xe7,0x41,0xe7,0x41,0xe7,0x41,0xe7,0x41,0xe7,0x41,0xe7,0x41,0xe7,0x41,0xe6,0x41,
    0x48,0x52,0xee,0x83,0x48,0x4a,0x50,0x8c,0xff,0xff,0xff,0xff,0xff,0xff,0xff,0xff,
    0xff,0xff,0xff,0xff,0xff,0xff,0xff,0xff,0xff,0xff,0xff,0xff,0xff,0xff,0xff,0xff,
    0xff,0xff,0xff,0xff,0xff,0xff,0xff,0xff,0xff,0xff,0xff,0xff,0xff,0xff,0xff,0xff,
    0x69,0x4a,0xaf,0x73,0x30,0x7c,0x4d,0x63,0x51,0x84,0x51,0x84,0x51,0x84,0x51,0x7c,
    0x71,0x84,0x71,0x84,0x71,0x84,0x92,0x84,0x31,0x7c,0xc7,0x31,0x8a,0x4a,0xcb,0x52,
    0x8a,0x4a,0x8a,0x4a,0x8a,0x4a,0x8a,0x4a,0xaa,0x4a,0xab,0x4a,0xcb,0x4a,0xcb,0x52,
    0xcb,0x52,0xab,0x52,0xab,0x52,0xab,0x52,0xab,0x52,0xaa,0x4a,0x8a,0x4a,0x8a,0x4a,
    0x8a,0x4a,0x8a,0x4a,0x8a,0x4a,0x8a,0x4a,0xcb,0x52,0xeb,0x52,0xeb,0x52,0xcb,0x52,
    0xcb,0x52,0xaf,0x6b,0x14,0x9d,0xec,0x52,0xb3,0x8c,0x0c,0x5b,0x0c,0x5b,0x92,0x8c,
    0x49,0x42,0xb3,0x8c,0x92,0x8c,0xe3,0x18,0x66,0x29,0x92,0x84,0x92,0x8c,0x72,0x84,
    0x92,0x84,0x51,0x84,0x8e,0x6b,0x69,0x4a,0xc7,0x31,0x86,0x29,0xa7,0x31,0xe7,0x39,
    0xc7,0x39,0xe8,0x39,0x8a,0x4a,0xcf,0x73,0x92,0x84,0x92,0x84,0x71,0x84,0x92,0x84,
    0x10,0x74,0x10,0x7c,0xaf,0x6b,0x28,0x42,0x6d,0x63,0x6d,0x63,0x08,0x3a,0x59,0xce,
    0xff,0xff,0xff,0xff,0xff,0xff,0xff,0xff,0xff,0xff,0xff,0xff,0xff,0xff,0xff,0xff,
    0xff,0xff,0xff,0xff,0xff,0xff,0xff,0xff,0xff,0xff,0xff,0xff,0xff,0xff,0xff,0xff,
    0xff,0xff,0xff,0xff,0xff,0xff,0xff,0xff,0xff,0xff,0xff,0xff,0xff,0xff,0xff,0xff,
    0xff,0xff,0xff,0xff,0xff,0xff,0xff,0xff,0xff,0xff,0xff,0xff,0xff,0xff,0xff,0xff,
    0xff,0xff,0xff,0xff,0xff,0xff,0xff,0xff,0xff,0xff,0xff,0xff,0xff,0xff,0xff,0xff,
    0xff,0xff,0xff,0xff,0xff,0xff,0xff,0xff,0xff,0xff,0xff,0xff,0xff,0xff,0xff,0xff,
    0xff,0xff,0xff,0xff,0xff,0xff,0xff,0xff,0xff,0xff,0xff,0xff,0xff,0xff,0xff,0xff,
    0xff,0xff,0xff,0xff,0x9e,0xf7,0xae,0x73,0xd3,0x9c,0xaa,0x52,0x34,0xa5,0xff,0xff,
    0xff,0xff,0xff,0xff,0xff,0xff,0xff,0xff,0xff,0xff,0xff,0xff,0xff,0xff,0xff,0xff,
    0xff,0xff,0xff,0xff,0xff,0xff,0xff,0xff,0xff,0xff,0xff,0xff,0xff,0xff,0xff,0xff,
    0xff,0xff,0xff,0xff,0xff,0xff,0xff,0xff,0xff,0xff,0xff,0xff,0xff,0xff,0xff,0xff,
    0xff,0xff,0xff,0xff,0xff,0xff,0xff,0xff,0xff,0xff,0xff,0xff,0xff,0xff,0xff,0xff,
    0xff,0xff,0xff,0xff,0xff,0xff,0xff,0xff,0xff,0xff,0xff,0xff,0xff,0xff,0xff,0xff,
    0xff,0xff,0xff,0xff,0xff,0xff,0xff,0xff,0xff,0xff,0xff,0xff,0xff,0xff,0xff,0xff,
    0xff,0xff,0xff,0xff,0xff,0xff,0xff,0xff,0xff,0xff,0xff,0xff,0x07,0x42,0xc2,0x18,
    0x64,0x29,0x24,0x29,0x44,0x29,0xe3,0x18,0xc3,0x18,0xe7,0x41,0xe7,0x41,0xe7,0x41,
    0xe7,0x41,0xe7,0x41,0xe7,0x41,0xe7,0x41,0xe7,0x41,0xe7,0x41,0xe7,0x41,0xe6,0x41,
    0x48,0x4a,0xee,0x83,0x48,0x4a,0x51,0x8c,0xff,0xff,0xff,0xff,0xff,0xff,0xff,0xff,
    0xff,0xff,0xff,0xff,0xff,0xff,0xff,0xff,0xff,0xff,0xff,0xff,0xff,0xff,0xff,0xff,
    0xff,0xff,0xff,0xff,0xff,0xff,0xff,0xff,0xff,0xff,0xff,0xff,0xff,0xff,0xff,0xff,
    0xe7,0x39,0xef,0x73,0xef,0x73,0xae,0x6b,0x92,0x84,0x71,0x84,0x71,0x84,0x71,0x84,
    0x71,0x84,0x71,0x84,0x71,0x84,0xb2,0x8c,0xf0,0x73,0xc7,0x31,0xec,0x5a,0xf0,0x73,
    0xcf,0x73,0xaf,0x6b,0xaf,0x6b,0xaf,0x6b,0xcf,0x73,0xcf,0x73,0xf0,0x73,0x10,0x7c,
    0x10,0x7c,0x30,0x7c,0x31,0x84,0x51,0x84,0x71,0x84,0x51,0x84,0x51,0x84,0x51,0x7c,
    0x51,0x84,0x71,0x84,0x71,0x84,0x51,0x84,0x71,0x84,0x92,0x84,0x92,0x8c,0x92,0x84,
    0x72,0x84,0x72,0x84,0xb3,0x8c,0xec,0x52,0xf4,0x94,0x6a,0x4a,0x6e,0x63,0x10,0x7c,
    0xe8,0x39,0x14,0x9d,0x10,0x7c,0xe3,0x18,0x86,0x31,0x0f,0x7c,0x71,0x84,0x72,0x84,
    0x71,0x84,0x71,0x84,0x51,0x7c,0x10,0x74,0x6e,0x63,0xec,0x52,0x8a,0x4a,0x8a,0x4a,
    0xec,0x5a,0xae,0x6b,0x51,0x7c,0x72,0x84,0x72,0x84,0x92,0x84,0x71,0x84,0x92,0x84,
    0x51,0x7c,0x31,0x84,0x6e,0x6b,0x28,0x3a,0x6d,0x63,0x6d,0x63,0x08,0x3a,0x59,0xce,
    0xff,0xff,0xff,0xff,0xff,0xff,0xff,0xff,0xff,0xff,0xff,0xff,0xff,0xff,0xff,0xff,
    0xff,0xff,0xff,0xff,0xff,0xff,0xff,0xff,0xff,0xff,0xff,0xff,0xff,0xff,0xff,0xff,
    0xff,0xff,0xff,0xff,0xff,0xff,0xff,0xff,0xff,0xff,0xff,0xff,0xff,0xff,0xff,0xff,
    0xff,0xff,0xff,0xff,0xff,0xff,0xff,0xff,0xff,0xff,0xff,0xff,0xff,0xff,0xff,0xff,
    0xff,0xff,0xff,0xff,0xff,0xff,0xff,0xff,0xff,0xff,0xff,0xff,0xff,0xff,0xff,0xff,
    0xff,0xff,0xff,0xff,0xff,0xff,0xff,0xff,0xff,0xff,0xff,0xff,0xff,0xff,0xff,0xff,
    0xff,0xff,0xff,0xff,0xff,0xff,0xff,0xff,0xff,0xff,0xff,0xff,0xff,0xff,0xff,0xff,
    0xff,0xff,0xff,0xff,0x9e,0xf7,0xae,0x73,0xd3,0x9c,0xaa,0x52,0x34,0xa5,0xff,0xff,
    0xff,0xff,0xff,0xff,0xff,0xff,0xff,0xff,0xff,0xff,0xff,0xff,0xff,0xff,0xff,0xff,
    0xff,0xff,0xff,0xff,0xff,0xff,0xff,0xff,0xff,0xff,0xff,0xff,0xff,0xff,0xff,0xff,
    0xff,0xff,0xff,0xff,0xff,0xff,0xff,0xff,0xff,0xff,0xff,0xff,0xff,0xff,0xff,0xff,
    0xff,0xff,0xff,0xff,0xff,0xff,0xff,0xff,0xff,0xff,0xff,0xff,0xff,0xff,0xff,0xff,
    0xff,0xff,0xff,0xff,0xff,0xff,0xff,0xff,0xff,0xff,0xff,0xff,0xff,0xff,0xff,0xff,
    0xff,0xff,0xff,0xff,0xff,0xff,0xff,0xff,0xff,0xff,0xff,0xff,0xff,0xff,0xff,0xff,
    0xff,0xff,0xff,0xff,0xff,0xff,0xff,0xff,0xff,0xff,0xff,0xff,0xe7,0x39,0xc3,0x18,
    0x44,0x29,0x24,0x21,0x44,0x29,0xe2,0x18,0xc3,0x18,0xe7,0x41,0xe7,0x41,0x07,0x42,
    0xe7,0x41,0xe7,0x41,0xe7,0x41,0xe7,0x41,0xe7,0x41,0xe7,0x41,0xe7,0x41,0xe6,0x41,
    0x48,0x4a,0xee,0x83,0x48,0x4a,0x71,0x8c,0xff,0xff,0xff,0xff,0xff,0xff,0xff,0xff,
    0xff,0xff,0xff,0xff,0xff,0xff,0xff,0xff,0xff,0xff,0xff,0xff,0xff,0xff,0xff,0xff,
    0xff,0xff,0xff,0xff,0xff,0xff,0xff,0xff,0xff,0xff,0xff,0xff,0xff,0xff,0xff,0xff,
    0xc7,0x31,0x30,0x7c,0x8e,0x6b,0xae,0x6b,0x92,0x84,0x71,0x84,0x71,0x84,0x71,0x84,
    0x71,0x84,0x71,0x84,0x71,0x84,0xb2,0x8c,0x8e,0x6b,0xa7,0x31,0x6a,0x4a,0x49,0x42,
    0x29,0x3a,0x08,0x3a,0xe8,0x31,0xe8,0x31,0xe8,0x39,0xe8,0x39,0xe8,0x39,0xe8,0x39,
    0xe8,0x39,0xe8,0x39,0xe8,0x39,0xe8,0x39,0xe8,0x39,0xe8,0x39,0xc7,0x39,0xc7,0x31,
    0xc7,0x31,0xc7,0x31,0xc7,0x31,0xc7,0x31,0xc7,0x31,0xc7,0x31,0xc7,0x31,0xc7,0x31,
    0xe8,0x39,0x8e,0x6b,0x92,0x8c,0xec,0x52,0xf4,0x9c,0x08,0x3a,0xcf,0x73,0x10,0x7c,
    0x09,0x42,0x15,0x9d,0x8e,0x6b,0x25,0x21,0xc7,0x31,0x2d,0x63,0x10,0x7c,0x92,0x84,
    0x71,0x84,0x71,0x84,0x71,0x84,0x51,0x84,0x51,0x84,0x30,0x7c,0x10,0x7c,0x30,0x7c,
    0x51,0x84,0x71,0x84,0x71,0x84,0x71,0x7c,0x71,0x84,0x71,0x84,0x71,0x84,0x92,0x84,
    0x71,0x84,0x51,0x84,0x4d,0x63,0x28,0x42,0x6d,0x63,0x4d,0x63,0x08,0x3a,0x59,0xce,
    0xff,0xff,0xff,0xff,0xff,0xff,0xff,0xff,0xff,0xff,0xff,0xff,0xff,0xff,0xff,0xff,
    0xff,0xff,0xff,0xff,0xff,0xff,0xff,0xff,0xff,0xff,0xff,0xff,0xff,0xff,0xff,0xff,
    0xff,0xff,0xff,0xff,0xff,0xff,0xff,0xff,0xff,0xff,0xff,0xff,0xff,0xff,0xff,0xff,
    0xff,0xff,0xff,0xff,0xff,0xff,0xff,0xff,0xff,0xff,0xff,0xff,0xff,0xff,0xff,0xff,
    0xff,0xff,0xff,0xff,0xff,0xff,0xff,0xff,0xff,0xff,0xff,0xff,0xff,0xff,0xff,0xff,
    0xff,0xff,0xff,0xff,0xff,0xff,0xff,0xff,0xff,0xff,0xff,0xff,0xff,0xff,0xff,0xff,
    0xff,0xff,0xff,0xff,0xff,0xff,0xff,0xff,0xff,0xff,0xff,0xff,0xff,0xff,0xff,0xff,
    0xff,0xff,0xff,0xff,0xbe,0xf7,0xae,0x73,0xd3,0x9c,0xcb,0x5a,0x14,0xa5,0xff,0xff,
    0xff,0xff,0xff,0xff,0xff,0xff,0xff,0xff,0xff,0xff,0xff,0xff,0xff,0xff,0xff,0xff,
    0xff,0xff,0xff,0xff,0xff,0xff,0xff,0xff,0xff,0xff,0xff,0xff,0xff,0xff,0xff,0xff,
    0xff,0xff,0xff,0xff,0xff,0xff,0xff,0xff,0xff,0xff,0xff,0xff,0xff,0xff,0xff,0xff,
    0xff,0xff,0xff,0xff,0xff,0xff,0xff,0xff,0xff,0xff,0xff,0xff,0xff,0xff,0xff,0xff,
    0xff,0xff,0xff,0xff,0xff,0xff,0xff,0xff,0xff,0xff,0xff,0xff,0xff,0xff,0xff,0xff,
    0xff,0xff,0xff,0xff,0xff,0xff,0xff,0xff,0xff,0xff,0xff,0xff,0xff,0xff,0xff,0xff,
    0xff,0xff,0xff,0xff,0xff,0xff,0xff,0xff,0xff,0xff,0xff,0xff,0xc6,0x39,0xc2,0x18,
    0x44,0x29,0x24,0x29,0x44,0x29,0xc2,0x18,0xc3,0x18,0xe7,0x41,0xe7,0x41,0x07,0x42,
    0xe7,0x41,0xe7,0x41,0xe7,0x41,0xe7,0x41,0xe7,0x41,0xe7,0x41,0xe7,0x41,0xe6,0x41,
    0x48,0x4a,0xee,0x83,0x48,0x4a,0x92,0x94,0xff,0xff,0xff,0xff,0xff,0xff,0xff,0xff,
    0xff,0xff,0xff,0xff,0xff,0xff,0xff,0xff,0xff,0xff,0xff,0xff,0xff,0xff,0xff,0xff,
    0xff,0xff,0xff,0xff,0xff,0xff,0xff,0xff,0xff,0xff,0xff,0xff,0xff,0xff,0xff,0xff,
    0xc7,0x31,0x51,0x84,0x8e,0x6b,0xaf,0x6b,0x72,0x84,0x71,0x84,0x71,0x84,0x71,0x84,
    0x71,0x84,0x71,0x84,0x71,0x84,0xb2,0x8c,0x4d,0x63,0xe8,0x39,0x6e,0x6b,0xcf,0x73,
    0xcf,0x73,0xcf,0x73,0xae,0x6b,0x8e,0x6b,0xae,0x6b,0xae,0x6b,0xae,0x6b,0xae,0x6b,
    0xae,0x6b,0xaf,0x73,0xaf,0x73,0xaf,0x73,0xaf,0x73,0xaf,0x73,0xaf,0x6b,0x8e,0x6b,
    0x8e,0x63,0x8e,0x63,0x8e,0x6b,0x8e,0x6b,0x8e,0x6b,0x8e,0x6b,0x8e,0x6b,0xcf,0x73,
    0xaf,0x73,0x10,0x7c,0x51,0x84,0x2d,0x5b,0xd3,0x94,0xc7,0x31,0xf0,0x7b,0x10,0x7c,
    0x29,0x42,0x35,0x9d,0x6d,0x63,0x86,0x31,0x08,0x3a,0x2d,0x63,0xf0,0x73,0x92,0x84,
    0x71,0x84,0x71,0x84,0x71,0x84,0x71,0x84,0x71,0x84,0x71,0x84,0x71,0x84,0x71,0x84,
    0x71,0x84,0x51,0x7c,0x71,0x7c,0x71,0x84,0x71,0x84,0x71,0x84,0x71,0x84,0x71,0x84,
    0x71,0x84,0x51,0x84,0x4d,0x63,0x49,0x42,0x6d,0x63,0x4d,0x63,0x08,0x3a,0x59,0xce,
    0xff,0xff,0xff,0xff,0xff,0xff,0xff,0xff,0xff,0xff,0xff,0xff,0xff,0xff,0xff,0xff,
    0xff,0xff,0xff,0xff,0xff,0xff,0xff,0xff,0xff,0xff,0xff,0xff,0xff,0xff,0xff,0xff,
    0xff,0xff,0xff,0xff,0xff,0xff,0xff,0xff,0xff,0xff,0xff,0xff,0xff,0xff,0xff,0xff,
    0xff,0xff,0xff,0xff,0xff,0xff,0xff,0xff,0xff,0xff,0xff,0xff,0xff,0xff,0xff,0xff,
    0xff,0xff,0xff,0xff,0xff,0xff,0xff,0xff,0xff,0xff,0xff,0xff,0xff,0xff,0xff,0xff,
    0xff,0xff,0xff,0xff,0xff,0xff,0xff,0xff,0xff,0xff,0xff,0xff,0xff,0xff,0xff,0xff,
    0xff,0xff,0xff,0xff,0xff,0xff,0xff,0xff,0xff,0xff,0xff,0xff,0xff,0xff,0xff,0xff,
    0xff,0xff,0xff,0xff,0x9e,0xf7,0xae,0x73,0xd3,0x9c,0xcb,0x5a,0x14,0xa5,0xff,0xff,
    0xff,0xff,0xff,0xff,0xff,0xff,0xff,0xff,0xff,0xff,0xff,0xff,0xff,0xff,0xff,0xff,
    0xff,0xff,0xff,0xff,0xff,0xff,0xff,0xff,0xff,0xff,0xff,0xff,0xff,0xff,0xff,0xff,
    0xff,0xff,0xff,0xff,0xff,0xff,0xff,0xff,0xff,0xff,0xff,0xff,0xff,0xff,0xff,0xff,
    0xff,0xff,0xff,0xff,0xff,0xff,0xff,0xff,0xff,0xff,0xff,0xff,0xff,0xff,0xff,0xff,
    0xff,0xff,0xff,0xff,0xff,0xff,0xff,0xff,0xff,0xff,0xff,0xff,0xff,0xff,0xff,0xff,
    0xff,0xff,0xff,0xff,0xff,0xff,0xff,0xff,0xff,0xff,0xff,0xff,0xff,0xff,0xff,0xff,
    0xff,0xff,0xff,0xff,0xff,0xff,0xff,0xff,0xff,0xff,0xff,0xff,0xa6,0x31,0xc3,0x18,
    0x44,0x29,0x24,0x29,0x44,0x29,0xe2,0x18,0xc2,0x18,0xe7,0x41,0xe7,0x41,0x07,0x42,
    0xe7,0x41,0xe7,0x41,0xe7,0x41,0xe7,0x41,0xe7,0x41,0xe7,0x41,0xe7,0x41,0xe6,0x41,
    0x48,0x4a,0xee,0x83,0x27,0x4a,0xb2,0x9c,0xff,0xff,0xff,0xff,0xff,0xff,0xff,0xff,
    0xff,0xff,0xff,0xff,0xff,0xff,0xff,0xff,0xff,0xff,0xff,0xff,0xff,0xff,0xff,0xff,
    0xff,0xff,0xff,0xff,0xff,0xff,0xff,0xff,0xff,0xff,0xff,0xff,0xff,0xff,0xff,0xff,
    0xe7,0x39,0x92,0x8c,0xae,0x6b,0xcf,0x6b,0x72,0x84,0x71,0x84,0x71,0x84,0x71,0x84,
    0x71,0x84,0x71,0x84,0x71,0x84,0xb2,0x8c,0x2d,0x5b,0xc7,0x31,0x4d,0x63,0xcf,0x73,
    0xef,0x73,0xcf,0x73,0xaf,0x6b,0xaf,0x6b,0xaf,0x73,0xaf,0x73,0xaf,0x73,0xcf,0x73,
    0xcf,0x73,0xcf,0x73,0xcf,0x73,0xf0,0x7b,0xf0,0x7b,0xf0,0x73,0xf0,0x73,0xef,0x73,
    0xef,0x73,0xef,0x73,0xef,0x73,0xf0,0x73,0xf0,0x73,0xef,0x73,0xcf,0x73,0xef,0x73,
    0x10,0x74,0xb2,0x8c,0x72,0x84,0x8e,0x6b,0xb3,0x8c,0xc7,0x31,0x31,0x84,0x10,0x7c,
    0x49,0x42,0x35,0xa5,0x0c,0x5b,0xa7,0x39,0x08,0x3a,0x0c,0x5b,0xcf,0x73,0x92,0x84,
    0x71,0x84,0x71,0x84,0x71,0x84,0x71,0x84,0x71,0x84,0x71,0x84,0x51,0x84,0x71,0x84,
    0x71,0x84,0x71,0x84,0x71,0x84,0x71,0x84,0x71,0x84,0x71,0x84,0x71,0x84,0x71,0x84,
    0x71,0x84,0x71,0x84,0x2d,0x63,0x49,0x42,0x6d,0x63,0x6d,0x63,0x28,0x3a,0x79,0xce,
    0xff,0xff,0xff,0xff,0xff,0xff,0xff,0xff,0xff,0xff,0xff,0xff,0xff,0xff,0xff,0xff,
    0xff,0xff,0xff,0xff,0xff,0xff,0xff,0xff,0xff,0xff,0xff,0xff,0xff,0xff,0xff,0xff,
    0xff,0xff,0xff,0xff,0xff,0xff,0xff,0xff,0xff,0xff,0xff,0xff,0xff,0xff,0xff,0xff,
    0xff,0xff,0xff,0xff,0xff,0xff,0xff,0xff,0xff,0xff,0xff,0xff,0xff,0xff,0xff,0xff,
    0xff,0xff,0xff,0xff,0xff,0xff,0xff,0xff,0xff,0xff,0xff,0xff,0xff,0xff,0xff,0xff,
    0xff,0xff,0xff,0xff,0xff,0xff,0xff,0xff,0xff,0xff,0xff,0xff,0xff,0xff,0xff,0xff,
    0xff,0xff,0xff,0xff,0xff,0xff,0xff,0xff,0xff,0xff,0xff,0xff,0xff,0xff,0xff,0xff,
    0xff,0xff,0xff,0xff,0xbe,0xf7,0xae,0x73,0xd3,0x9c,0xcb,0x5a,0xf3,0x9c,0xff,0xff,
    0xff,0xff,0xff,0xff,0xff,0xff,0xff,0xff,0xff,0xff,0xff,0xff,0xff,0xff,0xff,0xff,
    0xff,0xff,0xff,0xff,0xff,0xff,0xff,0xff,0xff,0xff,0xff,0xff,0xff,0xff,0xff,0xff,
    0xff,0xff,0xff,0xff,0xff,0xff,0xff,0xff,0xff,0xff,0xff,0xff,0xff,0xff,0xff,0xff,
    0xff,0xff,0xff,0xff,0xff,0xff,0xff,0xff,0xff,0xff,0xff,0xff,0xff,0xff,0xff,0xff,
    0xff,0xff,0xff,0xff,0xff,0xff,0xff,0xff,0xff,0xff,0xff,0xff,0xff,0xff,0xff,0xff,
    0xff,0xff,0xff,0xff,0xff,0xff,0xff,0xff,0xff,0xff,0xff,0xff,0xff,0xff,0xff,0xff,
    0xff,0xff,0xff,0xff,0xff,0xff,0xff,0xff,0xff,0xff,0xff,0xff,0xa6,0x31,0xc3,0x18,
    0x44,0x29,0x24,0x29,0x44,0x29,0xc2,0x18,0xc3,0x18,0x07,0x42,0xe7,0x41,0x07,0x42,
    0xe7,0x41,0xe7,0x41,0xe7,0x41,0xe7,0x41,0xe7,0x41,0xe7,0x41,0xe7,0x41,0xe6,0x41,
    0x48,0x4a,0xee,0x83,0x27,0x4a,0xd3,0x9c,0xff,0xff,0xdf,0xff,0xff,0xff,0xff,0xff,
    0xff,0xff,0xff,0xff,0xff,0xff,0xff,0xff,0xff,0xff,0xff,0xff,0xff,0xff,0xff,0xff,
    0xff,0xff,0xff,0xff,0xff,0xff,0xff,0xff,0xff,0xff,0xff,0xff,0xff,0xff,0xff,0xff,
    0x08,0x3a,0x92,0x8c,0xcf,0x73,0xf0,0x73,0x71,0x84,0x71,0x84,0x71,0x84,0x71,0x84,
    0x71,0x84,0x71,0x84,0x71,0x84,0xb2,0x8c,0x0c,0x5b,0xe7,0x31,0xec,0x52,0x8a,0x4a,
    0x69,0x42,0x49,0x42,0x29,0x3a,0x29,0x3a,0x28,0x3a,0x08,0x3a,0x08,0x3a,0x08,0x3a,
    0x08,0x3a,0x28,0x3a,0x29,0x42,0x49,0x42,0x49,0x42,0x69,0x42,0x69,0x42,0x69,0x42,
    0x49,0x42,0x49,0x42,0x49,0x42,0x49,0x42,0x49,0x42,0x49,0x42,0x49,0x42,0x29,0x3a,
    0x69,0x42,0xf0,0x73,0x71,0x84,0x30,0x7c,0x93,0x8c,0xc7,0x39,0x51,0x84,0x10,0x7c,
    0x49,0x42,0x92,0x8c,0xab,0x52,0xe7,0x39,0x08,0x3a,0xeb,0x52,0xaf,0x6b,0x92,0x84,
    0x71,0x84,0x71,0x84,0x71,0x84,0x71,0x84,0x71,0x84,0x71,0x84,0x71,0x84,0x71,0x84,
    0x71,0x84,0x71,0x84,0x71,0x84,0x71,0x84,0x71,0x84,0x71,0x84,0x71,0x84,0x71,0x84,
    0x71,0x84,0x92,0x8c,0x2d,0x63,0x69,0x42,0x8e,0x6b,0x6d,0x63,0x28,0x42,0x79,0xce,
    0xff,0xff,0xff,0xff,0xff,0xff,0xff,0xff,0xff,0xff,0xff,0xff,0xff,0xff,0xff,0xff,
    0xff,0xff,0xff,0xff,0xff,0xff,0xff,0xff,0xff,0xff,0xff,0xff,0xff,0xff,0xff,0xff,
    0xff,0xff,0xff,0xff,0xff,0xff,0xff,0xff,0xff,0xff,0xff,0xff,0xff,0xff,0xff,0xff,
    0xff,0xff,0xff,0xff,0xff,0xff,0xff,0xff,0xff,0xff,0xff,0xff,0xff,0xff,0xff,0xff,
    0xff,0xff,0xff,0xff,0xff,0xff,0xff,0xff,0xff,0xff,0xff,0xff,0xff,0xff,0xff,0xff,
    0xff,0xff,0xff,0xff,0xff,0xff,0xff,0xff,0xff,0xff,0xff,0xff,0xff,0xff,0xff,0xff,
    0xff,0xff,0xff,0xff,0xff,0xff,0xff,0xff,0xff,0xff,0xff,0xff,0xff,0xff,0xff,0xff,
    0xff,0xff,0xff,0xff,0xbe,0xf7,0xae,0x73,0xd3,0x9c,0xcb,0x5a,0xf3,0x9c,0xff,0xff,
    0xff,0xff,0xff,0xff,0xff,0xff,0xff,0xff,0xff,0xff,0xff,0xff,0xff,0xff,0xff,0xff,
    0xff,0xff,0xff,0xff,0xff,0xff,0xff,0xff,0xff,0xff,0xff,0xff,0xff,0xff,0xff,0xff,
    0xff,0xff,0xff,0xff,0xff,0xff,0xff,0xff,0xff,0xff,0xff,0xff,0xff,0xff,0xff,0xff,
    0xff,0xff,0xff,0xff,0xff,0xff,0xff,0xff,0xff,0xff,0xff,0xff,0xff,0xff,0xff,0xff,
    0xff,0xff,0xff,0xff,0xff,0xff,0xff,0xff,0xff,0xff,0xff,0xff,0xff,0xff,0xff,0xff,
    0xff,0xff,0xff,0xff,0xff,0xff,0xff,0xff,0xff,0xff,0xff,0xff,0xff,0xff,0xff,0xff,
    0xff,0xff,0xff,0xff,0xff,0xff,0xff,0xff,0xff,0xff,0xff,0xff,0x86,0x31,0xe3,0x18,
    0x44,0x29,0x24,0x29,0x44,0x29,0xc2,0x18,0xc3,0x18,0x07,0x42,0xe7,0x41,0xe7,0x41,
    0xe7,0x41,0xe7,0x41,0xe7,0x41,0xe7,0x41,0xe7,0x41,0xe7,0x41,0xe7,0x41,0xe6,0x41,
    0x48,0x52,0xee,0x83,0x27,0x4a,0xf3,0x9c,0xff,0xff,0xdf,0xff,0xff,0xff,0xff,0xff,
    0xff,0xff,0xff,0xff,0xff,0xff,0xff,0xff,0xff,0xff,0xff,0xff,0xff,0xff,0xff,0xff,
    0xff,0xff,0xff,0xff,0xff,0xff,0xff,0xff,0xff,0xff,0xff,0xff,0xff,0xff,0xff,0xff,
    0x28,0x3a,0x92,0x8c,0x30,0x7c,0x51,0x7c,0x71,0x84,0x71,0x84,0x71,0x84,0x71,0x84,
    0x71,0x84,0x71,0x84,0x71,0x84,0xb2,0x8c,0xeb,0x52,0xc7,0x31,0x8e,0x6b,0x51,0x84,
    0x51,0x7c,0x31,0x7c,0x31,0x7c,0x30,0x7c,0x30,0x7c,0x30,0x7c,0x30,0x7c,0x30,0x7c,
    0x31,0x7c,0x31,0x7c,0x31,0x7c,0x31,0x7c,0x31,0x7c,0x11,0x7c,0x10,0x7c,0x10,0x7c,
    0x10,0x7c,0xf0,0x73,0xf0,0x73,0x10,0x7c,0x10,0x7c,0x10,0x7c,0xf0,0x7b,0x10,0x7c,
    0x30,0x7c,0x51,0x84,0x51,0x84,0x92,0x8c,0xb3,0x8c,0xe8,0x39,0x51,0x84,0x10,0x7c,
    0x29,0x42,0x31,0x84,0x8a,0x4a,0xe8,0x39,0x28,0x3a,0xcb,0x52,0xae,0x6b,0x92,0x84,
    0x71,0x84,0x71,0x84,0x71,0x84,0x71,0x84,0x71,0x84,0x71,0x84,0x71,0x84,0x71,0x84,
    0x71,0x84,0x71,0x84,0x71,0x84,0x71,0x84,0x71,0x84,0x71,0x84,0x71,0x84,0x71,0x84,
    0x71,0x84,0xb3,0x8c,0x2d,0x63,0x69,0x42,0x8e,0x6b,0x6d,0x63,0x49,0x42,0x7a,0xce,
    0xff,0xff,0xff,0xff,0xff,0xff,0xff,0xff,0xff,0xff,0xff,0xff,0xff,0xff,0xff,0xff,
    0xff,0xff,0xff,0xff,0xff,0xff,0xff,0xff,0xff,0xff,0xff,0xff,0xff,0xff,0xff,0xff,
    0xff,0xff,0xff,0xff,0xff,0xff,0xff,0xff,0xff,0xff,0xff,0xff,0xff,0xff,0xff,0xff,
    0xff,0xff,0xff,0xff,0xff,0xff,0xff,0xff,0xff,0xff,0xff,0xff,0xff,0xff,0xff,0xff,
    0xff,0xff,0xff,0xff,0xff,0xff,0xff,0xff,0xff,0xff,0xff,0xff,0xff,0xff,0xff,0xff,
    0xff,0xff,0xff,0xff,0xff,0xff,0xff,0xff,0xff,0xff,0xff,0xff,0xff,0xff,0xff,0xff,
    0xff,0xff,0xff,0xff,0xff,0xff,0xff,0xff,0xff,0xff,0xff,0xff,0xff,0xff,0xff,0xff,
    0xff,0xff,0xff,0xff,0xbe,0xf7,0xaf,0x73,0xb3,0x94,0xeb,0x5a,0xd3,0x9c,0xff,0xff,
    0xff,0xff,0xff,0xff,0xff,0xff,0xff,0xff,0xff,0xff,0xff,0xff,0xff,0xff,0xff,0xff,
    0xff,0xff,0xff,0xff,0xff,0xff,0xff,0xff,0xff,0xff,0xff,0xff,0xff,0xff,0xff,0xff,
    0xff,0xff,0xff,0xff,0xff,0xff,0xff,0xff,0xff,0xff,0xff,0xff,0xff,0xff,0xff,0xff,
    0xff,0xff,0xff,0xff,0xff,0xff,0xff,0xff,0xff,0xff,0xff,0xff,0xff,0xff,0xff,0xff,
    0xff,0xff,0xff,0xff,0xff,0xff,0xff,0xff,0xff,0xff,0xff,0xff,0xff,0xff,0xff,0xff,
    0xff,0xff,0xff,0xff,0xff,0xff,0xff,0xff,0xff,0xff,0xff,0xff,0xff,0xff,0xff,0xff,
    0xff,0xff,0xff,0xff,0xff,0xff,0xff,0xff,0xff,0xff,0xff,0xff,0x65,0x31,0xe3,0x20,
    0x44,0x29,0x24,0x29,0x44,0x29,0xc2,0x18,0xc2,0x18,0x07,0x42,0xe7,0x41,0xe7,0x41,
    0xe7,0x41,0xe7,0x41,0xe7,0x41,0xe7,0x41,0xe7,0x41,0xe7,0x41,0xe7,0x41,0xe6,0x41,
    0x48,0x52,0xee,0x83,0x27,0x4a,0x13,0x9d,0xff,0xff,0xff,0xff,0xff,0xff,0xff,0xff,
    0xff,0xff,0xff,0xff,0xff,0xff,0xff,0xff,0xff,0xff,0xff,0xff,0xff,0xff,0xff,0xff,
    0xff,0xff,0xff,0xff,0xff,0xff,0xff,0xff,0xff,0xff,0xff,0xff,0xff,0xff,0xff,0xff,
    0x08,0x3a,0x71,0x84,0x51,0x7c,0x71,0x84,0x71,0x84,0x71,0x84,0x71,0x84,0x71,0x84,
    0x71,0x84,0x71,0x84,0x71,0x84,0x92,0x8c,0xeb,0x52,0xc7,0x31,0x69,0x42,0x49,0x42,
    0x49,0x42,0x29,0x42,0x29,0x42,0x29,0x42,0x29,0x42,0x29,0x3a,0x08,0x3a,0x08,0x3a,
    0x08,0x3a,0x08,0x3a,0xe8,0x39,0xe8,0x39,0xe7,0x39,0xe7,0x39,0xe7,0x39,0xe7,0x39,
    0xe7,0x39,0xe8,0x39,0xe8,0x39,0xe8,0x39,0xe8,0x39,0xe8,0x39,0xc7,0x39,0xc7,0x31,
    0xe8,0x39,0x6d,0x63,0x51,0x84,0x51,0x7c,0xd3,0x94,0x08,0x3a,0x51,0x84,0x10,0x7c,
    0x28,0x42,0x31,0x84,0xaa,0x4a,0x08,0x3a,0x28,0x42,0xcb,0x52,0x8e,0x63,0x92,0x84,
    0x51,0x7c,0x71,0x84,0x71,0x84,0x71,0x84,0x71,0x84,0x71,0x84,0x71,0x84,0x71,0x84,
    0x71,0x84,0x71,0x84,0x71,0x84,0x71,0x84,0x71,0x84,0x71,0x84,0x71,0x84,0x71,0x84,
    0x71,0x84,0x72,0x84,0x2d,0x63,0x69,0x4a,0xae,0x6b,0x6d,0x63,0x49,0x42,0x9a,0xd6,
    0xff,0xff,0xff,0xff,0xff,0xff,0xff,0xff,0xff,0xff,0xff,0xff,0xff,0xff,0xff,0xff,
    0xff,0xff,0xff,0xff,0xff,0xff,0xff,0xff,0xff,0xff,0xff,0xff,0xff,0xff,0xff,0xff,
    0xff,0xff,0xff,0xff,0xff,0xff,0xff,0xff,0xff,0xff,0xff,0xff,0xff,0xff,0xff,0xff,
    0xff,0xff,0xff,0xff,0xff,0xff,0xff,0xff,0xff,0xff,0xff,0xff,0xff,0xff,0xff,0xff,
    0xff,0xff,0xff,0xff,0xff,0xff,0xff,0xff,0xff,0xff,0xff,0xff,0xff,0xff,0xff,0xff,
    0xff,0xff,0xff,0xff,0xff,0xff,0xff,0xff,0xff,0xff,0xff,0xff,0xff,0xff,0xff,0xff,
    0xff,0xff,0xff,0xff,0xff,0xff,0xff,0xff,0xff,0xff,0xff,0xff,0xff,0xff,0xff,0xff,
    0xff,0xff,0xff,0xff,0xbe,0xf7,0xcf,0x7b,0xb3,0x94,0xeb,0x5a,0xb2,0x94,0xff,0xff,
    0xff,0xff,0xff,0xff,0xff,0xff,0xff,0xff,0xff,0xff,0xff,0xff,0xff,0xff,0xff,0xff,
    0xff,0xff,0xff,0xff,0xff,0xff,0xff,0xff,0xff,0xff,0xff,0xff,0xff,0xff,0xff,0xff,
    0xff,0xff,0xff,0xff,0xff,0xff,0xff,0xff,0xff,0xff,0xff,0xff,0xff,0xff,0xff,0xff,
    0xff,0xff,0xff,0xff,0xff,0xff,0xff,0xff,0xff,0xff,0xff,0xff,0xff,0xff,0xff,0xff,
    0xff,0xff,0xff,0xff,0xff,0xff,0xff,0xff,0xff,0xff,0xff,0xff,0xff,0xff,0xff,0xff,
    0xff,0xff,0xff,0xff,0xff,0xff,0xff,0xff,0xff,0xff,0xff,0xff,0xff,0xff,0xff,0xff,
    0xff,0xff,0xff,0xff,0xff,0xff,0xff,0xff,0xff,0xff,0xdf,0xff,0x65,0x29,0xe3,0x20,
    0x44,0x29,0x24,0x29,0x44,0x29,0xc2,0x18,0xc2,0x18,0x07,0x42,0xe7,0x41,0xe7,0x41,
    0xe7,0x41,0xe7,0x41,0xe7,0x41,0xe7,0x41,0xe7,0x41,0xe7,0x41,0xe7,0x41,0xe6,0x39,
    0x48,0x52,0xee,0x83,0x27,0x42,0x14,0xa5,0xff,0xff,0xdf,0xff,0xff,0xff,0xff,0xff,
    0xff,0xff,0xff,0xff,0xff,0xff,0xff,0xff,0xff,0xff,0xff,0xff,0xff,0xff,0xff,0xff,
    0xff,0xff,0xff,0xff,0xff,0xff,0xff,0xff,0xff,0xff,0xff,0xff,0xff,0xff,0xff,0xff,
    0xc7,0x31,0x31,0x7c,0x51,0x7c,0x71,0x7c,0x71,0x84,0x71,0x84,0x71,0x84,0x71,0x84,
    0x71,0x84,0x71,0x84,0x71,0x84,0x92,0x84,0xec,0x5a,0xc7,0x31,0x0c,0x5b,0x2d,0x5b,
    0x2c,0x5b,0x0c,0x5b,0x0c,0x5b,0x0c,0x5b,0x0c,0x5b,0x2c,0x5b,0x2c,0x5b,0x2c,0x5b,
    0x2c,0x5b,0x2c,0x5b,0x2c,0x63,0x2c,0x63,0x4c,0x63,0x4d,0x63,0x6d,0x63,0x6d,0x63,
    0x8d,0x6b,0x6e,0x6b,0x6e,0x6b,0x6e,0x6b,0x6e,0x6b,0x4d,0x63,0x4d,0x63,0x2c,0x5b,
    0x2d,0x63,0xf0,0x73,0x10,0x7c,0x6e,0x63,0xd3,0x94,0x49,0x42,0x51,0x84,0xf0,0x7b,
    0xe8,0x39,0xf0,0x73,0xaa,0x4a,0x08,0x3a,0x49,0x42,0x0c,0x53,0xae,0x6b,0x92,0x84,
    0x71,0x84,0x71,0x84,0x71,0x84,0x71,0x84,0x71,0x84,0x71,0x84,0x71,0x84,0x71,0x84,
    0x71,0x84,0x71,0x84,0x71,0x84,0x71,0x84,0x71,0x84,0x71,0x84,0x71,0x84,0x71,0x84,
    0x51,0x7c,0xcf,0x73,0x2d,0x63,0x8a,0x4a,0xae,0x6b,0x8d,0x63,0x69,0x4a,0x9a,0xd6,
    0xff,0xff,0xff,0xff,0xff,0xff,0xff,0xff,0xff,0xff,0xff,0xff,0xff,0xff,0xff,0xff,
    0xff,0xff,0xff,0xff,0xff,0xff,0xff,0xff,0xff,0xff,0xff,0xff,0xff,0xff,0xff,0xff,
    0xff,0xff,0xff,0xff,0xff,0xff,0xff,0xff,0xff,0xff,0xff,0xff,0xff,0xff,0xff,0xff,
    0xff,0xff,0xff,0xff,0xff,0xff,0xff,0xff,0xff,0xff,0xff,0xff,0xff,0xff,0xff,0xff,
    0xff,0xff,0xff,0xff,0xff,0xff,0xff,0xff,0xff,0xff,0xff,0xff,0xff,0xff,0xff,0xff,
    0xff,0xff,0xff,0xff,0xff,0xff,0xff,0xff,0xff,0xff,0xff,0xff,0xff,0xff,0xff,0xff,
    0xff,0xff,0xff,0xff,0xff,0xff,0xff,0xff,0xff,0xff,0xff,0xff,0xff,0xff,0xff,0xff,
    0xff,0xff,0xff,0xff,0xde,0xff,0xcf,0x7b,0xb3,0x94,0xec,0x5a,0xb2,0x94,0xff,0xff,
    0xff,0xff,0xff,0xff,0xff,0xff,0xff,0xff,0xff,0xff,0xff,0xff,0xff,0xff,0xff,0xff,
    0xff,0xff,0xff,0xff,0xff,0xff,0xff,0xff,0xff,0xff,0xff,0xff,0xff,0xff,0xff,0xff,
    0xff,0xff,0xff,0xff,0xff,0xff,0xff,0xff,0xff,0xff,0xff,0xff,0xff,0xff,0xff,0xff,
    0xff,0xff,0xff,0xff,0xff,0xff,0xff,0xff,0xff,0xff,0xff,0xff,0xff,0xff,0xff,0xff,
    0xff,0xff,0xff,0xff,0xff,0xff,0xff,0xff,0xff,0xff,0xff,0xff,0xff,0xff,0xff,0xff,
    0xff,0xff,0xff,0xff,0xff,0xff,0xff,0xff,0xff,0xff,0xff,0xff,0xff,0xff,0xff,0xff,
    0xff,0xff,0xff,0xff,0xff,0xff,0xff,0xff,0xff,0xff,0xdf,0xff,0x45,0x29,0xe3,0x20,
    0x44,0x29,0x24,0x29,0x44,0x29,0xc2,0x18,0xc3,0x18,0x07,0x42,0xe7,0x41,0xe7,0x41,
    0xe7,0x41,0xe7,0x41,0xe7,0x41,0xe7,0x41,0xe7,0x41,0xe7,0x41,0xe7,0x41,0xe6,0x39,
    0x48,0x52,0xee,0x83,0x07,0x42,0x14,0xa5,0xff,0xff,0xff,0xff,0xff,0xff,0xff,0xff,
    0xff,0xff,0xff,0xff,0xff,0xff,0xff,0xff,0xff,0xff,0xff,0xff,0xff,0xff,0xff,0xff,
    0xff,0xff,0xff,0xff,0xff,0xff,0xff,0xff,0xff,0xff,0xff,0xff,0xff,0xff,0xff,0xff,
    0xa6,0x31,0x10,0x7c,0x71,0x84,0x71,0x84,0x71,0x84,0x71,0x84,0x71,0x84,0x71,0x84,
    0x71,0x84,0x71,0x84,0x51,0x7c,0x92,0x84,0xec,0x5a,0xc7,0x31,0x2d,0x63,0xef,0x73,
    0x10,0x74,0xef,0x73,0xef,0x73,0xcf,0x73,0xcf,0x73,0xaf,0x6b,0xaf,0x6b,0xae,0x6b,
    0x8e,0x6b,0x8e,0x6b,0x8e,0x6b,0x8e,0x6b,0x8e,0x6b,0x8e,0x63,0x8e,0x63,0x6e,0x63,
    0x6e,0x63,0x8e,0x63,0x8e,0x63,0x8e,0x63,0x8e,0x63,0x6d,0x63,0x6d,0x63,0x6d,0x63,
    0x8e,0x6b,0x10,0x7c,0x30,0x7c,0xcb,0x52,0x72,0x84,0xab,0x4a,0x51,0x84,0x10,0x7c,
    0xc7,0x31,0xaf,0x6b,0xaa,0x4a,0x08,0x3a,0x49,0x42,0x0c,0x5b,0xae,0x6b,0xb2,0x8c,
    0x71,0x84,0x71,0x84,0x71,0x84,0x71,0x84,0x71,0x84,0x71,0x84,0x71,0x84,0x71,0x84,
    0x71,0x84,0x71,0x84,0x71,0x84,0x71,0x84,0x71,0x84,0x71,0x84,0x71,0x84,0x71,0x84,
    0x51,0x7c,0x6d,0x63,0x2c,0x63,0x8a,0x4a,0xae,0x6b,0x8e,0x63,0x69,0x42,0x9a,0xd6,
    0xff,0xff,0xff,0xff,0xff,0xff,0xff,0xff,0xff,0xff,0xff,0xff,0xff,0xff,0xff,0xff,
    0xff,0xff,0xff,0xff,0xff,0xff,0xff,0xff,0xff,0xff,0xff,0xff,0xff,0xff,0xff,0xff,
    0xff,0xff,0xff,0xff,0xff,0xff,0xff,0xff,0xff,0xff,0xff,0xff,0xff,0xff,0xff,0xff,
    0xff,0xff,0xff,0xff,0xff,0xff,0xff,0xff,0xff,0xff,0xff,0xff,0xff,0xff,0xff,0xff,
    0xff,0xff,0xff,0xff,0xff,0xff,0xff,0xff,0xff,0xff,0xff,0xff,0xff,0xff,0xff,0xff,
    0xff,0xff,0xff,0xff,0xff,0xff,0xff,0xff,0xff,0xff,0xff,0xff,0xff,0xff,0xff,0xff,
    0xff,0xff,0xff,0xff,0xff,0xff,0xff,0xff,0xff,0xff,0xff,0xff,0xff,0xff,0xff,0xff,
    0xff,0xff,0xff,0xff,0xdf,0xff,0xcf,0x7b,0xd3,0x9c,0x0c,0x63,0xb2,0x94,0xff,0xff,
    0xff,0xff,0xff,0xff,0xff,0xff,0xff,0xff,0xff,0xff,0xff,0xff,0xff,0xff,0xff,0xff,
    0xff,0xff,0xff,0xff,0xff,0xff,0xff,0xff,0xff,0xff,0xff,0xff,0xff,0xff,0xff,0xff,
    0xff,0xff,0xff,0xff,0xff,0xff,0xff,0xff,0xff,0xff,0xff,0xff,0xff,0xff,0xff,0xff,
    0xff,0xff,0xff,0xff,0xff,0xff,0xff,0xff,0xff,0xff,0xff,0xff,0xff,0xff,0xff,0xff,
    0xff,0xff,0xff,0xff,0xff,0xff,0xff,0xff,0xff,0xff,0xff,0xff,0xff,0xff,0xff,0xff,
    0xff,0xff,0xff,0xff,0xff,0xff,0xff,0xff,0xff,0xff,0xff,0xff,0xff,0xff,0xff,0xff,
    0xff,0xff,0xff,0xff,0xff,0xff,0xff,0xff,0xff,0xff,0xdf,0xff,0x44,0x29,0xe3,0x20,
    0x44,0x29,0x24,0x29,0x44,0x29,0xc2,0x18,0xc3,0x18,0x07,0x42,0xe7,0x41,0xe7,0x41,
    0xe7,0x41,0xe7,0x41,0xe7,0x41,0xe7,0x41,0xe7,0x41,0xe7,0x41,0xe7,0x41,0xc6,0x41,
    0x68,0x52,0xee,0x83,0x07,0x42,0x34,0xa5,0xff,0xff,0xff,0xff,0xff,0xff,0xff,0xff,
    0xff,0xff,0xff,0xff,0xff,0xff,0xff,0xff,0xff,0xff,0xff,0xff,0xff,0xff,0xff,0xff,
    0xff,0xff,0xff,0xff,0xff,0xff,0xff,0xff,0xff,0xff,0xff,0xff,0xff,0xff,0xff,0xff,
    0x07,0x3a,0xcf,0x73,0x71,0x84,0x71,0x84,0x71,0x84,0x71,0x84,0x71,0x84,0x71,0x84,
    0x71,0x84,0x71,0x84,0x51,0x7c,0x72,0x84,0x0c,0x5b,0xa6,0x31,0x49,0x42,0x86,0x29,
    0x86,0x29,0x86,0x29,0xa6,0x29,0xa7,0x31,0xa7,0x31,0xa7,0x31,0xa7,0x31,0xc7,0x31,
    0xc7,0x31,0xc7,0x31,0xc7,0x31,0xc7,0x31,0xc7,0x31,0xc7,0x31,0xc7,0x31,0xe8,0x39,
    0xe8,0x39,0xe8,0x39,0xe8,0x39,0xe8,0x39,0xe8,0x39,0xe8,0x39,0xe7,0x31,0xe7,0x31,
    0xe7,0x31,0x2d,0x5b,0x51,0x84,0x8a,0x4a,0x31,0x7c,0xeb,0x52,0x10,0x7c,0x8e,0x63,
    0x66,0x29,0xaf,0x6b,0xcb,0x52,0xe7,0x39,0x29,0x42,0x0c,0x5b,0x8e,0x6b,0xb2,0x8c,
    0x71,0x84,0x71,0x84,0x51,0x7c,0x51,0x7c,0x51,0x7c,0x71,0x84,0x71,0x84,0x71,0x84,
    0x71,0x84,0x71,0x84,0x71,0x84,0x71,0x84,0x71,0x84,0x71,0x84,0x71,0x84,0x71,0x84,
    0x51,0x7c,0x2c,0x63,0x4d,0x63,0x6a,0x4a,0x8e,0x6b,0x8d,0x63,0x49,0x42,0x9a,0xd6,
    0xff,0xff,0xff,0xff,0xff,0xff,0xff,0xff,0xff,0xff,0xff,0xff,0xff,0xff,0xff,0xff,
    0xff,0xff,0xff,0xff,0xff,0xff,0xff,0xff,0xff,0xff,0xff,0xff,0xff,0xff,0xff,0xff,
    0xff,0xff,0xff,0xff,0xff,0xff,0xff,0xff,0xff,0xff,0xff,0xff,0xff,0xff,0xff,0xff,
    0xff,0xff,0xff,0xff,0xff,0xff,0xff,0xff,0xff,0xff,0xff,0xff,0xff,0xff,0xff,0xff,
    0xff,0xff,0xff,0xff,0xff,0xff,0xff,0xff,0xff,0xff,0xff,0xff,0xff,0xff,0xff,0xff,
    0xff,0xff,0xff,0xff,0xff,0xff,0xff,0xff,0xff,0xff,0xff,0xff,0xff,0xff,0xff,0xff,
    0xff,0xff,0xff,0xff,0xff,0xff,0xff,0xff,0xff,0xff,0xff,0xff,0xff,0xff,0xff,0xff,
    0xff,0xff,0xff,0xff,0xdf,0xff,0xcf,0x7b,0xb3,0x94,0x0c,0x63,0x92,0x94,0xff,0xff,
    0xff,0xff,0xff,0xff,0xff,0xff,0xff,0xff,0xff,0xff,0xff,0xff,0xff,0xff,0xff,0xff,
    0xff,0xff,0xff,0xff,0xff,0xff,0xff,0xff,0xff,0xff,0xff,0xff,0xff,0xff,0xff,0xff,
    0xff,0xff,0xff,0xff,0xff,0xff,0xff,0xff,0xff,0xff,0xff,0xff,0xff,0xff,0xff,0xff,
    0xff,0xff,0xff,0xff,0xff,0xff,0xff,0xff,0xff,0xff,0xff,0xff,0xff,0xff,0xff,0xff,
    0xff,0xff,0xff,0xff,0xff,0xff,0xff,0xff,0xff,0xff,0xff,0xff,0xff,0xff,0xff,0xff,
    0xff,0xff,0xff,0xff,0xff,0xff,0xff,0xff,0xff,0xff,0xff,0xff,0xff,0xff,0xff,0xff,
    0xff,0xff,0xff,0xff,0xff,0xff,0xff,0xff,0xff,0xff,0xdf,0xff,0x24,0x21,0x03,0x21,
    0x44,0x29,0x44,0x29,0x44,0x29,0xc2,0x18,0xc3,0x18,0x07,0x42,0xe6,0x41,0x07,0x42,
    0xe7,0x41,0xe7,0x41,0xe7,0x41,0xe7,0x41,0xe7,0x41,0xe7,0x41,0xe7,0x41,0xc6,0x41,
    0x68,0x52,0xee,0x83,0x07,0x42,0x34,0xa5,0xff,0xff,0xff,0xff,0xff,0xff,0xff,0xff,
    0xff,0xff,0xff,0xff,0xff,0xff,0xff,0xff,0xff,0xff,0xff,0xff,0xff,0xff,0xff,0xff,
    0xff,0xff,0xff,0xff,0xff,0xff,0xff,0xff,0xff,0xff,0xff,0xff,0xff,0xff,0xff,0xff,
    0xaa,0x52,0x8e,0x6b,0x92,0x8c,0x71,0x84,0x92,0x84,0x92,0x84,0x71,0x84,0x71,0x84,
    0x71,0x84,0x71,0x84,0x51,0x7c,0x71,0x84,0x4d,0x63,0x86,0x29,0x2c,0x5b,0x10,0x7c,
    0x31,0x7c,0x51,0x84,0x51,0x84,0x51,0x84,0x71,0x84,0x71,0x84,0x71,0x84,0x71,0x84,
    0x71,0x84,0x71,0x84,0x71,0x84,0x72,0x84,0x71,0x84,0x92,0x84,0x92,0x84,0x92,0x84,
    0x92,0x84,0x92,0x84,0x92,0x84,0x92,0x84,0x92,0x84,0x72,0x84,0x92,0x84,0x92,0x84,
    0x92,0x84,0x71,0x84,0x51,0x84,0x8a,0x4a,0xf0,0x73,0x8a,0x4a,0xec,0x52,0x2c,0x5b,
    0x66,0x29,0x8e,0x63,0xeb,0x52,0xc7,0x31,0x29,0x42,0x2d,0x5b,0x8e,0x6b,0xb2,0x8c,
    0x71,0x84,0x71,0x84,0x71,0x84,0x71,0x84,0x51,0x84,0x51,0x84,0x71,0x84,0x71,0x84,
    0x51,0x84,0x92,0x84,0x71,0x84,0x71,0x84,0x71,0x84,0x71,0x84,0x71,0x84,0x71,0x84,
    0x51,0x7c,0x2c,0x63,0x6e,0x6b,0x6a,0x4a,0x8e,0x6b,0x8d,0x63,0x49,0x42,0x9a,0xd6,
    0xff,0xff,0xff,0xff,0xff,0xff,0xff,0xff,0xff,0xff,0xff,0xff,0xff,0xff,0xff,0xff,
    0xff,0xff,0xff,0xff,0xff,0xff,0xff,0xff,0xff,0xff,0xff,0xff,0xff,0xff,0xff,0xff,
    0xff,0xff,0xff,0xff,0xff,0xff,0xff,0xff,0xff,0xff,0xff,0xff,0xff,0xff,0xff,0xff,
    0xff,0xff,0xff,0xff,0xff,0xff,0xff,0xff,0xff,0xff,0xff,0xff,0xff,0xff,0xff,0xff,
    0xff,0xff,0xff,0xff,0xff,0xff,0xff,0xff,0xff,0xff,0xff,0xff,0xff,0xff,0xff,0xff,
    0xff,0xff,0xff,0xff,0xff,0xff,0xff,0xff,0xff,0xff,0xff,0xff,0xff,0xff,0xff,0xff,
    0xff,0xff,0xff,0xff,0xff,0xff,0xff,0xff,0xff,0xff,0xff,0xff,0xff,0xff,0xff,0xff,
    0xff,0xff,0xff,0xff,0xdf,0xff,0xcf,0x7b,0xb2,0x94,0x0c,0x63,0x71,0x8c,0xff,0xff,
    0xff,0xff,0xff,0xff,0xff,0xff,0xff,0xff,0xff,0xff,0xff,0xff,0xff,0xff,0xff,0xff,
    0xff,0xff,0xff,0xff,0xff,0xff,0xff,0xff,0xff,0xff,0xff,0xff,0xff,0xff,0xff,0xff,
    0xff,0xff,0xff,0xff,0xff,0xff,0xff,0xff,0xff,0xff,0xff,0xff,0xff,0xff,0xff,0xff,
    0xff,0xff,0xff,0xff,0xff,0xff,0xff,0xff,0xff,0xff,0xff,0xff,0xff,0xff,0xff,0xff,
    0xff,0xff,0xff,0xff,0xff,0xff,0xff,0xff,0xff,0xff,0xff,0xff,0xff,0xff,0xff,0xff,
    0xff,0xff,0xff,0xff,0xff,0xff,0xff,0xff,0xff,0xff,0xff,0xff,0xff,0xff,0xff,0xff,
    0xff,0xff,0xff,0xff,0xff,0xff,0xff,0xff,0xff,0xff,0xbe,0xf7,0x24,0x21,0x03,0x21,
    0x44,0x29,0x44,0x29,0x44,0x29,0xc2,0x18,0xe3,0x18,0x07,0x42,0xe7,0x41,0x07,0x42,
    0xe7,0x41,0xe7,0x41,0xe7,0x41,0xe7,0x41,0xe7,0x41,0xe7,0x41,0xe7,0x41,0xc6,0x41,
    0x69,0x52,0xee,0x83,0x07,0x42,0x54,0xad,0xff,0xff,0xff,0xff,0xff,0xff,0xff,0xff,
    0xff,0xff,0xff,0xff,0xff,0xff,0xff,0xff,0xff,0xff,0xff,0xff,0xff,0xff,0xff,0xff,
    0xff,0xff,0xff,0xff,0xff,0xff,0xff,0xff,0xff,0xff,0xff,0xff,0xff,0xff,0xff,0xff,
    0xae,0x73,0x2c,0x5b,0x71,0x84,0x30,0x7c,0x92,0x84,0x92,0x84,0x71,0x84,0x71,0x84,
    0x71,0x84,0x71,0x84,0x51,0x7c,0x71,0x84,0xae,0x6b,0x86,0x29,0xcb,0x52,0x0c,0x53,
    0xcb,0x52,0xaa,0x4a,0xaa,0x4a,0x8a,0x4a,0x8a,0x4a,0x8a,0x4a,0x8a,0x4a,0x8a,0x4a,
    0x69,0x42,0x49,0x42,0x49,0x42,0x49,0x42,0x49,0x42,0x49,0x42,0x49,0x42,0x69,0x42,
    0x6a,0x42,0x6a,0x42,0x69,0x42,0x6a,0x4a,0x6a,0x4a,0x8a,0x4a,0x8a,0x4a,0xaa,0x4a,
    0xaa,0x4a,0x4d,0x5b,0x71,0x84,0xaa,0x4a,0x8e,0x6b,0xab,0x52,0x8a,0x4a,0x6d,0x63,
    0x86,0x29,0x4d,0x63,0x2c,0x5b,0xc7,0x31,0x29,0x42,0x2d,0x5b,0x8e,0x6b,0xb2,0x8c,
    0x71,0x84,0x92,0x84,0xb2,0x8c,0xef,0x73,0x51,0x84,0xcf,0x73,0x92,0x84,0x10,0x74,
    0xf0,0x73,0x51,0x7c,0x10,0x74,0x30,0x7c,0x31,0x7c,0x72,0x84,0x71,0x84,0x71,0x84,
    0x51,0x7c,0x0c,0x5b,0x8e,0x6b,0x69,0x42,0x8d,0x63,0x8d,0x63,0x49,0x42,0x7a,0xce,
    0xff,0xff,0xff,0xff,0xff,0xff,0xff,0xff,0xff,0xff,0xff,0xff,0xff,0xff,0xff,0xff,
    0xff,0xff,0xff,0xff,0xff,0xff,0xff,0xff,0xff,0xff,0xff,0xff,0xff,0xff,0xff,0xff,
    0xff,0xff,0xff,0xff,0xff,0xff,0xff,0xff,0xff,0xff,0xff,0xff,0xff,0xff,0xff,0xff,
    0xff,0xff,0xff,0xff,0xff,0xff,0xff,0xff,0xff,0xff,0xff,0xff,0xff,0xff,0xff,0xff,
    0xff,0xff,0xff,0xff,0xff,0xff,0xff,0xff,0xff,0xff,0xff,0xff,0xff,0xff,0xff,0xff,
    0xff,0xff,0xff,0xff,0xff,0xff,0xff,0xff,0xff,0xff,0xff,0xff,0xff,0xff,0xff,0xff,
    0xff,0xff,0xff,0xff,0xff,0xff,0xff,0xff,0xff,0xff,0xff,0xff,0xff,0xff,0xff,0xff,
    0xff,0xff,0xff,0xff,0xff,0xff,0xef,0x7b,0xb3,0x94,0x2c,0x63,0x71,0x8c,0xff,0xff,
    0xff,0xff,0xff,0xff,0xff,0xff,0xff,0xff,0xff,0xff,0xff,0xff,0xff,0xff,0xff,0xff,
    0xff,0xff,0xff,0xff,0xff,0xff,0xff,0xff,0xff,0xff,0xff,0xff,0xff,0xff,0xff,0xff,
    0xff,0xff,0xff,0xff,0xff,0xff,0xff,0xff,0xff,0xff,0xff,0xff,0xff,0xff,0xff,0xff,
    0xff,0xff,0xff,0xff,0xff,0xff,0xff,0xff,0xff,0xff,0xff,0xff,0xff,0xff,0xff,0xff,
    0xff,0xff,0xff,0xff,0xff,0xff,0xff,0xff,0xff,0xff,0xff,0xff,0xff,0xff,0xff,0xff,
    0xff,0xff,0xff,0xff,0xff,0xff,0xff,0xff,0xff,0xff,0xff,0xff,0xff,0xff,0xff,0xff,
    0xff,0xff,0xff,0xff,0xff,0xff,0xff,0xff,0xff,0xff,0xbe,0xf7,0x24,0x21,0x03,0x21,
    0x44,0x29,0x44,0x29,0x44,0x29,0xc2,0x18,0xe3,0x18,0x07,0x42,0xe7,0x41,0x07,0x42,
    0xe7,0x41,0xe7,0x41,0xe7,0x41,0xe7,0x41,0xe7,0x41,0xe7,0x41,0xe7,0x41,0xc6,0x41,
    0x69,0x52,0xee,0x83,0x27,0x42,0x55,0xad,0xff,0xff,0xff,0xff,0xff,0xff,0xff,0xff,
    0xff,0xff,0xff,0xff,0xff,0xff,0xff,0xff,0xff,0xff,0xff,0xff,0xff,0xff,0xff,0xff,
    0xff,0xff,0xff,0xff,0xff,0xff,0xff,0xff,0xff,0xff,0xff,0xff,0xff,0xff,0xff,0xff,
    0xd3,0x9c,0x8a,0x4a,0xcf,0x73,0x6d,0x63,0x92,0x8c,0x92,0x84,0x71,0x84,0x71,0x84,
    0x71,0x7c,0x51,0x7c,0x51,0x7c,0x71,0x7c,0xef,0x73,0xa6,0x29,0x8a,0x42,0xab,0x4a,
    0x6a,0x4a,0x69,0x4a,0x6a,0x4a,0x6a,0x4a,0x6a,0x4a,0x6a,0x42,0x69,0x42,0x49,0x42,
    0x49,0x42,0x29,0x42,0x29,0x42,0x29,0x3a,0x29,0x42,0x29,0x42,0x29,0x3a,0x29,0x42,
    0x49,0x42,0x29,0x42,0x08,0x42,0x08,0x42,0x29,0x42,0x49,0x42,0x49,0x42,0x49,0x42,
    0x49,0x42,0xcb,0x52,0x71,0x84,0xcb,0x4a,0xcb,0x52,0xcb,0x52,0x49,0x42,0x8e,0x63,
    0xc7,0x31,0x0c,0x5b,0x4d,0x5b,0xe8,0x39,0x29,0x42,0x0c,0x5b,0x6e,0x63,0x92,0x8c,
    0x71,0x84,0x92,0x84,0x92,0x84,0x6d,0x63,0x51,0x84,0x4d,0x5b,0x51,0x84,0xcf,0x6b,
    0xae,0x6b,0xcf,0x6b,0xef,0x73,0x4d,0x5b,0xcf,0x6b,0x92,0x84,0x71,0x84,0x71,0x84,
    0x51,0x7c,0xeb,0x52,0xae,0x73,0x49,0x42,0x6d,0x63,0x8d,0x63,0x49,0x42,0x79,0xce,
    0xff,0xff,0xff,0xff,0xff,0xff,0xff,0xff,0xff,0xff,0xff,0xff,0xff,0xff,0xff,0xff,
    0xff,0xff,0xff,0xff,0xff,0xff,0xff,0xff,0xff,0xff,0xff,0xff,0xff,0xff,0xff,0xff,
    0xff,0xff,0xff,0xff,0xff,0xff,0xff,0xff,0xff,0xff,0xff,0xff,0xff,0xff,0xff,0xff,
    0xff,0xff,0xff,0xff,0xff,0xff,0xff,0xff,0xff,0xff,0xff,0xff,0xff,0xff,0xff,0xff,
    0xff,0xff,0xff,0xff,0xff,0xff,0xff,0xff,0xff,0xff,0xff,0xff,0xff,0xff,0xff,0xff,
    0xff,0xff,0xff,0xff,0xff,0xff,0xff,0xff,0xff,0xff,0xff,0xff,0xff,0xff,0xff,0xff,
    0xff,0xff,0xff,0xff,0xff,0xff,0xff,0xff,0xff,0xff,0xff,0xff,0xff,0xff,0xff,0xff,
    0xff,0xff,0xff,0xff,0xff,0xff,0xef,0x7b,0xb3,0x94,0x2d,0x63,0x51,0x8c,0xff,0xff,
    0xff,0xff,0xff,0xff,0xff,0xff,0xff,0xff,0xff,0xff,0xff,0xff,0xff,0xff,0xff,0xff,
    0xff,0xff,0xff,0xff,0xff,0xff,0xff,0xff,0xff,0xff,0xff,0xff,0xff,0xff,0xff,0xff,
    0xff,0xff,0xff,0xff,0xff,0xff,0xff,0xff,0xff,0xff,0xff,0xff,0xff,0xff,0xff,0xff,
    0xff,0xff,0xff,0xff,0xff,0xff,0xff,0xff,0xff,0xff,0xff,0xff,0xff,0xff,0xff,0xff,
    0xff,0xff,0xff,0xff,0xff,0xff,0xff,0xff,0xff,0xff,0xff,0xff,0xff,0xff,0xff,0xff,
    0xff,0xff,0xff,0xff,0xff,0xff,0xff,0xff,0xff,0xff,0xff,0xff,0xff,0xff,0xff,0xff,
    0xff,0xff,0xff,0xff,0xff,0xff,0xff,0xff,0xff,0xff,0x9e,0xf7,0x04,0x21,0x03,0x21,
    0x44,0x29,0x44,0x29,0x44,0x29,0xc2,0x18,0xe3,0x18,0x07,0x42,0xe7,0x41,0x07,0x42,
    0xe7,0x41,0xe7,0x41,0xe7,0x41,0xe7,0x41,0xe7,0x41,0xe6,0x41,0xe7,0x41,0xc6,0x41,
    0x69,0x52,0xee,0x83,0x07,0x42,0x75,0xad,0xff,0xff,0xdf,0xff,0xff,0xff,0xff,0xff,
    0xff,0xff,0xff,0xff,0xff,0xff,0xff,0xff,0xff,0xff,0xff,0xff,0xff,0xff,0xff,0xff,
    0xff,0xff,0xff,0xff,0xff,0xff,0xff,0xff,0xff,0xff,0xff,0xff,0xff,0xff,0xff,0xff,
    0x59,0xce,0x29,0x42,0x4d,0x5b,0xca,0x4a,0x71,0x84,0x92,0x84,0x71,0x7c,0x51,0x7c,
    0x51,0x7c,0x51,0x7c,0x51,0x7c,0x71,0x7c,0x30,0x7c,0xa6,0x31,0x69,0x42,0x2d,0x5b,
    0xec,0x52,0xcb,0x52,0xcb,0x52,0xcb,0x52,0xcb,0x52,0xcb,0x52,0xab,0x4a,0xaa,0x4a,
    0xaa,0x4a,0x8a,0x4a,0x8a,0x4a,0x8a,0x4a,0x8a,0x4a,0x6a,0x4a,0x6a,0x42,0x69,0x42,
    0x49,0x42,0x69,0x42,0x49,0x42,0x49,0x42,0x69,0x42,0x69,0x42,0x69,0x42,0x69,0x42,
    0x8a,0x4a,0x49,0x42,0x6e,0x63,0x2d,0x5b,0xe7,0x31,0x69,0x4a,0xe7,0x39,0x8e,0x6b,
    0x08,0x3a,0x8a,0x4a,0x6d,0x63,0x08,0x3a,0xe8,0x39,0x2c,0x5b,0x8e,0x6b,0x92,0x84,
    0x71,0x84,0x92,0x84,0x92,0x84,0x2c,0x5b,0x51,0x84,0xcb,0x4a,0x51,0x7c,0x6d,0x63,
    0x2c,0x5b,0x8e,0x6b,0xcf,0x6b,0x0c,0x5b,0xae,0x6b,0x92,0x8c,0x71,0x84,0x71,0x84,
    0x71,0x84,0x6e,0x6b,0xf0,0x7b,0x49,0x42,0x4d,0x63,0x8d,0x63,0x28,0x42,0x59,0xce,
    0xff,0xff,0xff,0xff,0xff,0xff,0xff,0xff,0xff,0xff,0xff,0xff,0xff,0xff,0xff,0xff,
    0xff,0xff,0xff,0xff,0xff,0xff,0xff,0xff,0xff,0xff,0xff,0xff,0xff,0xff,0xff,0xff,
    0xff,0xff,0xff,0xff,0xff,0xff,0xff,0xff,0xff,0xff,0xff,0xff,0xff,0xff,0xff,0xff,
    0xff,0xff,0xff,0xff,0xff,0xff,0xff,0xff,0xff,0xff,0xff,0xff,0xff,0xff,0xff,0xff,
    0xff,0xff,0xff,0xff,0xff,0xff,0xff,0xff,0xff,0xff,0xff,0xff,0xff,0xff,0xff,0xff,
    0xff,0xff,0xff,0xff,0xff,0xff,0xff,0xff,0xff,0xff,0xff,0xff,0xff,0xff,0xff,0xff,
    0xff,0xff,0xff,0xff,0xff,0xff,0xff,0xff,0xff,0xff,0xff,0xff,0xff,0xff,0xff,0xff,
    0xff,0xff,0xff,0xff,0xff,0xff,0xef,0x7b,0xb3,0x94,0x4d,0x63,0x51,0x8c,0xff,0xff,
    0xff,0xff,0xff,0xff,0xff,0xff,0xff,0xff,0xff,0xff,0xff,0xff,0xff,0xff,0xff,0xff,
    0xff,0xff,0xff,0xff,0xff,0xff,0xff,0xff,0xff,0xff,0xff,0xff,0xff,0xff,0xff,0xff,
    0xff,0xff,0xff,0xff,0xff,0xff,0xff,0xff,0xff,0xff,0xff,0xff,0xff,0xff,0xff,0xff,
    0xff,0xff,0xff,0xff,0xff,0xff,0xff,0xff,0xff,0xff,0xff,0xff,0xff,0xff,0xff,0xff,
    0xff,0xff,0xff,0xff,0xff,0xff,0xff,0xff,0xff,0xff,0xff,0xff,0xff,0xff,0xff,0xff,
    0xff,0xff,0xff,0xff,0xff,0xff,0xff,0xff,0xff,0xff,0xff,0xff,0xff,0xff,0xff,0xff,
    0xff,0xff,0xff,0xff,0xff,0xff,0xff,0xff,0xff,0xff,0x9e,0xf7,0x03,0x21,0x03,0x21,
    0x44,0x29,0x44,0x29,0x44,0x29,0xc2,0x18,0xe3,0x18,0x07,0x42,0xe7,0x41,0x07,0x42,
    0xe7,0x41,0xe7,0x41,0xe7,0x41,0xe7,0x41,0xe7,0x41,0xe7,0x41,0xe7,0x41,0xc6,0x41,
    0x69,0x52,0xee,0x83,0x07,0x42,0x75,0xad,0xff,0xff,0xdf,0xff,0xff,0xff,0xff,0xff,
    0xff,0xff,0xff,0xff,0xff,0xff,0xff,0xff,0xff,0xff,0xff,0xff,0xff,0xff,0xff,0xff,
    0xff,0xff,0xff,0xff,0xff,0xff,0xff,0xff,0xff,0xff,0xff,0xff,0xff,0xff,0xff,0xff,
    0xbe,0xf7,0xcb,0x52,0xaa,0x4a,0x8a,0x4a,0xae,0x6b,0x71,0x84,0x51,0x7c,0x51,0x7c,
    0x71,0x7c,0x71,0x84,0x71,0x84,0x71,0x84,0x71,0x84,0x28,0x42,0xe7,0x39,0xcb,0x52,
    0x69,0x42,0x49,0x42,0x49,0x42,0x29,0x42,0x49,0x42,0x49,0x42,0x29,0x42,0x29,0x42,
    0x29,0x42,0x29,0x42,0x29,0x42,0x29,0x42,0x29,0x42,0x49,0x42,0x49,0x42,0x49,0x42,
    0x49,0x42,0x49,0x42,0x49,0x42,0x6a,0x4a,0x6a,0x4a,0x69,0x42,0x6a,0x4a,0x6a,0x4a,
    0x6a,0x4a,0x29,0x42,0xcb,0x4a,0xcb,0x52,0x45,0x21,0x69,0x4a,0x86,0x29,0x6e,0x63,
    0x29,0x42,0x29,0x42,0x6d,0x63,0x08,0x3a,0xc7,0x31,0xcf,0x73,0xef,0x73,0xf0,0x73,
    0x31,0x7c,0x92,0x84,0x92,0x8c,0xeb,0x52,0x30,0x7c,0x69,0x42,0x30,0x7c,0x4d,0x63,
    0xcb,0x52,0x4d,0x63,0x6d,0x63,0xcb,0x52,0x8e,0x6b,0x92,0x8c,0x92,0x84,0x71,0x84,
    0x51,0x84,0x51,0x84,0x31,0x84,0x49,0x42,0x4d,0x63,0x6d,0x63,0x08,0x3a,0x38,0xc6,
    0xff,0xff,0xff,0xff,0xff,0xff,0xff,0xff,0xff,0xff,0xff,0xff,0xff,0xff,0xff,0xff,
    0xff,0xff,0xff,0xff,0xff,0xff,0xff,0xff,0xff,0xff,0xff,0xff,0xff,0xff,0xff,0xff,
    0xff,0xff,0xff,0xff,0xff,0xff,0xff,0xff,0xff,0xff,0xff,0xff,0xff,0xff,0xff,0xff,
    0xff,0xff,0xff,0xff,0xff,0xff,0xff,0xff,0xff,0xff,0xff,0xff,0xff,0xff,0xff,0xff,
    0xff,0xff,0xff,0xff,0xff,0xff,0xff,0xff,0xff,0xff,0xff,0xff,0xff,0xff,0xff,0xff,
    0xff,0xff,0xff,0xff,0xff,0xff,0xff,0xff,0xff,0xff,0xff,0xff,0xff,0xff,0xff,0xff,
    0xff,0xff,0xff,0xff,0xff,0xff,0xff,0xff,0xff,0xff,0xff,0xff,0xff,0xff,0xff,0xff,
    0xff,0xff,0xff,0xff,0xff,0xff,0xef,0x7b,0xb2,0x94,0x4d,0x63,0x50,0x8c,0xff,0xff,
    0xff,0xff,0xff,0xff,0xff,0xff,0xff,0xff,0xff,0xff,0xff,0xff,0xff,0xff,0xff,0xff,
    0xff,0xff,0xff,0xff,0xff,0xff,0xff,0xff,0xff,0xff,0xff,0xff,0xff,0xff,0xff,0xff,
    0xff,0xff,0xff,0xff,0xff,0xff,0xff,0xff,0xff,0xff,0xff,0xff,0xff,0xff,0xff,0xff,
    0xff,0xff,0xff,0xff,0xff,0xff,0xff,0xff,0xff,0xff,0xff,0xff,0xff,0xff,0xff,0xff,
    0xff,0xff,0xff,0xff,0xff,0xff,0xff,0xff,0xff,0xff,0xff,0xff,0xff,0xff,0xff,0xff,
    0xff,0xff,0xff,0xff,0xff,0xff,0xff,0xff,0xff,0xff,0xff,0xff,0xff,0xff,0xff,0xff,
    0xff,0xff,0xff,0xff,0xff,0xff,0xff,0xff,0xff,0xff,0x7d,0xef,0x03,0x21,0x23,0x21,
    0x44,0x29,0x44,0x29,0x44,0x29,0xc2,0x18,0xe3,0x18,0x07,0x42,0xe7,0x41,0x07,0x42,
    0xe7,0x41,0xe7,0x41,0xe7,0x41,0xe7,0x41,0xe7,0x41,0xe7,0x41,0xe7,0x41,0xc6,0x41,
    0x69,0x52,0xee,0x83,0x07,0x42,0x75,0xad,0xff,0xff,0xdf,0xff,0xff,0xff,0xff,0xff,
    0xff,0xff,0xff,0xff,0xff,0xff,0xff,0xff,0xff,0xff,0xff,0xff,0xff,0xff,0xff,0xff,
    0xff,0xff,0xff,0xff,0xff,0xff,0xff,0xff,0xff,0xff,0xff,0xff,0xff,0xff,0xff,0xff,
    0xff,0xff,0x71,0x8c,0xe7,0x31,0xaa,0x4a,0xaa,0x4a,0xae,0x6b,0xae,0x6b,0xaf,0x6b,
    0xcf,0x73,0xef,0x73,0xef,0x73,0xcf,0x6b,0xef,0x73,0x69,0x4a,0x66,0x29,0x2c,0x5b,
    0x0c,0x5b,0x2c,0x5b,0x0c,0x5b,0x0c,0x5b,0x0c,0x5b,0xec,0x5a,0xec,0x5a,0xcb,0x52,
    0xcb,0x52,0xcb,0x52,0xeb,0x52,0xec,0x5a,0xec,0x5a,0xec,0x5a,0xeb,0x5a,0xec,0x5a,
    0xec,0x5a,0x0c,0x5b,0x0c,0x5b,0x2d,0x63,0x2d,0x63,0x4d,0x63,0x4d,0x63,0x4d,0x63,
    0x4d,0x63,0x0c,0x5b,0xab,0x4a,0xab,0x4a,0x45,0x21,0x69,0x4a,0x66,0x29,0x0c,0x5b,
    0x6a,0x4a,0xc7,0x31,0x6e,0x6b,0x08,0x3a,0xa7,0x31,0x10,0x7c,0x8e,0x63,0x6a,0x4a,
    0x0c,0x5b,0x71,0x84,0x92,0x8c,0xcb,0x52,0x10,0x74,0x69,0x42,0x51,0x7c,0x6d,0x63,
    0xab,0x4a,0x2d,0x5b,0x2d,0x63,0x8a,0x4a,0x6d,0x63,0xb3,0x8c,0xcf,0x73,0x0c,0x5b,
    0x0c,0x5b,0xf0,0x73,0x51,0x84,0x69,0x4a,0x4d,0x63,0x6d,0x63,0x69,0x4a,0x18,0xc6,
    0xff,0xff,0xff,0xff,0xff,0xff,0xff,0xff,0xff,0xff,0xff,0xff,0xff,0xff,0xff,0xff,
    0xff,0xff,0xff,0xff,0xff,0xff,0xff,0xff,0xff,0xff,0xff,0xff,0xff,0xff,0xff,0xff,
    0xff,0xff,0xff,0xff,0xff,0xff,0xff,0xff,0xff,0xff,0xff,0xff,0xff,0xff,0xff,0xff,
    0xff,0xff,0xff,0xff,0xff,0xff,0xff,0xff,0xff,0xff,0xff,0xff,0xff,0xff,0xff,0xff,
    0xff,0xff,0xff,0xff,0xff,0xff,0xff,0xff,0xff,0xff,0xff,0xff,0xff,0xff,0xff,0xff,
    0xff,0xff,0xff,0xff,0xff,0xff,0xff,0xff,0xff,0xff,0xff,0xff,0xff,0xff,0xff,0xff,
    0xff,0xff,0xff,0xff,0xff,0xff,0xff,0xff,0xff,0xff,0xff,0xff,0xff,0xff,0xff,0xff,
    0xff,0xff,0xff,0xff,0xff,0xff,0xef,0x7b,0x92,0x94,0x4d,0x6b,0x30,0x84,0xff,0xff,
    0xff,0xff,0xff,0xff,0xff,0xff,0xff,0xff,0xff,0xff,0xff,0xff,0xff,0xff,0xff,0xff,
    0xff,0xff,0xff,0xff,0xff,0xff,0xff,0xff,0xff,0xff,0xff,0xff,0xff,0xff,0xff,0xff,
    0xff,0xff,0xff,0xff,0xff,0xff,0xff,0xff,0xff,0xff,0xff,0xff,0xff,0xff,0xff,0xff,
    0xff,0xff,0xff,0xff,0xff,0xff,0xff,0xff,0xff,0xff,0xff,0xff,0xff,0xff,0xff,0xff,
    0xff,0xff,0xff,0xff,0xff,0xff,0xff,0xff,0xff,0xff,0xff,0xff,0xff,0xff,0xff,0xff,
    0xff,0xff,0xff,0xff,0xff,0xff,0xff,0xff,0xff,0xff,0xff,0xff,0xff,0xff,0xff,0xff,
    0xff,0xff,0xff,0xff,0xff,0xff,0xff,0xff,0xff,0xff,0x5d,0xef,0xe3,0x18,0x24,0x21,
    0x44,0x29,0x44,0x29,0x44,0x29,0xa2,0x18,0xe2,0x18,0x07,0x42,0xe7,0x41,0xe7,0x41,
    0xe7,0x41,0xe7,0x41,0xe7,0x41,0xe7,0x41,0xe7,0x41,0xe7,0x41,0xe7,0x41,0xc6,0x41,
    0x69,0x52,0xee,0x83,0x07,0x42,0x75,0xad,0xff,0xff,0xff,0xff,0xff,0xff,0xff,0xff,
    0xff,0xff,0xff,0xff,0xff,0xff,0xff,0xff,0xff,0xff,0xff,0xff,0xff,0xff,0xff,0xff,
    0xff,0xff,0xff,0xff,0xff,0xff,0xff,0xff,0xff,0xff,0xff,0xff,0xff,0xff,0xff,0xff,
    0xff,0xff,0xdb,0xde,0xe7,0x39,0x29,0x42,0x6a,0x4a,0xeb,0x52,0x0c,0x53,0x0c,0x5b,
    0x2c,0x5b,0x2c,0x5b,0x2c,0x5b,0x0c,0x5b,0x0c,0x5b,0xaa,0x4a,0x65,0x29,0x8a,0x52,
    0x08,0x3a,0xe7,0x31,0xc7,0x31,0xc7,0x31,0xc7,0x31,0xc7,0x31,0xa7,0x31,0xa7,0x31,
    0xa7,0x31,0xc7,0x31,0xc7,0x31,0xc7,0x31,0xc7,0x31,0xa7,0x31,0xa7,0x31,0xa7,0x31,
    0xa7,0x31,0xa7,0x31,0xc7,0x31,0xc7,0x31,0xe7,0x39,0xe8,0x39,0xc7,0x31,0xc7,0x31,
    0xc7,0x31,0xc7,0x31,0xc7,0x31,0xeb,0x52,0xc7,0x31,0x08,0x3a,0xa7,0x31,0x6a,0x4a,
    0xab,0x4a,0x66,0x29,0x4d,0x63,0x49,0x42,0x66,0x29,0xf0,0x73,0x72,0x84,0xaf,0x73,
    0x6a,0x42,0x51,0x84,0x92,0x8c,0xab,0x4a,0x10,0x74,0x49,0x42,0x30,0x7c,0x6d,0x63,
    0xab,0x4a,0x2c,0x5b,0x2c,0x5b,0x8a,0x4a,0x4d,0x63,0xd3,0x94,0xeb,0x52,0xaf,0x6b,
    0x31,0x7c,0x92,0x8c,0x71,0x8c,0x6a,0x4a,0x6d,0x63,0x6d,0x63,0x8a,0x4a,0x18,0xc6,
    0xff,0xff,0xff,0xff,0xff,0xff,0xff,0xff,0xff,0xff,0xff,0xff,0xff,0xff,0xff,0xff,
    0xff,0xff,0xff,0xff,0xff,0xff,0xff,0xff,0xff,0xff,0xff,0xff,0xff,0xff,0xff,0xff,
    0xff,0xff,0xff,0xff,0xff,0xff,0xff,0xff,0xff,0xff,0xff,0xff,0xff,0xff,0xff,0xff,
    0xff,0xff,0xff,0xff,0xff,0xff,0xff,0xff,0xff,0xff,0xff,0xff,0xff,0xff,0xff,0xff,
    0xff,0xff,0xff,0xff,0xff,0xff,0xff,0xff,0xff,0xff,0xff,0xff,0xff,0xff,0xff,0xff,
    0xff,0xff,0xff,0xff,0xff,0xff,0xff,0xff,0xff,0xff,0xff,0xff,0xff,0xff,0xff,0xff,
    0xff,0xff,0xff,0xff,0xff,0xff,0xff,0xff,0xff,0xff,0xff,0xff,0xff,0xff,0xff,0xff,
    0xff,0xff,0xff,0xff,0xff,0xff,0xef,0x7b,0x92,0x8c,0x4d,0x6b,0x30,0x84,0xff,0xff,
    0xff,0xff,0xff,0xff,0xff,0xff,0xff,0xff,0xff,0xff,0xff,0xff,0xff,0xff,0xff,0xff,
    0xff,0xff,0xff,0xff,0xff,0xff,0xff,0xff,0xff,0xff,0xff,0xff,0xff,0xff,0xff,0xff,
    0xff,0xff,0xff,0xff,0xff,0xff,0xff,0xff,0xff,0xff,0xff,0xff,0xff,0xff,0xff,0xff,
    0xff,0xff,0xff,0xff,0xff,0xff,0xff,0xff,0xff,0xff,0xff,0xff,0xff,0xff,0xff,0xff,
    0xff,0xff,0xff,0xff,0xff,0xff,0xff,0xff,0xff,0xff,0xff,0xff,0xff,0xff,0xff,0xff,
    0xff,0xff,0xff,0xff,0xff,0xff,0xff,0xff,0xff,0xff,0xff,0xff,0xff,0xff,0xff,0xff,
    0xff,0xff,0xff,0xff,0xff,0xff,0xff,0xff,0xff,0xff,0x3c,0xe7,0xe3,0x18,0x24,0x21,
    0x44,0x29,0x44,0x29,0x44,0x29,0xa2,0x18,0xe3,0x18,0x07,0x42,0xe7,0x41,0xe7,0x41,
    0xe7,0x41,0xe7,0x41,0xe7,0x41,0xe7,0x41,0xe7,0x41,0xe7,0x41,0xe7,0x41,0xc6,0x41,
    0x69,0x52,0xee,0x83,0x07,0x42,0x95,0xb5,0xff,0xff,0xff,0xff,0xff,0xff,0xff,0xff,
    0xff,0xff,0xff,0xff,0xff,0xff,0xff,0xff,0xff,0xff,0xff,0xff,0xff,0xff,0xff,0xff,
    0xff,0xff,0xff,0xff,0xff,0xff,0xff,0xff,0xff,0xff,0xff,0xff,0xff,0xff,0xff,0xff,
    0xff,0xff,0xff,0xff,0xf3,0x9c,0x65,0x29,0x69,0x4a,0x0c,0x5b,0x2c,0x5b,0x2c,0x5b,
    0x2c,0x5b,0x2d,0x5b,0x2c,0x5b,0x0c,0x5b,0x0c,0x5b,0x2d,0x5b,0x86,0x29,0x69,0x4a,
    0x2d,0x5b,0x0c,0x5b,0x0c,0x5b,0x0c,0x5b,0x0c,0x5b,0x49,0x42,0xa6,0x29,0x86,0x29,
    0x86,0x29,0x66,0x29,0x66,0x29,0x66,0x29,0x66,0x29,0x66,0x29,0x66,0x29,0x66,0x29,
    0x66,0x29,0x66,0x29,0xa6,0x31,0x08,0x3a,0x2c,0x5b,0x2c,0x5b,0x0c,0x5b,0x0c,0x5b,
    0x0c,0x5b,0x0c,0x5b,0x2c,0x5b,0x2d,0x5b,0x49,0x42,0x86,0x29,0x49,0x4a,0x29,0x42,
    0x0c,0x5b,0x65,0x29,0xcb,0x52,0xcb,0x5a,0x24,0x21,0xf0,0x73,0xb2,0x8c,0x51,0x84,
    0x8a,0x4a,0x30,0x7c,0x71,0x84,0x8a,0x4a,0xf0,0x73,0x49,0x42,0x10,0x7c,0x4d,0x63,
    0xab,0x4a,0x0c,0x5b,0x0c,0x5b,0x8a,0x4a,0x6d,0x63,0xb2,0x8c,0xab,0x52,0x51,0x84,
    0xb3,0x8c,0xb3,0x94,0xcf,0x73,0x6a,0x42,0x8e,0x6b,0x0b,0x5b,0xaa,0x52,0x5c,0xe7,
    0xff,0xff,0xff,0xff,0xff,0xff,0xff,0xff,0xff,0xff,0xff,0xff,0xff,0xff,0xff,0xff,
    0xff,0xff,0xff,0xff,0xff,0xff,0xff,0xff,0xff,0xff,0xff,0xff,0xff,0xff,0xff,0xff,
    0xff,0xff,0xff,0xff,0xff,0xff,0xff,0xff,0xff,0xff,0xff,0xff,0xff,0xff,0xff,0xff,
    0xff,0xff,0xff,0xff,0xff,0xff,0xff,0xff,0xff,0xff,0xff,0xff,0xff,0xff,0xff,0xff,
    0xff,0xff,0xff,0xff,0xff,0xff,0xff,0xff,0xff,0xff,0xff,0xff,0xff,0xff,0xff,0xff,
    0xff,0xff,0xff,0xff,0xff,0xff,0xff,0xff,0xff,0xff,0xff,0xff,0xff,0xff,0xff,0xff,
    0xff,0xff,0xff,0xff,0xff,0xff,0xff,0xff,0xff,0xff,0xff,0xff,0xff,0xff,0xff,0xff,
    0xff,0xff,0xff,0xff,0xff,0xff,0x10,0x84,0x72,0x8c,0x4d,0x6b,0x10,0x84,0xff,0xff,
    0xff,0xff,0xff,0xff,0xff,0xff,0xff,0xff,0xff,0xff,0xff,0xff,0xff,0xff,0xff,0xff,
    0xff,0xff,0xff,0xff,0xff,0xff,0xff,0xff,0xff,0xff,0xff,0xff,0xff,0xff,0xff,0xff,
    0xff,0xff,0xff,0xff,0xff,0xff,0xff,0xff,0xff,0xff,0xff,0xff,0xff,0xff,0xff,0xff,
    0xff,0xff,0xff,0xff,0xff,0xff,0xff,0xff,0xff,0xff,0xff,0xff,0xff,0xff,0xff,0xff,
    0xff,0xff,0xff,0xff,0xff,0xff,0xff,0xff,0xff,0xff,0xff,0xff,0xff,0xff,0xff,0xff,
    0xff,0xff,0xff,0xff,0xff,0xff,0xff,0xff,0xff,0xff,0xff,0xff,0xff,0xff,0xff,0xff,
    0xff,0xff,0xff,0xff,0xff,0xff,0xff,0xff,0xff,0xff,0x3c,0xe7,0xe3,0x18,0x24,0x21,
    0x44,0x29,0x44,0x29,0x44,0x29,0xc2,0x18,0xe3,0x18,0x07,0x42,0xe7,0x41,0xe7,0x41,
    0xe7,0x41,0xe7,0x41,0xe7,0x41,0xe7,0x41,0xe7,0x41,0xe7,0x41,0xe7,0x41,0xc6,0x41,
    0x69,0x52,0xee,0x83,0x07,0x42,0x96,0xb5,0xff,0xff,0xff,0xff,0xff,0xff,0xff,0xff,
    0xff,0xff,0xff,0xff,0xff,0xff,0xff,0xff,0xff,0xff,0xff,0xff,0xff,0xff,0xff,0xff,
    0xff,0xff,0xff,0xff,0xff,0xff,0xff,0xff,0xff,0xff,0xff,0xff,0xff,0xff,0xff,0xff,
    0xff,0xff,0xff,0xff,0xff,0xff,0x51,0x84,0x65,0x29,0x0c,0x5b,0x6d,0x63,0x4d,0x63,
    0x4d,0x63,0x4d,0x63,0x4d,0x63,0x4d,0x5b,0x4d,0x63,0x6e,0x6b,0x8a,0x4a,0x66,0x29,
    0x2d,0x5b,0x4d,0x63,0x4d,0x63,0x6d,0x63,0xec,0x5a,0xe8,0x39,0x4d,0x63,0x6d,0x63,
    0x4d,0x63,0x4d,0x63,0x4d,0x63,0x4d,0x63,0x4d,0x63,0x4d,0x63,0x4d,0x63,0x4d,0x63,
    0x4d,0x63,0x6e,0x63,0x8e,0x6b,0x86,0x29,0x49,0x42,0x6d,0x63,0x2c,0x5b,0x2d,0x5b,
    0x4d,0x63,0x4d,0x63,0x4d,0x63,0x4d,0x63,0x4d,0x63,0xc7,0x31,0xcb,0x52,0xa7,0x31,
    0x24,0x21,0xa2,0x10,0x69,0x4a,0x4d,0x63,0x04,0x21,0xef,0x73,0xb2,0x8c,0x51,0x84,
    0x8a,0x4a,0x10,0x74,0x51,0x7c,0x49,0x42,0xaf,0x6b,0x29,0x3a,0x10,0x7c,0x4d,0x63,
    0xaa,0x4a,0x0c,0x5b,0x0c,0x5b,0xab,0x52,0x6e,0x6b,0x92,0x8c,0x8a,0x4a,0x10,0x7c,
    0x92,0x8c,0xb2,0x8c,0x8e,0x6b,0x6a,0x42,0xaf,0x73,0x28,0x42,0xf3,0x9c,0xff,0xff,
    0xff,0xff,0xff,0xff,0xff,0xff,0xff,0xff,0xff,0xff,0xff,0xff,0xff,0xff,0xff,0xff,
    0xff,0xff,0xff,0xff,0xff,0xff,0xff,0xff,0xff,0xff,0xff,0xff,0xff,0xff,0xff,0xff,
    0xff,0xff,0xff,0xff,0xff,0xff,0xff,0xff,0xff,0xff,0xff,0xff,0xff,0xff,0xff,0xff,
    0xff,0xff,0xff,0xff,0xff,0xff,0xff,0xff,0xff,0xff,0xff,0xff,0xff,0xff,0xff,0xff,
    0xff,0xff,0xff,0xff,0xff,0xff,0xff,0xff,0xff,0xff,0xff,0xff,0xff,0xff,0xff,0xff,
    0xff,0xff,0xff,0xff,0xff,0xff,0xff,0xff,0xff,0xff,0xff,0xff,0xff,0xff,0xff,0xff,
    0xff,0xff,0xff,0xff,0xff,0xff,0xff,0xff,0xff,0xff,0xff,0xff,0xff,0xff,0xff,0xff,
    0xff,0xff,0xff,0xff,0xff,0xff,0x10,0x84,0x71,0x8c,0x6d,0x6b,0xef,0x7b,0xff,0xff,
    0xff,0xff,0xff,0xff,0xff,0xff,0xff,0xff,0xff,0xff,0xff,0xff,0xff,0xff,0xff,0xff,
    0xff,0xff,0xff,0xff,0xff,0xff,0xff,0xff,0xff,0xff,0xff,0xff,0xff,0xff,0xff,0xff,
    0xff,0xff,0xff,0xff,0xff,0xff,0xff,0xff,0xff,0xff,0xff,0xff,0xff,0xff,0xff,0xff,
    0xff,0xff,0xff,0xff,0xff,0xff,0xff,0xff,0xff,0xff,0xff,0xff,0xff,0xff,0xff,0xff,
    0xff,0xff,0xff,0xff,0xff,0xff,0xff,0xff,0xff,0xff,0xff,0xff,0xff,0xff,0xff,0xff,
    0xff,0xff,0xff,0xff,0xff,0xff,0xff,0xff,0xff,0xff,0xff,0xff,0xff,0xff,0xff,0xff,
    0xff,0xff,0xff,0xff,0xff,0xff,0xff,0xff,0xff,0xff,0x1b,0xe7,0xe3,0x18,0x24,0x21,
    0x44,0x29,0x44,0x29,0x44,0x29,0xa2,0x18,0xc3,0x18,0x07,0x42,0xe7,0x41,0xe7,0x41,
    0xe7,0x41,0xe7,0x41,0xe7,0x41,0xe7,0x41,0xe7,0x41,0xe7,0x41,0xe7,0x41,0xc6,0x39,
    0x89,0x52,0xee,0x83,0x07,0x42,0xb6,0xb5,0xff,0xff,0xff,0xff,0xff,0xff,0xff,0xff,
    0xff,0xff,0xff,0xff,0xff,0xff,0xff,0xff,0xff,0xff,0xff,0xff,0xff,0xff,0xff,0xff,
    0xff,0xff,0xff,0xff,0xff,0xff,0xff,0xff,0xff,0xff,0xff,0xff,0xff,0xff,0xff,0xff,
    0xff,0xff,0xff,0xff,0xff,0xff,0xff,0xff,0xf3,0x9c,0x49,0x42,0x28,0x42,0x6a,0x4a,
    0x8a,0x4a,0x8a,0x4a,0x8a,0x4a,0xab,0x52,0xcb,0x52,0xcb,0x52,0xeb,0x5a,0x24,0x21,
    0x45,0x29,0xe7,0x39,0xa6,0x31,0xc7,0x31,0x86,0x29,0x29,0x42,0xb2,0x8c,0xb2,0x84,
    0x92,0x84,0x92,0x84,0x92,0x84,0x92,0x84,0x92,0x84,0x92,0x8c,0x92,0x8c,0x92,0x84,
    0x92,0x8c,0xb3,0x8c,0x10,0x7c,0x66,0x29,0x04,0x19,0x08,0x3a,0xe7,0x39,0xe7,0x39,
    0x08,0x3a,0x28,0x3a,0x49,0x42,0x49,0x42,0x49,0x42,0xe8,0x39,0xc7,0x31,0xa2,0x10,
    0xa2,0x18,0x61,0x08,0xc7,0x31,0x4d,0x6b,0x45,0x21,0xef,0x73,0xb3,0x8c,0x71,0x84,
    0xaa,0x52,0x10,0x74,0x31,0x7c,0x29,0x42,0x8e,0x6b,0x08,0x3a,0xcf,0x73,0x0c,0x5b,
    0xaa,0x52,0x4d,0x63,0x2c,0x5b,0xeb,0x52,0x8e,0x6b,0x92,0x8c,0x6a,0x4a,0x10,0x7c,
    0x92,0x84,0x92,0x8c,0xaf,0x6b,0xcb,0x52,0xaa,0x4a,0x0c,0x63,0xbe,0xf7,0xff,0xff,
    0xff,0xff,0xff,0xff,0xff,0xff,0xff,0xff,0xff,0xff,0xff,0xff,0xff,0xff,0xff,0xff,
    0xff,0xff,0xff,0xff,0xff,0xff,0xff,0xff,0xff,0xff,0xff,0xff,0xff,0xff,0xff,0xff,
    0xff,0xff,0xff,0xff,0xff,0xff,0xff,0xff,0xff,0xff,0xff,0xff,0xff,0xff,0xff,0xff,
    0xff,0xff,0xff,0xff,0xff,0xff,0xff,0xff,0xff,0xff,0xff,0xff,0xff,0xff,0xff,0xff,
    0xff,0xff,0xff,0xff,0xff,0xff,0xff,0xff,0xff,0xff,0xff,0xff,0xff,0xff,0xff,0xff,
    0xff,0xff,0xff,0xff,0xff,0xff,0xff,0xff,0xff,0xff,0xff,0xff,0xff,0xff,0xff,0xff,
    0xff,0xff,0xff,0xff,0xff,0xff,0xff,0xff,0xff,0xff,0xff,0xff,0xff,0xff,0xff,0xff,
    0xff,0xff,0xff,0xff,0xff,0xff,0x10,0x84,0x51,0x8c,0x6d,0x6b,0xcf,0x7b,0xff,0xff,
    0xff,0xff,0xff,0xff,0xff,0xff,0xff,0xff,0xff,0xff,0xff,0xff,0xff,0xff,0xff,0xff,
    0xff,0xff,0xff,0xff,0xff,0xff,0xff,0xff,0xff,0xff,0xff,0xff,0xff,0xff,0xff,0xff,
    0xff,0xff,0xff,0xff,0xff,0xff,0xff,0xff,0xff,0xff,0xff,0xff,0xff,0xff,0xff,0xff,
    0xff,0xff,0xff,0xff,0xff,0xff,0xff,0xff,0xff,0xff,0xff,0xff,0xff,0xff,0xff,0xff,
    0xff,0xff,0xff,0xff,0xff,0xff,0xff,0xff,0xff,0xff,0xff,0xff,0xff,0xff,0xff,0xff,
    0xff,0xff,0xff,0xff,0xff,0xff,0xff,0xff,0xff,0xff,0xff,0xff,0xff,0xff,0xff,0xff,
    0xff,0xff,0xff,0xff,0xff,0xff,0xff,0xff,0xff,0xff,0xfb,0xe6,0xe3,0x18,0x24,0x29,
    0x44,0x29,0x44,0x29,0x44,0x29,0xa2,0x10,0xc3,0x18,0x07,0x42,0xe7,0x41,0xe7,0x41,
    0xe7,0x41,0xe7,0x41,0xe7,0x41,0xe7,0x41,0xe7,0x41,0xe7,0x41,0xe7,0x41,0xc6,0x41,
    0x89,0x52,0xee,0x83,0x07,0x42,0xd7,0xbd,0xff,0xff,0xff,0xff,0xff,0xff,0xff,0xff,
    0xff,0xff,0xff,0xff,0xff,0xff,0xff,0xff,0xff,0xff,0xff,0xff,0xff,0xff,0xff,0xff,
    0xff,0xff,0xff,0xff,0xff,0xff,0xff,0xff,0xff,0xff,0xff,0xff,0xff,0xff,0xff,0xff,
    0xff,0xff,0xff,0xff,0xff,0xff,0xff,0xff,0xff,0xff,0x18,0xc6,0xae,0x73,0xec,0x5a,
    0x8a,0x52,0x8a,0x52,0x8a,0x52,0x8a,0x52,0x8a,0x52,0x69,0x4a,0x49,0x42,0x28,0x42,
    0x45,0x21,0x8a,0x4a,0x8a,0x4a,0xcb,0x52,0xe7,0x31,0xab,0x52,0x92,0x8c,0x71,0x84,
    0x71,0x7c,0x71,0x84,0x71,0x84,0x51,0x84,0x51,0x84,0x51,0x84,0x51,0x84,0x71,0x84,
    0x71,0x84,0xb3,0x8c,0x2d,0x5b,0x49,0x42,0x86,0x29,0xcb,0x52,0xaa,0x52,0x8a,0x4a,
    0xaa,0x4a,0xcb,0x52,0xaa,0x52,0xe3,0x18,0xc3,0x18,0xe3,0x20,0x03,0x21,0x24,0x29,
    0x44,0x29,0xa2,0x18,0xc3,0x10,0x2c,0x63,0x86,0x29,0xef,0x73,0xb2,0x8c,0x71,0x84,
    0xcb,0x52,0x51,0x7c,0x72,0x84,0x49,0x42,0xaf,0x6b,0x28,0x3a,0xcf,0x73,0x2d,0x63,
    0xcb,0x52,0x8e,0x6b,0x4d,0x63,0x0c,0x5b,0xaf,0x6b,0xb3,0x94,0xaa,0x4a,0x10,0x7c,
    0x72,0x84,0x92,0x84,0xcf,0x6b,0x69,0x4a,0x28,0x42,0x79,0xce,0xff,0xff,0xff,0xff,
    0xff,0xff,0xff,0xff,0xff,0xff,0xff,0xff,0xff,0xff,0xff,0xff,0xff,0xff,0xff,0xff,
    0xff,0xff,0xff,0xff,0xff,0xff,0xff,0xff,0xff,0xff,0xff,0xff,0xff,0xff,0xff,0xff,
    0xff,0xff,0xff,0xff,0xff,0xff,0xff,0xff,0xff,0xff,0xff,0xff,0xff,0xff,0xff,0xff,
    0xff,0xff,0xff,0xff,0xff,0xff,0xff,0xff,0xff,0xff,0xff,0xff,0xff,0xff,0xff,0xff,
    0xff,0xff,0xff,0xff,0xff,0xff,0xff,0xff,0xff,0xff,0xff,0xff,0xff,0xff,0xff,0xff,
    0xff,0xff,0xff,0xff,0xff,0xff,0xff,0xff,0xff,0xff,0xff,0xff,0xff,0xff,0xff,0xff,
    0xff,0xff,0xff,0xff,0xff,0xff,0xff,0xff,0xff,0xff,0xff,0xff,0xff,0xff,0xff,0xff,
    0xff,0xff,0xff,0xff,0xff,0xff,0x10,0x84,0x51,0x8c,0x6d,0x6b,0xcf,0x7b,0xff,0xff,
    0xff,0xff,0xff,0xff,0xff,0xff,0xff,0xff,0xff,0xff,0xff,0xff,0xff,0xff,0xff,0xff,
    0xff,0xff,0xff,0xff,0xff,0xff,0xff,0xff,0xff,0xff,0xff,0xff,0xff,0xff,0xff,0xff,
    0xff,0xff,0xff,0xff,0xff,0xff,0xff,0xff,0xff,0xff,0xff,0xff,0xff,0xff,0xff,0xff,
    0xff,0xff,0xff,0xff,0xff,0xff,0xff,0xff,0xff,0xff,0xff,0xff,0xff,0xff,0xff,0xff,
    0xff,0xff,0xff,0xff,0xff,0xff,0xff,0xff,0xff,0xff,0xff,0xff,0xff,0xff,0xff,0xff,
    0xff,0xff,0xff,0xff,0xff,0xff,0xff,0xff,0xff,0xff,0xff,0xff,0xff,0xff,0xff,0xff,
    0xff,0xff,0xff,0xff,0xff,0xff,0xff,0xff,0xff,0xff,0xfb,0xde,0xc3,0x18,0x24,0x21,
    0x44,0x29,0x44,0x29,0x44,0x29,0xa2,0x10,0xe3,0x18,0x07,0x42,0xe7,0x41,0xe7,0x41,
    0xe7,0x41,0xe7,0x41,0xe7,0x41,0xe7,0x41,0xe7,0x41,0xe7,0x41,0xe7,0x41,0xc6,0x41,
    0x89,0x5a,0xee,0x83,0x07,0x42,0xf7,0xbd,0xff,0xff,0xff,0xff,0xff,0xff,0xff,0xff,
    0xff,0xff,0xff,0xff,0xff,0xff,0xff,0xff,0xff,0xff,0xff,0xff,0xff,0xff,0xff,0xff,
    0xff,0xff,0xff,0xff,0xff,0xff,0xff,0xff,0xff,0xff,0xff,0xff,0xff,0xff,0xff,0xff,
    0xff,0xff,0xff,0xff,0xff,0xff,0xff,0xff,0xff,0xff,0xff,0xff,0xff,0xff,0xff,0xff,
    0xff,0xff,0xff,0xff,0xdf,0xff,0xdf,0xff,0xdf,0xff,0xbe,0xf7,0xde,0xff,0x5c,0xe7,
    0x28,0x42,0xaa,0x52,0xeb,0x52,0xec,0x52,0xa7,0x31,0x0c,0x5b,0x92,0x8c,0x71,0x84,
    0x71,0x84,0x71,0x84,0x71,0x84,0x51,0x84,0x51,0x84,0x51,0x84,0x51,0x84,0x71,0x84,
    0x72,0x84,0xb3,0x8c,0xaa,0x4a,0xcb,0x52,0x08,0x3a,0x4d,0x63,0x2d,0x63,0x2c,0x63,
    0x2c,0x63,0x8e,0x6b,0xab,0x52,0xe3,0x18,0x65,0x31,0x64,0x31,0x44,0x31,0x44,0x29,
    0x24,0x29,0x03,0x21,0x82,0x10,0x04,0x21,0x04,0x19,0x30,0x7c,0xd3,0x8c,0xb2,0x8c,
    0xcb,0x52,0xae,0x6b,0xae,0x73,0xc7,0x39,0xab,0x52,0x66,0x29,0xaa,0x4a,0x6a,0x4a,
    0x69,0x4a,0x0c,0x5b,0xaa,0x52,0x6a,0x4a,0xeb,0x5a,0xcf,0x73,0x6a,0x4a,0x31,0x7c,
    0x92,0x8c,0xb2,0x8c,0xef,0x73,0x45,0x21,0xb2,0x94,0xff,0xff,0xff,0xff,0xff,0xff,
    0xff,0xff,0xff,0xff,0xff,0xff,0xff,0xff,0xff,0xff,0xff,0xff,0xff,0xff,0xff,0xff,
    0xff,0xff,0xff,0xff,0xff,0xff,0xff,0xff,0xff,0xff,0xff,0xff,0xff,0xff,0xff,0xff,
    0xff,0xff,0xff,0xff,0xff,0xff,0xff,0xff,0xff,0xff,0xff,0xff,0xff,0xff,0xff,0xff,
    0xff,0xff,0xff,0xff,0xff,0xff,0xff,0xff,0xff,0xff,0xff,0xff,0xff,0xff,0xff,0xff,
    0xff,0xff,0xff,0xff,0xff,0xff,0xff,0xff,0xff,0xff,0xff,0xff,0xff,0xff,0xff,0xff,
    0xff,0xff,0xff,0xff,0xff,0xff,0xff,0xff,0xff,0xff,0xff,0xff,0xff,0xff,0xff,0xff,
    0xff,0xff,0xff,0xff,0xff,0xff,0xff,0xff,0xff,0xff,0xff,0xff,0xff,0xff,0xff,0xff,
    0xff,0xff,0xff,0xff,0xff,0xff,0x30,0x84,0x51,0x8c,0x6e,0x6b,0xce,0x73,0xff,0xff,
    0xff,0xff,0xff,0xff,0xff,0xff,0xff,0xff,0xff,0xff,0xff,0xff,0xff,0xff,0xff,0xff,
    0xff,0xff,0xff,0xff,0xff,0xff,0xff,0xff,0xff,0xff,0xff,0xff,0xff,0xff,0xff,0xff,
    0xff,0xff,0xff,0xff,0xff,0xff,0xff,0xff,0xff,0xff,0xff,0xff,0xff,0xff,0xff,0xff,
    0xff,0xff,0xff,0xff,0xff,0xff,0xff,0xff,0xff,0xff,0xff,0xff,0xff,0xff,0xff,0xff,
    0xff,0xff,0xff,0xff,0xff,0xff,0xff,0xff,0xff,0xff,0xff,0xff,0xff,0xff,0xff,0xff,
    0xff,0xff,0xff,0xff,0xff,0xff,0xff,0xff,0xff,0xff,0xff,0xff,0xff,0xff,0xff,0xff,
    0xff,0xff,0xff,0xff,0xff,0xff,0xff,0xff,0xff,0xff,0xdb,0xde,0xc2,0x18,0x24,0x29,
    0x44,0x29,0x44,0x29,0x44,0x29,0xa2,0x10,0xe3,0x18,0x07,0x42,0xe7,0x41,0xe7,0x41,
    0xe7,0x41,0xe7,0x41,0xe7,0x41,0xe7,0x41,0xe7,0x41,0xe7,0x41,0xe7,0x41,0xc6,0x41,
    0x89,0x5a,0xee,0x83,0x07,0x42,0xf7,0xbd,0xff,0xff,0xff,0xff,0xff,0xff,0xff,0xff,
    0xff,0xff,0xff,0xff,0xff,0xff,0xff,0xff,0xff,0xff,0xff,0xff,0xff,0xff,0xff,0xff,
    0xff,0xff,0xff,0xff,0xff,0xff,0xff,0xff,0xff,0xff,0xff,0xff,0xff,0xff,0xff,0xff,
    0xff,0xff,0xff,0xff,0xff,0xff,0xff,0xff,0xff,0xff,0xff,0xff,0xdf,0xff,0xff,0xff,
    0xff,0xff,0xff,0xff,0xff,0xff,0xff,0xff,0xff,0xff,0xff,0xff,0xbe,0xf7,0x50,0x84,
    0x28,0x42,0x28,0x42,0x28,0x42,0x28,0x42,0x8a,0x4a,0x10,0x7c,0x92,0x84,0x72,0x84,
    0x92,0x8c,0x92,0x8c,0x92,0x84,0x92,0x84,0x92,0x84,0x92,0x84,0x72,0x84,0x72,0x84,
    0x72,0x84,0xb2,0x8c,0x2c,0x5b,0x08,0x3a,0xcb,0x52,0x8a,0x52,0x6a,0x4a,0x69,0x4a,
    0x49,0x4a,0x86,0x31,0x04,0x21,0x45,0x29,0x24,0x29,0x44,0x29,0x44,0x29,0x44,0x29,
    0x44,0x29,0x24,0x29,0x24,0x29,0xe3,0x18,0xa2,0x10,0x2c,0x63,0x6e,0x63,0x8d,0x6b,
    0x85,0x29,0xe3,0x18,0xe3,0x18,0xa3,0x10,0x8a,0x52,0xab,0x52,0xab,0x52,0xaa,0x52,
    0xaa,0x52,0xec,0x62,0xcb,0x5a,0x8a,0x52,0xaa,0x52,0xaa,0x52,0x86,0x29,0x0c,0x5b,
    0x6d,0x6b,0x8e,0x6b,0xcb,0x52,0xcb,0x5a,0x7d,0xef,0xff,0xff,0xff,0xff,0xff,0xff,
    0xff,0xff,0xff,0xff,0xff,0xff,0xff,0xff,0xff,0xff,0xff,0xff,0xff,0xff,0xff,0xff,
    0xff,0xff,0xff,0xff,0xff,0xff,0xff,0xff,0xff,0xff,0xff,0xff,0xff,0xff,0xff,0xff,
    0xff,0xff,0xff,0xff,0xff,0xff,0xff,0xff,0xff,0xff,0xff,0xff,0xff,0xff,0xff,0xff,
    0xff,0xff,0xff,0xff,0xff,0xff,0xff,0xff,0xff,0xff,0xff,0xff,0xff,0xff,0xff,0xff,
    0xff,0xff,0xff,0xff,0xff,0xff,0xff,0xff,0xff,0xff,0xff,0xff,0xff,0xff,0xff,0xff,
    0xff,0xff,0xff,0xff,0xff,0xff,0xff,0xff,0xff,0xff,0xff,0xff,0xff,0xff,0xff,0xff,
    0xff,0xff,0xff,0xff,0xff,0xff,0xff,0xff,0xff,0xff,0xff,0xff,0xff,0xff,0xff,0xff,
    0xff,0xff,0xff,0xff,0xff,0xff,0x30,0x84,0x51,0x8c,0x8e,0x6b,0xae,0x73,0xff,0xff,
    0xff,0xff,0xff,0xff,0xff,0xff,0xff,0xff,0xff,0xff,0xff,0xff,0xff,0xff,0xff,0xff,
    0xff,0xff,0xff,0xff,0xff,0xff,0xff,0xff,0xff,0xff,0xff,0xff,0xff,0xff,0xff,0xff,
    0xff,0xff,0xff,0xff,0xff,0xff,0xff,0xff,0xff,0xff,0xff,0xff,0xff,0xff,0xff,0xff,
    0xff,0xff,0xff,0xff,0xff,0xff,0xff,0xff,0xff,0xff,0xff,0xff,0xff,0xff,0xff,0xff,
    0xff,0xff,0xff,0xff,0xff,0xff,0xff,0xff,0xff,0xff,0xff,0xff,0xff,0xff,0xff,0xff,
    0xff,0xff,0xff,0xff,0xff,0xff,0xff,0xff,0xff,0xff,0xff,0xff,0xff,0xff,0xff,0xff,
    0xff,0xff,0xff,0xff,0xff,0xff,0xff,0xff,0xff,0xff,0xba,0xd6,0xc2,0x18,0x24,0x29,
    0x44,0x29,0x44,0x29,0x45,0x29,0xa2,0x18,0xe3,0x20,0x07,0x42,0xe7,0x41,0xe7,0x41,
    0xe7,0x41,0xe7,0x41,0xe7,0x41,0xe7,0x41,0xe7,0x41,0xe7,0x41,0xe7,0x41,0xc6,0x41,
    0x89,0x5a,0xee,0x83,0x07,0x42,0x17,0xc6,0xff,0xff,0xff,0xff,0xff,0xff,0xff,0xff,
    0xff,0xff,0xff,0xff,0xff,0xff,0xff,0xff,0xff,0xff,0xff,0xff,0xff,0xff,0xff,0xff,
    0xff,0xff,0xff,0xff,0xff,0xff,0xff,0xff,0xff,0xff,0xff,0xff,0xff,0xff,0xff,0xff,
    0xff,0xff,0xff,0xff,0xff,0xff,0xff,0xff,0xff,0xff,0xff,0xff,0xff,0xff,0xff,0xff,
    0xff,0xff,0xff,0xff,0xff,0xff,0xff,0xff,0xff,0xff,0x9e,0xf7,0x6d,0x6b,0x45,0x21,
    0xcb,0x52,0xcb,0x52,0xaa,0x52,0xab,0x52,0xcb,0x52,0xcb,0x52,0xeb,0x52,0xec,0x52,
    0xec,0x5a,0xeb,0x52,0xec,0x5a,0xec,0x5a,0xec,0x5a,0x0c,0x5b,0xec,0x52,0xeb,0x52,
    0xcb,0x4a,0xaa,0x4a,0x08,0x3a,0xa7,0x31,0xaa,0x52,0xcb,0x52,0x0c,0x5b,0x2d,0x5b,
    0x6e,0x6b,0x29,0x42,0x49,0x42,0xe3,0x20,0x03,0x21,0x44,0x29,0x44,0x29,0x44,0x29,
    0x44,0x29,0x44,0x29,0x44,0x29,0x44,0x29,0x24,0x21,0x61,0x08,0x61,0x08,0xa2,0x10,
    0xa2,0x18,0x24,0x29,0x24,0x21,0x24,0x29,0xfb,0xde,0xff,0xff,0xff,0xff,0xff,0xff,
    0xbe,0xf7,0xbf,0xf7,0xbe,0xf7,0xbe,0xf7,0xbe,0xf7,0xbe,0xf7,0x55,0xad,0x6d,0x6b,
    0xcf,0x7b,0x10,0x84,0x92,0x94,0xfb,0xde,0xff,0xff,0xff,0xff,0xff,0xff,0xff,0xff,
    0xff,0xff,0xff,0xff,0xff,0xff,0xff,0xff,0xff,0xff,0xff,0xff,0xff,0xff,0xff,0xff,
    0xff,0xff,0xff,0xff,0xff,0xff,0xff,0xff,0xff,0xff,0xff,0xff,0xff,0xff,0xff,0xff,
    0xff,0xff,0xff,0xff,0xff,0xff,0xff,0xff,0xff,0xff,0xff,0xff,0xff,0xff,0xff,0xff,
    0xff,0xff,0xff,0xff,0xff,0xff,0xff,0xff,0xff,0xff,0xff,0xff,0xff,0xff,0xff,0xff,
    0xff,0xff,0xff,0xff,0xff,0xff,0xff,0xff,0xff,0xff,0xff,0xff,0xff,0xff,0xff,0xff,
    0xff,0xff,0xff,0xff,0xff,0xff,0xff,0xff,0xff,0xff,0xff,0xff,0xff,0xff,0xff,0xff,
    0xff,0xff,0xff,0xff,0xff,0xff,0xff,0xff,0xff,0xff,0xff,0xff,0xff,0xff,0xff,0xff,
    0xff,0xff,0xff,0xff,0xff,0xff,0x30,0x84,0x51,0x8c,0x8e,0x73,0x8e,0x73,0xff,0xff,
    0xff,0xff,0xff,0xff,0xff,0xff,0xff,0xff,0xff,0xff,0xff,0xff,0xff,0xff,0xff,0xff,
    0xff,0xff,0xff,0xff,0xff,0xff,0xff,0xff,0xff,0xff,0xff,0xff,0xff,0xff,0xff,0xff,
    0xff,0xff,0xff,0xff,0xff,0xff,0xff,0xff,0xff,0xff,0xff,0xff,0xff,0xff,0xff,0xff,
    0xff,0xff,0xff,0xff,0xff,0xff,0xff,0xff,0xff,0xff,0xff,0xff,0xff,0xff,0xff,0xff,
    0xff,0xff,0xff,0xff,0xff,0xff,0xff,0xff,0xff,0xff,0xff,0xff,0xff,0xff,0xff,0xff,
    0xff,0xff,0xff,0xff,0xff,0xff,0xff,0xff,0xff,0xff,0xff,0xff,0xff,0xff,0xff,0xff,
    0xff,0xff,0xff,0xff,0xff,0xff,0xff,0xff,0xff,0xff,0x9a,0xd6,0xa2,0x18,0x44,0x29,
    0x44,0x29,0x44,0x29,0x44,0x29,0xa2,0x18,0xe3,0x20,0x07,0x42,0xe7,0x41,0xe7,0x41,
    0xe7,0x41,0xe7,0x41,0xe7,0x41,0xe7,0x41,0xe7,0x41,0xe7,0x41,0xe7,0x41,0xc6,0x41,
    0x89,0x5a,0xce,0x83,0x07,0x42,0x18,0xc6,0xff,0xff,0xff,0xff,0xff,0xff,0xff,0xff,
    0xff,0xff,0xff,0xff,0xff,0xff,0xff,0xff,0xff,0xff,0xff,0xff,0xff,0xff,0xff,0xff,
    0xff,0xff,0xff,0xff,0xff,0xff,0xff,0xff,0xff,0xff,0xff,0xff,0xff,0xff,0xff,0xff,
    0xff,0xff,0xff,0xff,0xff,0xff,0xff,0xff,0xff,0xff,0xff,0xff,0xff,0xff,0xff,0xff,
    0xff,0xff,0xff,0xff,0xff,0xff,0xff,0xff,0xff,0xff,0xdb,0xde,0x49,0x42,0x0c,0x5b,
    0x2d,0x63,0x0c,0x5b,0x0c,0x5b,0x0c,0x5b,0xec,0x5a,0x0c,0x5b,0x4d,0x63,0x4d,0x63,
    0x4d,0x63,0x6d,0x6b,0x6e,0x6b,0x8e,0x6b,0x8e,0x6b,0x8e,0x6b,0x8e,0x6b,0x8e,0x6b,
    0x6e,0x63,0x4d,0x63,0x4d,0x63,0x4d,0x6b,0x2d,0x63,0x2d,0x63,0x8e,0x63,0xcf,0x73,
    0x8e,0x6b,0xe8,0x39,0x04,0x21,0xa2,0x18,0x23,0x29,0x24,0x29,0x24,0x29,0x44,0x29,
    0x44,0x29,0x44,0x29,0x44,0x29,0x24,0x29,0x44,0x29,0x61,0x08,0xa2,0x18,0x03,0x21,
    0x24,0x29,0x44,0x29,0x24,0x29,0x44,0x29,0xdb,0xde,0xff,0xff,0xff,0xff,0xff,0xff,
    0xff,0xff,0xff,0xff,0xff,0xff,0xff,0xff,0xff,0xff,0xff,0xff,0xff,0xff,0xff,0xff,
    0xff,0xff,0xff,0xff,0xff,0xff,0xff,0xff,0xff,0xff,0xff,0xff,0xff,0xff,0xff,0xff,
    0xff,0xff,0xff,0xff,0xff,0xff,0xff,0xff,0xff,0xff,0xff,0xff,0xff,0xff,0xff,0xff,
    0xff,0xff,0xff,0xff,0xff,0xff,0xff,0xff,0xff,0xff,0xff,0xff,0xff,0xff,0xff,0xff,
    0xff,0xff,0xff,0xff,0xff,0xff,0xff,0xff,0xff,0xff,0xff,0xff,0xff,0xff,0xff,0xff,
    0xff,0xff,0xff,0xff,0xff,0xff,0xff,0xff,0xff,0xff,0xff,0xff,0xff,0xff,0xff,0xff,
    0xff,0xff,0xff,0xff,0xff,0xff,0xff,0xff,0xff,0xff,0xff,0xff,0xff,0xff,0xff,0xff,
    0xff,0xff,0xff,0xff,0xff,0xff,0xff,0xff,0xff,0xff,0xff,0xff,0xff,0xff,0xff,0xff,
    0xff,0xff,0xff,0xff,0xff,0xff,0xff,0xff,0xff,0xff,0xff,0xff,0xff,0xff,0xff,0xff,
    0xff,0xff,0xff,0xff,0xff,0xff,0x30,0x84,0x51,0x8c,0xae,0x73,0x8e,0x73,0xff,0xff,
    0xff,0xff,0xff,0xff,0xff,0xff,0xff,0xff,0xff,0xff,0xff,0xff,0xff,0xff,0xff,0xff,
    0xff,0xff,0xff,0xff,0xff,0xff,0xff,0xff,0xff,0xff,0xff,0xff,0xff,0xff,0xff,0xff,
    0xff,0xff,0xff,0xff,0xff,0xff,0xff,0xff,0xff,0xff,0xff,0xff,0xff,0xff,0xff,0xff,
    0xff,0xff,0xff,0xff,0xff,0xff,0xff,0xff,0xff,0xff,0xff,0xff,0xff,0xff,0xff,0xff,
    0xff,0xff,0xff,0xff,0xff,0xff,0xff,0xff,0xff,0xff,0xff,0xff,0xff,0xff,0xff,0xff,
    0xff,0xff,0xff,0xff,0xff,0xff,0xff,0xff,0xff,0xff,0xff,0xff,0xff,0xff,0xff,0xff,
    0xff,0xff,0xff,0xff,0xff,0xff,0xff,0xff,0xff,0xff,0x79,0xce,0xa2,0x18,0x44,0x29,
    0x44,0x29,0x44,0x29,0x44,0x29,0xa2,0x18,0xe3,0x20,0x07,0x42,0xe7,0x41,0xe7,0x41,
    0xe7,0x41,0xe7,0x41,0xe7,0x41,0xe7,0x41,0xe7,0x41,0xe7,0x41,0xe7,0x41,0xc6,0x41,
    0x89,0x5a,0xce,0x83,0x07,0x42,0x38,0xc6,0xff,0xff,0xff,0xff,0xff,0xff,0xff,0xff,
    0xff,0xff,0xff,0xff,0xff,0xff,0xff,0xff,0xff,0xff,0xff,0xff,0xff,0xff,0xff,0xff,
    0xff,0xff,0xff,0xff,0xff,0xff,0xff,0xff,0xff,0xff,0xff,0xff,0xff,0xff,0xff,0xff,
    0xff,0xff,0xff,0xff,0xff,0xff,0xff,0xff,0xff,0xff,0xff,0xff,0xff,0xff,0xff,0xff,
    0xff,0xff,0xff,0xff,0xff,0xff,0xff,0xff,0xff,0xff,0x5d,0xef,0xab,0x52,0xeb,0x52,
    0x4d,0x63,0x2d,0x63,0x0c,0x5b,0xec,0x5a,0xeb,0x5a,0xcb,0x52,0xcb,0x52,0xab,0x52,
    0xab,0x52,0xcb,0x52,0xcb,0x52,0xeb,0x5a,0xeb,0x5a,0xec,0x5a,0xec,0x5a,0xcb,0x52,
    0xaa,0x4a,0xaa,0x4a,0xaa,0x52,0x8a,0x52,0xab,0x52,0xeb,0x52,0x6d,0x63,0xae,0x6b,
    0x0c,0x63,0x04,0x21,0xc2,0x18,0x23,0x21,0x03,0x29,0x24,0x29,0x24,0x29,0x44,0x29,
    0x44,0x29,0x44,0x29,0x44,0x29,0x44,0x29,0x44,0x29,0x61,0x10,0xc2,0x18,0x24,0x29,
    0x24,0x29,0x44,0x29,0x03,0x21,0x24,0x21,0xdb,0xde,0xff,0xff,0xff,0xff,0xff,0xff,
    0xff,0xff,0xff,0xff,0xff,0xff,0xff,0xff,0xff,0xff,0xff,0xff,0xff,0xff,0xff,0xff,
    0xff,0xff,0xff,0xff,0xff,0xff,0xff,0xff,0xff,0xff,0xff,0xff,0xff,0xff,0xff,0xff,
    0xff,0xff,0xff,0xff,0xff,0xff,0xff,0xff,0xff,0xff,0xff,0xff,0xff,0xff,0xff,0xff,
    0xff,0xff,0xff,0xff,0xff,0xff,0xff,0xff,0xff,0xff,0xff,0xff,0xff,0xff,0xff,0xff,
    0xff,0xff,0xff,0xff,0xff,0xff,0xff,0xff,0xff,0xff,0xff,0xff,0xff,0xff,0xff,0xff,
    0xff,0xff,0xff,0xff,0xff,0xff,0xff,0xff,0xff,0xff,0xff,0xff,0xff,0xff,0xff,0xff,
    0xff,0xff,0xff,0xff,0xff,0xff,0xff,0xff,0xff,0xff,0xff,0xff,0xff,0xff,0xff,0xff,
    0xff,0xff,0xff,0xff,0xff,0xff,0xff,0xff,0xff,0xff,0xff,0xff,0xff,0xff,0xff,0xff,
    0xff,0xff,0xff,0xff,0xff,0xff,0xff,0xff,0xff,0xff,0xff,0xff,0xff,0xff,0xff,0xff,
    0xff,0xff,0xff,0xff,0xff,0xff,0x51,0x8c,0x51,0x8c,0xcf,0x73,0x8e,0x73,0xff,0xff,
    0xff,0xff,0xff,0xff,0xff,0xff,0xff,0xff,0xff,0xff,0xff,0xff,0xff,0xff,0xff,0xff,
    0xff,0xff,0xff,0xff,0xff,0xff,0xff,0xff,0xff,0xff,0xff,0xff,0xff,0xff,0xff,0xff,
    0xff,0xff,0xff,0xff,0xff,0xff,0xff,0xff,0xff,0xff,0xff,0xff,0xff,0xff,0xff,0xff,
    0xff,0xff,0xff,0xff,0xff,0xff,0xff,0xff,0xff,0xff,0xff,0xff,0xff,0xff,0xff,0xff,
    0xff,0xff,0xff,0xff,0xff,0xff,0xff,0xff,0xff,0xff,0xff,0xff,0xff,0xff,0xff,0xff,
    0xff,0xff,0xff,0xff,0xff,0xff,0xff,0xff,0xff,0xff,0xff,0xff,0xff,0xff,0xff,0xff,
    0xff,0xff,0xff,0xff,0xff,0xff,0xdf,0xff,0xff,0xff,0x59,0xc6,0xa2,0x18,0x44,0x29,
    0x44,0x29,0x44,0x29,0x65,0x29,0xa2,0x10,0xe3,0x20,0x07,0x42,0xe7,0x41,0xe7,0x41,
    0xe7,0x41,0xe7,0x41,0xe7,0x41,0xe7,0x41,0xe7,0x41,0xe7,0x41,0xe7,0x41,0xc6,0x41,
    0x89,0x5a,0xce,0x83,0x07,0x42,0x38,0xc6,0xff,0xff,0xff,0xff,0xff,0xff,0xff,0xff,
    0xff,0xff,0xff,0xff,0xff,0xff,0xff,0xff,0xff,0xff,0xff,0xff,0xff,0xff,0xff,0xff,
    0xff,0xff,0xff,0xff,0xff,0xff,0xff,0xff,0xff,0xff,0xff,0xff,0xff,0xff,0xff,0xff,
    0xff,0xff,0xff,0xff,0xff,0xff,0xff,0xff,0xff,0xff,0xff,0xff,0xff,0xff,0xff,0xff,
    0xff,0xff,0xff,0xff,0xff,0xff,0xff,0xff,0xff,0xff,0xff,0xff,0xd7,0xbd,0xb2,0x94,
    0xb2,0x94,0x92,0x94,0x71,0x8c,0x71,0x8c,0x51,0x8c,0x51,0x8c,0x51,0x8c,0x51,0x8c,
    0x71,0x8c,0x71,0x8c,0x71,0x8c,0x92,0x94,0x92,0x94,0x92,0x94,0x92,0x94,0x92,0x94,
    0x92,0x94,0x92,0x94,0xb2,0x94,0x92,0x94,0x92,0x94,0xd3,0x9c,0xeb,0x5a,0xa2,0x10,
    0x03,0x21,0x24,0x21,0x44,0x29,0x24,0x29,0x24,0x29,0x24,0x29,0x24,0x29,0x24,0x29,
    0x24,0x29,0x24,0x29,0x85,0x31,0xe6,0x41,0xc6,0x39,0x81,0x10,0xc2,0x18,0x44,0x29,
    0x24,0x29,0x44,0x29,0x03,0x21,0x04,0x21,0xdb,0xde,0xff,0xff,0xff,0xff,0xff,0xff,
    0xff,0xff,0xff,0xff,0xff,0xff,0xff,0xff,0xff,0xff,0xff,0xff,0xff,0xff,0xff,0xff,
    0xff,0xff,0xff,0xff,0xff,0xff,0xff,0xff,0xff,0xff,0xff,0xff,0xff,0xff,0xff,0xff,
    0xff,0xff,0xff,0xff,0xff,0xff,0xff,0xff,0xff,0xff,0xff,0xff,0xff,0xff,0xff,0xff,
    0xff,0xff,0xff,0xff,0xff,0xff,0xff,0xff,0xff,0xff,0xff,0xff,0xff,0xff,0xff,0xff,
    0xff,0xff,0xff,0xff,0xff,0xff,0xff,0xff,0xff,0xff,0xff,0xff,0xff,0xff,0xff,0xff,
    0xff,0xff,0xff,0xff,0xff,0xff,0xff,0xff,0xff,0xff,0xff,0xff,0xff,0xff,0xff,0xff,
    0xff,0xff,0xff,0xff,0xff,0xff,0xff,0xff,0xff,0xff,0xff,0xff,0xff,0xff,0xff,0xff,
    0xff,0xff,0xff,0xff,0xff,0xff,0xff,0xff,0xff,0xff,0xff,0xff,0xff,0xff,0xff,0xff,
    0xff,0xff,0xff,0xff,0xff,0xff,0xff,0xff,0xff,0xff,0xff,0xff,0xff,0xff,0xff,0xff,
    0xff,0xff,0xff,0xff,0xff,0xff,0x71,0x8c,0x71,0x8c,0xef,0x7b,0x8e,0x73,0xff,0xff,
    0xff,0xff,0xff,0xff,0xff,0xff,0xff,0xff,0xff,0xff,0xff,0xff,0xff,0xff,0xff,0xff,
    0xff,0xff,0xff,0xff,0xff,0xff,0xff,0xff,0xff,0xff,0xff,0xff,0xff,0xff,0xff,0xff,
    0xff,0xff,0xff,0xff,0xff,0xff,0xff,0xff,0xff,0xff,0xff,0xff,0xff,0xff,0xff,0xff,
    0xff,0xff,0xff,0xff,0xff,0xff,0xff,0xff,0xff,0xff,0xff,0xff,0xff,0xff,0xff,0xff,
    0xff,0xff,0xff,0xff,0xff,0xff,0xff,0xff,0xff,0xff,0xff,0xff,0xff,0xff,0xff,0xff,
    0xff,0xff,0xff,0xff,0xff,0xff,0xff,0xff,0xff,0xff,0xff,0xff,0xff,0xff,0xff,0xff,
    0xff,0xff,0xff,0xff,0xff,0xff,0xff,0xff,0xff,0xff,0x18,0xc6,0xa2,0x10,0x44,0x29,
    0x44,0x29,0x44,0x29,0x65,0x29,0xa2,0x10,0x03,0x21,0x07,0x42,0xe7,0x41,0xe7,0x41,
    0xe7,0x41,0xe7,0x41,0xe7,0x41,0xe7,0x41,0xe7,0x41,0xe7,0x41,0xe7,0x41,0xc6,0x41,
    0x89,0x5a,0xce,0x83,0x07,0x42,0x59,0xce,0xff,0xff,0xff,0xff,0xff,0xff,0xff,0xff,
    0xff,0xff,0xff,0xff,0xff,0xff,0xff,0xff,0xff,0xff,0xff,0xff,0xff,0xff,0xff,0xff,
    0xff,0xff,0xff,0xff,0xff,0xff,0xff,0xff,0xff,0xff,0xff,0xff,0xff,0xff,0xff,0xff,
    0xff,0xff,0xff,0xff,0xff,0xff,0xff,0xff,0xff,0xff,0xff,0xff,0xff,0xff,0xff,0xff,
    0xff,0xff,0xff,0xff,0xff,0xff,0xff,0xff,0xff,0xff,0xff,0xff,0xff,0xff,0xff,0xff,
    0xff,0xff,0xff,0xff,0xff,0xff,0xff,0xff,0xff,0xff,0xff,0xff,0xff,0xff,0xff,0xff,
    0xff,0xff,0xff,0xff,0xff,0xff,0xff,0xff,0xff,0xff,0xff,0xff,0xff,0xff,0xff,0xff,
    0xff,0xff,0xff,0xff,0xff,0xff,0xff,0xff,0xff,0xff,0xff,0xff,0x92,0x94,0x82,0x10,
    0x65,0x29,0x44,0x29,0x44,0x29,0x44,0x29,0x24,0x29,0x24,0x29,0x24,0x29,0x24,0x29,
    0x23,0x29,0x65,0x31,0x07,0x42,0x07,0x4a,0x28,0x42,0xa2,0x18,0xc2,0x18,0x44,0x29,
    0x24,0x29,0x44,0x29,0x03,0x21,0x03,0x21,0xdb,0xde,0xff,0xff,0xff,0xff,0xff,0xff,
    0xff,0xff,0xff,0xff,0xff,0xff,0xff,0xff,0xff,0xff,0xff,0xff,0xff,0xff,0xff,0xff,
    0xff,0xff,0xff,0xff,0xff,0xff,0xff,0xff,0xff,0xff,0xff,0xff,0xff,0xff,0xff,0xff,
    0xff,0xff,0xff,0xff,0xff,0xff,0xff,0xff,0xff,0xff,0xff,0xff,0xff,0xff,0xff,0xff,
    0xff,0xff,0xff,0xff,0xff,0xff,0xff,0xff,0xff,0xff,0xff,0xff,0xff,0xff,0xff,0xff,
    0xff,0xff,0xff,0xff,0xff,0xff,0xff,0xff,0xff,0xff,0xff,0xff,0xff,0xff,0xff,0xff,
    0xff,0xff,0xff,0xff,0xff,0xff,0xff,0xff,0xff,0xff,0xff,0xff,0xff,0xff,0xff,0xff,
    0xff,0xff,0xff,0xff,0xff,0xff,0xff,0xff,0xff,0xff,0xff,0xff,0xff,0xff,0xff,0xff,
    0xff,0xff,0xff,0xff,0xff,0xff,0xff,0xff,0xff,0xff,0xff,0xff,0xff,0xff,0xff,0xff,
    0xff,0xff,0xff,0xff,0xff,0xff,0xff,0xff,0xff,0xff,0xff,0xff,0xff,0xff,0xff,0xff,
    0xff,0xff,0xff,0xff,0xff,0xff,0x92,0x8c,0x71,0x8c,0xef,0x7b,0x8e,0x6b,0xff,0xff,
    0xff,0xff,0xff,0xff,0xff,0xff,0xff,0xff,0xff,0xff,0xff,0xff,0xff,0xff,0xff,0xff,
    0xff,0xff,0xff,0xff,0xff,0xff,0xdf,0xff,0xff,0xff,0xff,0xff,0xff,0xff,0xff,0xff,
    0xff,0xff,0xff,0xff,0xff,0xff,0xff,0xff,0xff,0xff,0xff,0xff,0xff,0xff,0xff,0xff,
    0xff,0xff,0xff,0xff,0xff,0xff,0xff,0xff,0xff,0xff,0xff,0xff,0xff,0xff,0xff,0xff,
    0xff,0xff,0xff,0xff,0xff,0xff,0xff,0xff,0xff,0xff,0xff,0xff,0xff,0xff,0xff,0xff,
    0xff,0xff,0xff,0xff,0xff,0xff,0xff,0xff,0xff,0xff,0xff,0xff,0xff,0xff,0xff,0xff,
    0xff,0xff,0xff,0xff,0xff,0xff,0xff,0xff,0xff,0xff,0xd7,0xbd,0xa2,0x10,0x44,0x29,
    0x44,0x29,0x44,0x29,0x44,0x29,0xa2,0x10,0x03,0x21,0x07,0x42,0xe7,0x41,0xe7,0x41,
    0xe7,0x41,0xe7,0x41,0xe7,0x41,0xe7,0x41,0xe7,0x41,0xe7,0x41,0xe7,0x41,0xc6,0x41,
    0x89,0x5a,0xce,0x7b,0x07,0x42,0x79,0xce,0xff,0xff,0xff,0xff,0xff,0xff,0xff,0xff,
    0xff,0xff,0xff,0xff,0xff,0xff,0xff,0xff,0xff,0xff,0xff,0xff,0xff,0xff,0xff,0xff,
    0xff,0xff,0xff,0xff,0xff,0xff,0xff,0xff,0xff,0xff,0xff,0xff,0xff,0xff,0xff,0xff,
    0xff,0xff,0xff,0xff,0xff,0xff,0xff,0xff,0xff,0xff,0xff,0xff,0xff,0xff,0xff,0xff,
    0xff,0xff,0xff,0xff,0xff,0xff,0xff,0xff,0xff,0xff,0xff,0xff,0xff,0xff,0xff,0xff,
    0xff,0xff,0xff,0xff,0xff,0xff,0xff,0xff,0xff,0xff,0xff,0xff,0xff,0xff,0xff,0xff,
    0xff,0xff,0xff,0xff,0xff,0xff,0xff,0xff,0xff,0xff,0xff,0xff,0xff,0xff,0xff,0xff,
    0xff,0xff,0xff,0xff,0xff,0xff,0xff,0xff,0xdf,0xff,0xff,0xff,0x91,0x94,0x81,0x10,
    0x24,0x29,0x24,0x29,0x44,0x29,0x44,0x29,0x44,0x29,0x24,0x29,0x24,0x29,0x24,0x29,
    0x85,0x31,0xe6,0x41,0xe7,0x41,0xe7,0x41,0x27,0x42,0xc2,0x18,0xe3,0x18,0x44,0x29,
    0x24,0x29,0x44,0x29,0x03,0x21,0xe3,0x20,0xdb,0xde,0xff,0xff,0xff,0xff,0xff,0xff,
    0xff,0xff,0xff,0xff,0xff,0xff,0xff,0xff,0xff,0xff,0xff,0xff,0xff,0xff,0xff,0xff,
    0xff,0xff,0xff,0xff,0xff,0xff,0xff,0xff,0xff,0xff,0xff,0xff,0xff,0xff,0xff,0xff,
    0xff,0xff,0xff,0xff,0xff,0xff,0xff,0xff,0xff,0xff,0xff,0xff,0xff,0xff,0xff,0xff,
    0xff,0xff,0xff,0xff,0xff,0xff,0xff,0xff,0xff,0xff,0xff,0xff,0xff,0xff,0xff,0xff,
    0xff,0xff,0xff,0xff,0xff,0xff,0xff,0xff,0xff,0xff,0xff,0xff,0xff,0xff,0xff,0xff,
    0xff,0xff,0xff,0xff,0xff,0xff,0xff,0xff,0xff,0xff,0xff,0xff,0xff,0xff,0xff,0xff,
    0xff,0xff,0xff,0xff,0xff,0xff,0xff,0xff,0xff,0xff,0xff,0xff,0xff,0xff,0xff,0xff,
    0xff,0xff,0xff,0xff,0xff,0xff,0xff,0xff,0xff,0xff,0xff,0xff,0xff,0xff,0xff,0xff,
    0xff,0xff,0xff,0xff,0xff,0xff,0xff,0xff,0xff,0xff,0xff,0xff,0xff,0xff,0xff,0xff,
    0xff,0xff,0xdf,0xff,0xdf,0xff,0x71,0x8c,0x51,0x8c,0x0f,0x7c,0x4d,0x6b,0xdf,0xf7,
    0x9e,0xf7,0xbe,0xf7,0xdf,0xf7,0xff,0xff,0xff,0xff,0xff,0xff,0xff,0xff,0xff,0xff,
    0xff,0xff,0xff,0xff,0xff,0xff,0xff,0xff,0xff,0xff,0xff,0xff,0xff,0xff,0xff,0xff,
    0xdf,0xff,0xff,0xff,0xff,0xff,0xff,0xff,0xff,0xff,0xff,0xff,0xff,0xff,0xff,0xff,
    0xff,0xff,0xff,0xff,0xff,0xff,0xff,0xff,0xff,0xff,0xff,0xff,0xff,0xff,0xff,0xff,
    0xff,0xff,0xff,0xff,0xff,0xff,0xff,0xff,0xff,0xff,0xff,0xff,0xff,0xff,0xff,0xff,
    0xff,0xff,0xff,0xff,0xff,0xff,0xff,0xff,0xff,0xff,0xff,0xff,0xff,0xff,0xff,0xff,
    0xff,0xff,0xff,0xff,0xff,0xff,0xff,0xff,0xff,0xff,0xb6,0xbd,0xa2,0x10,0x44,0x29,
    0x44,0x29,0x44,0x29,0x65,0x29,0xa2,0x10,0x03,0x21,0x07,0x42,0xe7,0x41,0xe7,0x41,
    0xe7,0x41,0xe7,0x41,0xe7,0x41,0xe7,0x41,0xe7,0x41,0xe7,0x41,0xe7,0x41,0xc6,0x41,
    0xa9,0x5a,0xce,0x7b,0x07,0x42,0x79,0xce,0xff,0xff,0xff,0xff,0xff,0xff,0xff,0xff,
    0xff,0xff,0xff,0xff,0xff,0xff,0xff,0xff,0xff,0xff,0xff,0xff,0xff,0xff,0xff,0xff,
    0xff,0xff,0xff,0xff,0xff,0xff,0xff,0xff,0xff,0xff,0xff,0xff,0xff,0xff,0xff,0xff,
    0xff,0xff,0xff,0xff,0xff,0xff,0xff,0xff,0xff,0xff,0xff,0xff,0xff,0xff,0xff,0xff,
    0xff,0xff,0xff,0xff,0xff,0xff,0xff,0xff,0xff,0xff,0xff,0xff,0xff,0xff,0xff,0xff,
    0xff,0xff,0xff,0xff,0xff,0xff,0xff,0xff,0xff,0xff,0xff,0xff,0xff,0xff,0xff,0xff,
    0xff,0xff,0xff,0xff,0xff,0xff,0xff,0xff,0xff,0xff,0xff,0xff,0xff,0xff,0xff,0xff,
    0xff,0xff,0xff,0xff,0xff,0xff,0xff,0xff,0xff,0xff,0xff,0xff,0xb2,0x94,0x81,0x10,
    0x24,0x29,0x24,0x29,0x44,0x29,0x44,0x29,0x44,0x29,0x44,0x29,0x44,0x29,0x85,0x31,
    0xe6,0x41,0xc6,0x41,0xc6,0x41,0xe6,0x41,0x07,0x42,0xc2,0x18,0xe3,0x20,0x44,0x29,
    0x44,0x29,0x44,0x29,0x03,0x21,0xe3,0x20,0xba,0xd6,0xff,0xff,0xff,0xff,0xff,0xff,
    0xff,0xff,0xff,0xff,0xff,0xff,0xff,0xff,0xff,0xff,0xff,0xff,0xff,0xff,0xff,0xff,
    0xff,0xff,0xff,0xff,0xff,0xff,0xff,0xff,0xff,0xff,0xff,0xff,0xff,0xff,0xff,0xff,
    0xff,0xff,0xff,0xff,0xff,0xff,0xff,0xff,0xff,0xff,0xff,0xff,0xff,0xff,0xff,0xff,
    0xff,0xff,0xff,0xff,0xff,0xff,0xff,0xff,0xff,0xff,0xff,0xff,0xff,0xff,0xff,0xff,
    0xff,0xff,0xff,0xff,0xff,0xff,0xff,0xff,0xff,0xff,0xff,0xff,0xff,0xff,0xff,0xff,
    0xff,0xff,0xff,0xff,0xff,0xff,0xff,0xff,0xff,0xff,0xff,0xff,0xff,0xff,0xff,0xff,
    0xff,0xff,0xff,0xff,0xff,0xff,0xff,0xff,0xff,0xff,0xff,0xff,0xff,0xff,0xff,0xff,
    0xff,0xff,0xff,0xff,0xff,0xff,0xdf,0xff,0x5d,0xef,0xdb,0xde,0x9a,0xd6,0xf7,0xbd,
    0x55,0xad,0xb2,0x94,0x31,0x84,0xcf,0x73,0x6d,0x6b,0x2d,0x63,0xec,0x5a,0xcb,0x5a,
    0xab,0x52,0xaa,0x52,0xaa,0x52,0xc7,0x31,0x71,0x8c,0x50,0x84,0x65,0x29,0x6a,0x4a,
    0x29,0x42,0x29,0x42,0x49,0x4a,0x6a,0x4a,0xaa,0x52,0xec,0x5a,0x4d,0x63,0xaf,0x73,
    0x30,0x84,0xb3,0x94,0x55,0xad,0xf7,0xbd,0x9a,0xd6,0xfb,0xde,0x5d,0xef,0xdf,0xff,
    0xff,0xff,0xff,0xff,0xff,0xff,0xff,0xff,0xff,0xff,0xff,0xff,0xff,0xff,0xff,0xff,
    0xff,0xff,0xff,0xff,0xff,0xff,0xff,0xff,0xff,0xff,0xff,0xff,0xff,0xff,0xff,0xff,
    0xff,0xff,0xff,0xff,0xff,0xff,0xff,0xff,0xff,0xff,0xff,0xff,0xff,0xff,0xff,0xff,
    0xff,0xff,0xff,0xff,0xff,0xff,0xff,0xff,0xff,0xff,0xff,0xff,0xff,0xff,0xff,0xff,
    0xff,0xff,0xff,0xff,0xff,0xff,0xff,0xff,0xff,0xff,0x96,0xb5,0x82,0x10,0x44,0x29,
    0x44,0x29,0x44,0x29,0x65,0x29,0xa2,0x10,0x03,0x21,0x07,0x42,0xe7,0x41,0xe7,0x41,
    0xe7,0x41,0xe7,0x41,0xe7,0x41,0xe7,0x41,0xe7,0x41,0xe7,0x41,0xe7,0x41,0xc6,0x41,
    0xa9,0x5a,0xae,0x7b,0x07,0x42,0x9a,0xd6,0xff,0xff,0xff,0xff,0xff,0xff,0xff,0xff,
    0xff,0xff,0xff,0xff,0xff,0xff,0xff,0xff,0xff,0xff,0xff,0xff,0xff,0xff,0xff,0xff,
    0xff,0xff,0xff,0xff,0xff,0xff,0xff,0xff,0xff,0xff,0xff,0xff,0xff,0xff,0xff,0xff,
    0xff,0xff,0xff,0xff,0xff,0xff,0xff,0xff,0xff,0xff,0xff,0xff,0xff,0xff,0xff,0xff,
    0xff,0xff,0xff,0xff,0xff,0xff,0xff,0xff,0xff,0xff,0xff,0xff,0xff,0xff,0xff,0xff,
    0xff,0xff,0xff,0xff,0xff,0xff,0xff,0xff,0xff,0xff,0xff,0xff,0xff,0xff,0xff,0xff,
    0xff,0xff,0xff,0xff,0xff,0xff,0xff,0xff,0xff,0xff,0xff,0xff,0xff,0xff,0xff,0xff,
    0xff,0xff,0xff,0xff,0xff,0xff,0xff,0xff,0xff,0xff,0xff,0xff,0xd3,0x9c,0x82,0x10,
    0x24,0x29,0x24,0x29,0x24,0x21,0x24,0x21,0x24,0x29,0x65,0x31,0xc6,0x39,0xe7,0x41,
    0xe7,0x41,0xe7,0x41,0xe6,0x41,0xe6,0x41,0x07,0x42,0xe3,0x18,0xe3,0x20,0x44,0x29,
    0x44,0x29,0x44,0x29,0x04,0x21,0xe3,0x18,0xba,0xd6,0xff,0xff,0xff,0xff,0xff,0xff,
    0xff,0xff,0xff,0xff,0xff,0xff,0xff,0xff,0xff,0xff,0xff,0xff,0xff,0xff,0xff,0xff,
    0xff,0xff,0xff,0xff,0xff,0xff,0xff,0xff,0xff,0xff,0xff,0xff,0xff,0xff,0xff,0xff,
    0xff,0xff,0xff,0xff,0xff,0xff,0xff,0xff,0xff,0xff,0xff,0xff,0xff,0xff,0xff,0xff,
    0xff,0xff,0xff,0xff,0xff,0xff,0xff,0xff,0xff,0xff,0xff,0xff,0xff,0xff,0xff,0xff,
    0xff,0xff,0xff,0xff,0xff,0xff,0xff,0xff,0xff,0xff,0xff,0xff,0xff,0xff,0xff,0xff,
    0xff,0xff,0xff,0xff,0xff,0xff,0xff,0xff,0xff,0xff,0xff,0xff,0xff,0xff,0xff,0xff,
    0xff,0xff,0xff,0xff,0xff,0xff,0xff,0xff,0xff,0xff,0xff,0xff,0xbe,0xf7,0xdb,0xde,
    0x96,0xb5,0x51,0x84,0x4d,0x6b,0xaa,0x52,0x08,0x42,0x86,0x29,0x45,0x21,0x25,0x21,
    0x65,0x29,0xa6,0x29,0xc7,0x31,0x08,0x3a,0x29,0x42,0x69,0x42,0x8a,0x4a,0xab,0x52,
    0xeb,0x52,0x0c,0x5b,0x2d,0x63,0x28,0x42,0x91,0x8c,0x50,0x8c,0x66,0x29,0x2c,0x5b,
    0xeb,0x52,0xcb,0x52,0xcb,0x52,0xaa,0x4a,0x8a,0x4a,0x6a,0x42,0x69,0x42,0x69,0x42,
    0x49,0x42,0x08,0x3a,0xe7,0x39,0xc7,0x31,0xa7,0x31,0xc7,0x39,0x29,0x42,0x8a,0x52,
    0x8e,0x73,0x91,0x8c,0xd7,0xbd,0x1c,0xe7,0xdf,0xff,0xff,0xff,0xff,0xff,0xff,0xff,
    0xff,0xff,0xff,0xff,0xff,0xff,0xff,0xff,0xff,0xff,0xff,0xff,0xff,0xff,0xff,0xff,
    0xff,0xff,0xff,0xff,0xff,0xff,0xff,0xff,0xff,0xff,0xff,0xff,0xff,0xff,0xff,0xff,
    0xff,0xff,0xff,0xff,0xff,0xff,0xff,0xff,0xff,0xff,0xff,0xff,0xff,0xff,0xff,0xff,
    0xff,0xff,0xff,0xff,0xff,0xff,0xdf,0xff,0xff,0xff,0x96,0xb5,0x81,0x10,0x65,0x29,
    0x44,0x29,0x44,0x29,0x65,0x29,0xa2,0x10,0x03,0x21,0x07,0x42,0xe7,0x41,0xe7,0x41,
    0xe7,0x41,0x07,0x42,0xe7,0x41,0xe7,0x41,0xe7,0x41,0xe7,0x41,0xe7,0x41,0xc6,0x41,
    0xa9,0x5a,0xae,0x7b,0x07,0x42,0x9a,0xd6,0xff,0xff,0xff,0xff,0xff,0xff,0xff,0xff,
    0xff,0xff,0xff,0xff,0xff,0xff,0xff,0xff,0xff,0xff,0xff,0xff,0xff,0xff,0xff,0xff,
    0xff,0xff,0xff,0xff,0xff,0xff,0xff,0xff,0xff,0xff,0xff,0xff,0xff,0xff,0xff,0xff,
    0xff,0xff,0xff,0xff,0xff,0xff,0xff,0xff,0xff,0xff,0xff,0xff,0xff,0xff,0xff,0xff,
    0xff,0xff,0xff,0xff,0xff,0xff,0xff,0xff,0xff,0xff,0xff,0xff,0xff,0xff,0xff,0xff,
    0xff,0xff,0xff,0xff,0xff,0xff,0xff,0xff,0xff,0xff,0xff,0xff,0xff,0xff,0xff,0xff,
    0xff,0xff,0xff,0xff,0xff,0xff,0xff,0xff,0xff,0xff,0xff,0xff,0xff,0xff,0xff,0xff,
    0xff,0xff,0xff,0xff,0xff,0xff,0xff,0xff,0xff,0xff,0xff,0xff,0xf3,0x9c,0xa2,0x10,
    0x24,0x29,0x03,0x21,0x23,0x21,0x44,0x29,0xa6,0x31,0xe7,0x39,0xe7,0x41,0xe7,0x41,
    0xe7,0x41,0xe7,0x41,0xe7,0x41,0xe6,0x41,0x07,0x4a,0xe3,0x20,0xe3,0x20,0x44,0x29,
    0x44,0x29,0x44,0x29,0x24,0x21,0xc3,0x18,0xba,0xd6,0xff,0xff,0xff,0xff,0xff,0xff,
    0xff,0xff,0xff,0xff,0xff,0xff,0xff,0xff,0xff,0xff,0xff,0xff,0xff,0xff,0xff,0xff,
    0xff,0xff,0xff,0xff,0xff,0xff,0xff,0xff,0xff,0xff,0xff,0xff,0xff,0xff,0xff,0xff,
    0xff,0xff,0xff,0xff,0xff,0xff,0xff,0xff,0xff,0xff,0xff,0xff,0xff,0xff,0xff,0xff,
    0xff,0xff,0xff,0xff,0xff,0xff,0xff,0xff,0xff,0xff,0xff,0xff,0xff,0xff,0xff,0xff,
    0xff,0xff,0xff,0xff,0xff,0xff,0xff,0xff,0xff,0xff,0xff,0xff,0xff,0xff,0xff,0xff,
    0xff,0xff,0xff,0xff,0xff,0xff,0xff,0xff,0xff,0xff,0xff,0xff,0xff,0xff,0xff,0xff,
    0xff,0xff,0xff,0xff,0xff,0xff,0xbe,0xf7,0x59,0xce,0x71,0x8c,0xaa,0x52,0x45,0x29,
    0x25,0x21,0xa6,0x29,0xe8,0x39,0x6a,0x4a,0xcb,0x52,0x2d,0x5b,0x4d,0x63,0x6e,0x63,
    0x8e,0x6b,0x8e,0x6b,0xae,0x6b,0x8e,0x6b,0x8e,0x6b,0x8e,0x6b,0x8e,0x6b,0x8e,0x6b,
    0x8e,0x6b,0x8e,0x6b,0xaf,0x6b,0x49,0x42,0x91,0x8c,0x30,0x84,0x86,0x29,0x8e,0x63,
    0x8e,0x63,0x8e,0x63,0x8e,0x63,0x8e,0x63,0x8e,0x63,0xae,0x6b,0xaf,0x6b,0xaf,0x6b,
    0xaf,0x6b,0xaf,0x6b,0xaf,0x6b,0x8e,0x6b,0x4d,0x63,0x2d,0x5b,0xcb,0x52,0x49,0x42,
    0x08,0x3a,0xc6,0x31,0x86,0x29,0x08,0x3a,0x2c,0x63,0x92,0x94,0x79,0xce,0xdf,0xff,
    0xff,0xff,0xff,0xff,0xff,0xff,0xff,0xff,0xff,0xff,0xff,0xff,0xff,0xff,0xff,0xff,
    0xff,0xff,0xff,0xff,0xff,0xff,0xff,0xff,0xff,0xff,0xff,0xff,0xff,0xff,0xff,0xff,
    0xff,0xff,0xff,0xff,0xff,0xff,0xff,0xff,0xff,0xff,0xff,0xff,0xff,0xff,0xff,0xff,
    0xff,0xff,0xff,0xff,0xff,0xff,0xdf,0xff,0xff,0xff,0x75,0xad,0x81,0x10,0x65,0x29,
    0x44,0x29,0x44,0x29,0x65,0x29,0xa2,0x10,0x24,0x21,0x07,0x42,0x07,0x42,0xe7,0x41,
    0xe7,0x41,0x07,0x42,0xe7,0x41,0xe7,0x41,0xe7,0x41,0xe7,0x41,0xe7,0x41,0xc6,0x41,
    0xa9,0x5a,0xad,0x7b,0x07,0x42,0xba,0xd6,0xff,0xff,0xff,0xff,0xff,0xff,0xff,0xff,
    0xff,0xff,0xff,0xff,0xff,0xff,0xff,0xff,0xff,0xff,0xff,0xff,0xff,0xff,0xff,0xff,
    0xff,0xff,0xff,0xff,0xff,0xff,0xff,0xff,0xff,0xff,0xff,0xff,0xff,0xff,0xff,0xff,
    0xff,0xff,0xff,0xff,0xff,0xff,0xff,0xff,0xff,0xff,0xff,0xff,0xff,0xff,0xff,0xff,
    0xff,0xff,0xff,0xff,0xff,0xff,0xff,0xff,0xff,0xff,0xff,0xff,0xff,0xff,0xff,0xff,
    0xff,0xff,0xff,0xff,0xff,0xff,0xff,0xff,0xff,0xff,0xff,0xff,0xff,0xff,0xff,0xff,
    0xff,0xff,0xff,0xff,0xff,0xff,0xff,0xff,0xff,0xff,0xff,0xff,0xff,0xff,0xff,0xff,
    0xff,0xff,0xff,0xff,0xff,0xff,0xff,0xff,0xff,0xff,0xff,0xff,0xf3,0x9c,0xa2,0x10,
    0x65,0x31,0x85,0x31,0xa6,0x39,0xe7,0x41,0xe7,0x41,0xe7,0x41,0xe7,0x41,0xe7,0x41,
    0xe7,0x41,0xe7,0x41,0xe7,0x41,0x28,0x4a,0x69,0x52,0xc2,0x18,0xc3,0x18,0x44,0x29,
    0x44,0x29,0x44,0x29,0x24,0x21,0xc2,0x18,0x9a,0xd6,0xff,0xff,0xff,0xff,0xff,0xff,
    0xff,0xff,0xff,0xff,0xff,0xff,0xff,0xff,0xff,0xff,0xff,0xff,0xff,0xff,0xff,0xff,
    0xff,0xff,0xff,0xff,0xff,0xff,0xff,0xff,0xff,0xff,0xff,0xff,0xff,0xff,0xff,0xff,
    0xff,0xff,0xff,0xff,0xff,0xff,0xff,0xff,0xff,0xff,0xff,0xff,0xff,0xff,0xff,0xff,
    0xff,0xff,0xff,0xff,0xff,0xff,0xff,0xff,0xff,0xff,0xff,0xff,0xff,0xff,0xff,0xff,
    0xff,0xff,0xff,0xff,0xff,0xff,0xff,0xff,0xff,0xff,0xff,0xff,0xff,0xff,0xff,0xff,
    0xff,0xff,0xff,0xff,0xff,0xff,0xff,0xff,0xff,0xff,0xff,0xff,0xff,0xff,0xff,0xff,
    0xff,0xff,0xff,0xff,0x96,0xb5,0xab,0x52,0xa6,0x31,0xa7,0x31,0x49,0x42,0x0c,0x5b,
    0x4d,0x63,0x8e,0x6b,0xae,0x6b,0x8e,0x6b,0x8e,0x6b,0x8e,0x6b,0x6e,0x63,0x6e,0x63,
    0x6d,0x63,0x4d,0x63,0x4d,0x63,0x4d,0x63,0x4d,0x63,0x4d,0x63,0x4d,0x63,0x6d,0x63,
    0x6e,0x63,0x6e,0x63,0x8e,0x6b,0x49,0x42,0xb2,0x94,0x51,0x8c,0x65,0x21,0x6d,0x63,
    0x6d,0x63,0x6e,0x63,0x6d,0x63,0x6e,0x63,0x6e,0x63,0x6e,0x63,0x6e,0x63,0x6e,0x63,
    0x6e,0x63,0x4d,0x63,0x4d,0x63,0x4d,0x63,0x4d,0x63,0x6d,0x63,0x6d,0x63,0x8e,0x63,
    0x8e,0x6b,0x8e,0x6b,0x6e,0x63,0x2d,0x5b,0x8a,0x4a,0x08,0x3a,0x08,0x3a,0x4d,0x6b,
    0x59,0xce,0xff,0xff,0xff,0xff,0xff,0xff,0xff,0xff,0xff,0xff,0xff,0xff,0xff,0xff,
    0xff,0xff,0xff,0xff,0xff,0xff,0xff,0xff,0xff,0xff,0xff,0xff,0xff,0xff,0xff,0xff,
    0xff,0xff,0xff,0xff,0xff,0xff,0xff,0xff,0xff,0xff,0xff,0xff,0xff,0xff,0xff,0xff,
    0xff,0xff,0xff,0xff,0xff,0xff,0xdf,0xff,0xff,0xff,0x54,0xad,0x81,0x10,0x65,0x29,
    0x44,0x29,0x44,0x29,0x65,0x29,0xa2,0x10,0x24,0x21,0x27,0x42,0x07,0x42,0xe7,0x41,
    0xe7,0x41,0xe7,0x41,0xe7,0x41,0xe7,0x41,0xe7,0x41,0xe7,0x41,0xe7,0x41,0xc6,0x41,
    0xa9,0x5a,0xad,0x7b,0x07,0x42,0xba,0xd6,0xff,0xff,0xff,0xff,0xff,0xff,0xff,0xff,
    0xff,0xff,0xff,0xff,0xff,0xff,0xff,0xff,0xff,0xff,0xff,0xff,0xff,0xff,0xff,0xff,
    0xff,0xff,0xff,0xff,0xff,0xff,0xff,0xff,0xff,0xff,0xff,0xff,0xff,0xff,0xff,0xff,
    0xff,0xff,0xff,0xff,0xff,0xff,0xff,0xff,0xff,0xff,0xff,0xff,0xff,0xff,0xff,0xff,
    0xff,0xff,0xff,0xff,0xff,0xff,0xff,0xff,0xff,0xff,0xff,0xff,0xff,0xff,0xff,0xff,
    0xff,0xff,0xff,0xff,0xff,0xff,0xff,0xff,0xff,0xff,0xff,0xff,0xff,0xff,0xff,0xff,
    0xff,0xff,0xff,0xff,0xff,0xff,0xff,0xff,0xff,0xff,0xff,0xff,0xff,0xff,0xff,0xff,
    0xff,0xff,0xff,0xff,0xff,0xff,0xff,0xff,0xff,0xff,0xff,0xff,0xf3,0x9c,0xe3,0x18,
    0x07,0x42,0xe7,0x41,0xe7,0x41,0xe7,0x41,0xe7,0x41,0xe7,0x41,0xe7,0x41,0xe7,0x41,
    0xe7,0x41,0x07,0x42,0xc6,0x39,0x89,0x52,0xeb,0x62,0xc2,0x18,0xc3,0x18,0x44,0x29,
    0x44,0x29,0x44,0x29,0x24,0x21,0xc2,0x18,0x7a,0xce,0xff,0xff,0xff,0xff,0xff,0xff,
    0xff,0xff,0xff,0xff,0xff,0xff,0xff,0xff,0xff,0xff,0xff,0xff,0xff,0xff,0xff,0xff,
    0xff,0xff,0xff,0xff,0xff,0xff,0xff,0xff,0xff,0xff,0xff,0xff,0xff,0xff,0xff,0xff,
    0xff,0xff,0xff,0xff,0xff,0xff,0xff,0xff,0xff,0xff,0xff,0xff,0xff,0xff,0xff,0xff,
    0xff,0xff,0xff,0xff,0xff,0xff,0xff,0xff,0xff,0xff,0xff,0xff,0xff,0xff,0xff,0xff,
    0xff,0xff,0xff,0xff,0xff,0xff,0xff,0xff,0xff,0xff,0xff,0xff,0xff,0xff,0xff,0xff,
    0xff,0xff,0xff,0xff,0xff,0xff,0xff,0xff,0xff,0xff,0xff,0xff,0xff,0xff,0xff,0xff,
    0xff,0xff,0xf3,0x9c,0x45,0x21,0x08,0x3a,0x2d,0x5b,0xaf,0x73,0xaf,0x6b,0x8e,0x6b,
    0x6e,0x63,0x6d,0x63,0x4d,0x63,0x4d,0x63,0x6d,0x63,0x6e,0x63,0x6e,0x63,0x6e,0x63,
    0x6d,0x63,0x6d,0x63,0x6d,0x63,0x6d,0x63,0x4d,0x63,0x4d,0x63,0x4d,0x63,0x4d,0x63,
    0x4d,0x63,0x6d,0x63,0xae,0x6b,0x6a,0x42,0xcb,0x52,0xcb,0x52,0x86,0x29,0x6d,0x63,
    0x6d,0x63,0x6d,0x63,0x8e,0x63,0x8e,0x63,0x8e,0x63,0x8e,0x63,0x8e,0x63,0x8e,0x63,
    0x6e,0x63,0x6d,0x63,0x4d,0x63,0x4d,0x63,0x6d,0x63,0x6d,0x63,0x4d,0x63,0x6d,0x63,
    0x6e,0x63,0x8e,0x63,0x8e,0x63,0x8e,0x6b,0xaf,0x6b,0xaf,0x6b,0x2d,0x63,0x49,0x42,
    0x08,0x3a,0x59,0xce,0xff,0xff,0xff,0xff,0xff,0xff,0xff,0xff,0xff,0xff,0xff,0xff,
    0xff,0xff,0xff,0xff,0xff,0xff,0xff,0xff,0xff,0xff,0xff,0xff,0xff,0xff,0xff,0xff,
    0xff,0xff,0xff,0xff,0xff,0xff,0xff,0xff,0xff,0xff,0xff,0xff,0xff,0xff,0xff,0xff,
    0xff,0xff,0xff,0xff,0xff,0xff,0xff,0xff,0xff,0xff,0x14,0xa5,0x81,0x10,0x65,0x29,
    0x44,0x29,0x44,0x29,0x65,0x29,0xa2,0x10,0x24,0x21,0x27,0x42,0x07,0x42,0xe7,0x41,
    0xe7,0x41,0xe7,0x41,0xe7,0x41,0xe7,0x41,0xe7,0x41,0xe7,0x41,0xe7,0x41,0xc6,0x41,
    0xca,0x62,0xad,0x7b,0x28,0x4a,0xdb,0xde,0xff,0xff,0xff,0xff,0xff,0xff,0xff,0xff,
    0xff,0xff,0xff,0xff,0xff,0xff,0xff,0xff,0xff,0xff,0xff,0xff,0xff,0xff,0xff,0xff,
    0xff,0xff,0xff,0xff,0xff,0xff,0xff,0xff,0xff,0xff,0xff,0xff,0xff,0xff,0xff,0xff,
    0xff,0xff,0xff,0xff,0xff,0xff,0xff,0xff,0xff,0xff,0xff,0xff,0xff,0xff,0xff,0xff,
    0xff,0xff,0xff,0xff,0xff,0xff,0xff,0xff,0xff,0xff,0xff,0xff,0xff,0xff,0xff,0xff,
    0xff,0xff,0xff,0xff,0xff,0xff,0xff,0xff,0xff,0xff,0xff,0xff,0xff,0xff,0xff,0xff,
    0xff,0xff,0xff,0xff,0xff,0xff,0xff,0xff,0xff,0xff,0xff,0xff,0xff,0xff,0xff,0xff,
    0xff,0xff,0xff,0xff,0xff,0xff,0xff,0xff,0xff,0xff,0xff,0xff,0xf3,0x9c,0x03,0x21,
    0x07,0x42,0xe7,0x41,0xe7,0x41,0xe7,0x41,0xe7,0x41,0xe7,0x41,0xe7,0x41,0xe7,0x41,
    0xe7,0x41,0x07,0x42,0xc6,0x39,0x89,0x5a,0x0b,0x63,0xc2,0x18,0xc2,0x18,0x44,0x29,
    0x44,0x29,0x44,0x29,0x24,0x21,0xa2,0x10,0x59,0xce,0xff,0xff,0xff,0xff,0xff,0xff,
    0xff,0xff,0xff,0xff,0xff,0xff,0xff,0xff,0xff,0xff,0xff,0xff,0xff,0xff,0xff,0xff,
    0xff,0xff,0xff,0xff,0xff,0xff,0xff,0xff,0xff,0xff,0xff,0xff,0xff,0xff,0xff,0xff,
    0xff,0xff,0xff,0xff,0xff,0xff,0xff,0xff,0xff,0xff,0xff,0xff,0xff,0xff,0xff,0xff,
    0xff,0xff,0xff,0xff,0xff,0xff,0xff,0xff,0xff,0xff,0xff,0xff,0xff,0xff,0xff,0xff,
    0xff,0xff,0xff,0xff,0xff,0xff,0xff,0xff,0xff,0xff,0xff,0xff,0xff,0xff,0xff,0xff,
    0xff,0xff,0xff,0xff,0xff,0xff,0xff,0xff,0xff,0xff,0xff,0xff,0xff,0xff,0xff,0xff,
    0x7d,0xef,0xc7,0x31,0x08,0x3a,0xaf,0x6b,0x6e,0x63,0x6d,0x63,0x6e,0x63,0x6e,0x63,
    0x6e,0x63,0x6d,0x63,0x6d,0x63,0x6d,0x63,0x6d,0x63,0x6e,0x63,0x6e,0x63,0x6e,0x63,
    0x6e,0x63,0x6d,0x63,0x6d,0x63,0x6d,0x63,0x4d,0x63,0x4d,0x63,0x4d,0x63,0x4d,0x63,
    0x4d,0x63,0x4d,0x63,0x6e,0x63,0x4d,0x63,0x29,0x42,0x08,0x3a,0xec,0x52,0x6d,0x63,
    0x6d,0x63,0x6e,0x63,0x6e,0x63,0x8e,0x63,0x6e,0x63,0x6e,0x63,0x6e,0x63,0x6e,0x63,
    0x6d,0x63,0x4d,0x63,0x4d,0x63,0x4d,0x63,0x6d,0x63,0x6d,0x63,0x6e,0x63,0x6e,0x63,
    0x8e,0x63,0x8e,0x63,0x8e,0x63,0x6e,0x63,0x6d,0x63,0x6d,0x63,0x6e,0x63,0xcf,0x73,
    0x86,0x29,0x30,0x84,0xff,0xff,0xff,0xff,0xff,0xff,0xff,0xff,0xff,0xff,0xff,0xff,
    0xff,0xff,0xff,0xff,0xff,0xff,0xff,0xff,0xff,0xff,0xff,0xff,0xff,0xff,0xff,0xff,
    0xff,0xff,0xff,0xff,0xff,0xff,0xff,0xff,0xff,0xff,0xff,0xff,0xff,0xff,0xff,0xff,
    0xff,0xff,0xff,0xff,0xff,0xff,0xff,0xff,0xff,0xff,0xf3,0x9c,0x61,0x10,0x65,0x31,
    0x44,0x29,0x44,0x29,0x65,0x29,0xa2,0x10,0x24,0x21,0x27,0x42,0x07,0x42,0xe7,0x41,
    0xe7,0x41,0xe7,0x41,0xe7,0x41,0xe7,0x41,0xe7,0x41,0xe7,0x41,0xe7,0x41,0xc6,0x41,
    0xca,0x62,0xad,0x7b,0x28,0x42,0xdb,0xde,0xff,0xff,0xff,0xff,0xff,0xff,0xff,0xff,
    0xff,0xff,0xff,0xff,0xff,0xff,0xff,0xff,0xff,0xff,0xff,0xff,0xff,0xff,0xff,0xff,
    0xff,0xff,0xff,0xff,0xff,0xff,0xff,0xff,0xff,0xff,0xff,0xff,0xff,0xff,0xff,0xff,
    0xff,0xff,0xff,0xff,0xff,0xff,0xff,0xff,0xff,0xff,0xff,0xff,0xff,0xff,0xff,0xff,
    0xff,0xff,0xff,0xff,0xff,0xff,0xff,0xff,0xff,0xff,0xff,0xff,0xff,0xff,0xff,0xff,
    0xff,0xff,0xff,0xff,0xff,0xff,0xff,0xff,0xff,0xff,0xff,0xff,0xff,0xff,0xff,0xff,
    0xff,0xff,0xff,0xff,0xff,0xff,0xff,0xff,0xff,0xff,0xff,0xff,0xff,0xff,0xff,0xff,
    0xff,0xff,0xff,0xff,0xff,0xff,0xff,0xff,0xff,0xff,0xff,0xff,0xf4,0x9c,0x03,0x21,
    0x07,0x42,0xe7,0x41,0xe7,0x41,0xe7,0x41,0xe7,0x41,0xe7,0x41,0xe7,0x41,0xe7,0x41,
    0xe7,0x41,0xe7,0x41,0xc6,0x41,0x89,0x5a,0x0b,0x6b,0xe3,0x18,0xa2,0x18,0x44,0x29,
    0x44,0x29,0x44,0x29,0x24,0x21,0xa2,0x10,0x59,0xce,0xff,0xff,0xff,0xff,0xff,0xff,
    0xff,0xff,0xff,0xff,0xff,0xff,0xff,0xff,0xff,0xff,0xff,0xff,0xff,0xff,0xff,0xff,
    0xff,0xff,0xff,0xff,0xff,0xff,0xff,0xff,0xff,0xff,0xff,0xff,0xff,0xff,0xff,0xff,
    0xff,0xff,0xff,0xff,0xff,0xff,0xff,0xff,0xff,0xff,0xff,0xff,0xff,0xff,0xff,0xff,
    0xff,0xff,0xff,0xff,0xff,0xff,0xff,0xff,0xff,0xff,0xff,0xff,0xff,0xff,0xff,0xff,
    0xff,0xff,0xff,0xff,0xff,0xff,0xff,0xff,0xff,0xff,0xff,0xff,0xff,0xff,0xff,0xff,
    0xff,0xff,0xff,0xff,0xff,0xff,0xff,0xff,0xff,0xff,0xff,0xff,0xff,0xff,0xff,0xff,
    0xfb,0xde,0x86,0x31,0xa2,0x10,0xe8,0x39,0x0c,0x5b,0x8e,0x6b,0xae,0x6b,0xae,0x6b,
    0x8e,0x63,0x6d,0x63,0x6d,0x63,0x6d,0x63,0x6d,0x63,0x6d,0x63,0x6d,0x63,0x6d,0x63,
    0x6e,0x63,0x6d,0x63,0x6d,0x63,0x6d,0x63,0x6d,0x63,0x6d,0x63,0x4d,0x63,0x4d,0x63,
    0x4d,0x63,0x4d,0x63,0x6d,0x63,0x6d,0x63,0x6e,0x63,0x6d,0x63,0x6d,0x63,0x6d,0x63,
    0x6d,0x63,0x6e,0x63,0x6e,0x63,0x6e,0x63,0x6e,0x63,0x6e,0x63,0x6e,0x63,0x6d,0x63,
    0x6d,0x63,0x6d,0x63,0x6d,0x63,0x6d,0x63,0x4d,0x63,0x4d,0x63,0x6d,0x63,0x6d,0x63,
    0x6d,0x63,0x6d,0x63,0x8e,0x63,0x8e,0x6b,0x8e,0x6b,0x8e,0x63,0xec,0x52,0xc7,0x31,
    0x41,0x08,0xef,0x7b,0xff,0xff,0xff,0xff,0xff,0xff,0xff,0xff,0xff,0xff,0xff,0xff,
    0xff,0xff,0xff,0xff,0xff,0xff,0xff,0xff,0xff,0xff,0xff,0xff,0xff,0xff,0xff,0xff,
    0xff,0xff,0xff,0xff,0xff,0xff,0xff,0xff,0xff,0xff,0xff,0xff,0xff,0xff,0xff,0xff,
    0xff,0xff,0xff,0xff,0xff,0xff,0xdf,0xff,0xff,0xff,0xd2,0x9c,0x61,0x08,0x65,0x31,
    0x44,0x29,0x44,0x29,0x64,0x29,0xa2,0x10,0x24,0x29,0x07,0x42,0xe7,0x41,0xe7,0x41,
    0xe7,0x41,0xe7,0x41,0xe7,0x41,0xe7,0x41,0xe7,0x41,0xe7,0x41,0xe7,0x41,0xc6,0x41,
    0xca,0x62,0x8d,0x7b,0x28,0x42,0xfb,0xde,0xff,0xff,0xff,0xff,0xff,0xff,0xff,0xff,
    0xff,0xff,0xff,0xff,0xff,0xff,0xff,0xff,0xff,0xff,0xff,0xff,0xff,0xff,0xff,0xff,
    0xff,0xff,0xff,0xff,0xff,0xff,0xff,0xff,0xff,0xff,0xff,0xff,0xff,0xff,0xff,0xff,
    0xff,0xff,0xff,0xff,0xff,0xff,0xff,0xff,0xff,0xff,0xff,0xff,0xff,0xff,0xff,0xff,
    0xff,0xff,0xff,0xff,0xff,0xff,0xff,0xff,0xff,0xff,0xff,0xff,0xff,0xff,0xff,0xff,
    0xff,0xff,0xff,0xff,0xff,0xff,0xff,0xff,0xff,0xff,0xff,0xff,0xff,0xff,0xff,0xff,
    0xff,0xff,0xff,0xff,0xff,0xff,0xff,0xff,0xff,0xff,0xff,0xff,0xff,0xff,0xff,0xff,
    0xff,0xff,0xff,0xff,0xff,0xff,0xff,0xff,0xff,0xff,0xff,0xff,0x14,0xa5,0x03,0x21,
    0x07,0x42,0xe7,0x41,0xe7,0x41,0xe7,0x41,0xe7,0x41,0xe7,0x41,0xe7,0x41,0xe7,0x41,
    0xe7,0x41,0xe7,0x41,0xc6,0x41,0xa9,0x5a,0x2b,0x6b,0xe3,0x18,0xa2,0x18,0x44,0x29,
    0x44,0x29,0x44,0x29,0x24,0x21,0x82,0x10,0x38,0xc6,0xff,0xff,0xff,0xff,0xff,0xff,
    0xff,0xff,0xff,0xff,0xff,0xff,0xff,0xff,0xff,0xff,0xff,0xff,0xff,0xff,0xff,0xff,
    0xff,0xff,0xff,0xff,0xff,0xff,0xff,0xff,0xff,0xff,0xff,0xff,0xff,0xff,0xff,0xff,
    0xff,0xff,0xff,0xff,0xff,0xff,0xff,0xff,0xff,0xff,0xff,0xff,0xff,0xff,0xff,0xff,
    0xff,0xff,0xff,0xff,0xff,0xff,0xff,0xff,0xff,0xff,0xff,0xff,0xff,0xff,0xff,0xff,
    0xff,0xff,0xff,0xff,0xff,0xff,0xff,0xff,0xff,0xff,0xff,0xff,0xff,0xff,0xff,0xff,
    0xff,0xff,0xff,0xff,0xff,0xff,0xff,0xff,0xff,0xff,0xff,0xff,0xff,0xff,0xff,0xff,
    0xdb,0xd6,0x08,0x3a,0x66,0x29,0xc3,0x10,0xc3,0x10,0x65,0x29,0x29,0x42,0xec,0x5a,
    0x4d,0x63,0xae,0x6b,0xaf,0x6b,0xaf,0x6b,0x8e,0x6b,0x6e,0x63,0x6d,0x63,0x6d,0x63,
    0x6d,0x63,0x6d,0x63,0x4d,0x63,0x4d,0x63,0x4d,0x63,0x4d,0x63,0x6d,0x63,0x6d,0x63,
    0x6d,0x63,0x6d,0x63,0x6d,0x63,0x6d,0x63,0x4d,0x63,0x4d,0x63,0x4d,0x63,0x6d,0x63,
    0x6d,0x63,0x6e,0x63,0x6e,0x63,0x6e,0x63,0x6e,0x63,0x6e,0x63,0x6d,0x63,0x4d,0x63,
    0x4d,0x63,0x4d,0x63,0x6d,0x63,0x6d,0x63,0x4d,0x63,0x6e,0x63,0x8e,0x6b,0xae,0x6b,
    0xaf,0x6b,0xaf,0x6b,0x8e,0x6b,0x0c,0x5b,0x49,0x42,0x66,0x29,0xe3,0x18,0x25,0x21,
    0xe4,0x18,0xcf,0x7b,0xff,0xff,0xff,0xff,0xff,0xff,0xff,0xff,0xff,0xff,0xff,0xff,
    0xff,0xff,0xff,0xff,0xff,0xff,0xff,0xff,0xff,0xff,0xff,0xff,0xff,0xff,0xff,0xff,
    0xff,0xff,0xff,0xff,0xff,0xff,0xff,0xff,0xff,0xff,0xff,0xff,0xff,0xff,0xff,0xff,
    0xff,0xff,0xff,0xff,0xff,0xff,0xdf,0xff,0xff,0xff,0xb2,0x94,0x61,0x08,0x65,0x31,
    0x44,0x29,0x44,0x29,0x44,0x29,0xa2,0x10,0x44,0x29,0x07,0x42,0xe7,0x41,0xe7,0x41,
    0xe7,0x41,0xe7,0x41,0xe7,0x41,0xe7,0x41,0xe7,0x41,0xe7,0x41,0xe7,0x41,0xc6,0x41,
    0xca,0x62,0x8d,0x73,0x28,0x42,0xfb,0xde,0xff,0xff,0xff,0xff,0xff,0xff,0xff,0xff,
    0xff,0xff,0xff,0xff,0xff,0xff,0xff,0xff,0xff,0xff,0xff,0xff,0xff,0xff,0xff,0xff,
    0xff,0xff,0xff,0xff,0xff,0xff,0xff,0xff,0xff,0xff,0xff,0xff,0xff,0xff,0xff,0xff,
    0xff,0xff,0xff,0xff,0xff,0xff,0xff,0xff,0xff,0xff,0xff,0xff,0xff,0xff,0xff,0xff,
    0xff,0xff,0xff,0xff,0xff,0xff,0xff,0xff,0xff,0xff,0xff,0xff,0xff,0xff,0xff,0xff,
    0xff,0xff,0xff,0xff,0xff,0xff,0xff,0xff,0xff,0xff,0xff,0xff,0xff,0xff,0xff,0xff,
    0xff,0xff,0xff,0xff,0xff,0xff,0xff,0xff,0xff,0xff,0xff,0xff,0xff,0xff,0xff,0xff,
    0xff,0xff,0xff,0xff,0xff,0xff,0xff,0xff,0xff,0xff,0xff,0xff,0x14,0xa5,0x03,0x21,
    0x07,0x42,0xe7,0x41,0xe7,0x41,0xe7,0x41,0xe7,0x41,0xe7,0x41,0xe7,0x41,0xe7,0x41,
    0xe7,0x41,0xe7,0x41,0xc6,0x39,0x89,0x5a,0x0b,0x6b,0xe3,0x18,0xa2,0x18,0x44,0x29,
    0x44,0x29,0x44,0x29,0x24,0x29,0x82,0x10,0x38,0xc6,0xff,0xff,0xff,0xff,0xff,0xff,
    0xff,0xff,0xff,0xff,0xff,0xff,0xff,0xff,0xff,0xff,0xff,0xff,0xff,0xff,0xff,0xff,
    0xff,0xff,0xff,0xff,0xff,0xff,0xff,0xff,0xff,0xff,0xff,0xff,0xff,0xff,0xff,0xff,
    0xff,0xff,0xff,0xff,0xff,0xff,0xff,0xff,0xff,0xff,0xff,0xff,0xff,0xff,0xff,0xff,
    0xff,0xff,0xff,0xff,0xff,0xff,0xff,0xff,0xff,0xff,0xff,0xff,0xff,0xff,0xff,0xff,
    0xff,0xff,0xff,0xff,0xff,0xff,0xff,0xff,0xff,0xff,0xff,0xff,0xff,0xff,0xff,0xff,
    0xff,0xff,0xff,0xff,0xff,0xff,0xff,0xff,0xff,0xff,0xff,0xff,0xff,0xff,0xff,0xff,
    0xda,0xd6,0xe8,0x39,0x08,0x3a,0x28,0x3a,0xa6,0x29,0x25,0x21,0xc3,0x18,0x82,0x10,
    0xe3,0x18,0x65,0x21,0xc7,0x31,0x29,0x42,0xaa,0x52,0xec,0x5a,0x2d,0x63,0x4d,0x63,
    0x6d,0x63,0x8e,0x6b,0x8e,0x6b,0x8e,0x6b,0x8e,0x6b,0x8e,0x6b,0x8e,0x6b,0x8e,0x6b,
    0x8e,0x6b,0x8e,0x6b,0x8e,0x6b,0x6e,0x63,0x6e,0x63,0x6e,0x63,0x6e,0x63,0x8e,0x63,
    0x8e,0x6b,0x8e,0x6b,0x8e,0x6b,0x8e,0x6b,0x8e,0x6b,0x8e,0x6b,0x8e,0x63,0x8e,0x63,
    0x8e,0x63,0x8e,0x63,0x8e,0x63,0x6e,0x63,0x6d,0x63,0x6d,0x63,0x2c,0x5b,0xaa,0x4a,
    0x08,0x3a,0xa7,0x31,0x45,0x21,0x04,0x19,0x04,0x19,0x66,0x29,0xe8,0x39,0x49,0x42,
    0x25,0x21,0xae,0x73,0xff,0xff,0xff,0xff,0xff,0xff,0xff,0xff,0xff,0xff,0xff,0xff,
    0xff,0xff,0xff,0xff,0xff,0xff,0xff,0xff,0xff,0xff,0xff,0xff,0xff,0xff,0xff,0xff,
    0xff,0xff,0xff,0xff,0xff,0xff,0xff,0xff,0xff,0xff,0xff,0xff,0xff,0xff,0xff,0xff,
    0xff,0xff,0xff,0xff,0xff,0xff,0xdf,0xff,0xff,0xff,0x92,0x94,0x40,0x08,0x65,0x31,
    0x44,0x29,0x44,0x29,0x44,0x29,0xa2,0x10,0x44,0x29,0x07,0x42,0xe7,0x41,0xe7,0x41,
    0xe7,0x41,0xe7,0x41,0xe7,0x41,0xe7,0x41,0xe7,0x41,0xe7,0x41,0xe7,0x41,0xc6,0x41,
    0xca,0x62,0x8d,0x73,0x28,0x4a,0x1c,0xe7,0xff,0xff,0xff,0xff,0xff,0xff,0xff,0xff,
    0xff,0xff,0xff,0xff,0xff,0xff,0xff,0xff,0xff,0xff,0xff,0xff,0xff,0xff,0xff,0xff,
    0xff,0xff,0xff,0xff,0xff,0xff,0xff,0xff,0xff,0xff,0xff,0xff,0xff,0xff,0xff,0xff,
    0xff,0xff,0xff,0xff,0xff,0xff,0xff,0xff,0xff,0xff,0xff,0xff,0xff,0xff,0xff,0xff,
    0xff,0xff,0xff,0xff,0xff,0xff,0xff,0xff,0xff,0xff,0xff,0xff,0xff,0xff,0xff,0xff,
    0xff,0xff,0xff,0xff,0xff,0xff,0xff,0xff,0xff,0xff,0xff,0xff,0xff,0xff,0xff,0xff,
    0xff,0xff,0xff,0xff,0xff,0xff,0xff,0xff,0xff,0xff,0xff,0xff,0xff,0xff,0xff,0xff,
    0xff,0xff,0xff,0xff,0xff,0xff,0xff,0xff,0xff,0xff,0xff,0xff,0x34,0xa5,0x03,0x21,
    0x07,0x42,0xe7,0x41,0xe7,0x41,0xe7,0x41,0xe7,0x41,0xe7,0x41,0xe7,0x41,0xe7,0x41,
    0xe7,0x41,0xe7,0x41,0xc6,0x41,0x89,0x5a,0x2b,0x6b,0xe3,0x18,0xa2,0x18,0x44,0x29,
    0x44,0x29,0x44,0x29,0x24,0x29,0x81,0x10,0x18,0xc6,0xff,0xff,0xff,0xff,0xff,0xff,
    0xff,0xff,0xff,0xff,0xff,0xff,0xff,0xff,0xff,0xff,0xff,0xff,0xff,0xff,0xff,0xff,
    0xff,0xff,0xff,0xff,0xff,0xff,0xff,0xff,0xff,0xff,0xff,0xff,0xff,0xff,0xff,0xff,
    0xff,0xff,0xff,0xff,0xff,0xff,0xff,0xff,0xff,0xff,0xff,0xff,0xff,0xff,0xff,0xff,
    0xff,0xff,0xff,0xff,0xff,0xff,0xff,0xff,0xff,0xff,0xff,0xff,0xff,0xff,0xff,0xff,
    0xff,0xff,0xff,0xff,0xff,0xff,0xff,0xff,0xff,0xff,0xff,0xff,0xff,0xff,0xff,0xff,
    0xff,0xff,0xff,0xff,0xff,0xff,0xff,0xff,0xff,0xff,0xff,0xff,0xff,0xff,0xff,0xff,
    0xba,0xd6,0xe8,0x39,0x09,0x3a,0x29,0x3a,0x29,0x3a,0x29,0x3a,0x29,0x3a,0xe8,0x31,
    0xe8,0x31,0xc7,0x31,0x66,0x21,0x86,0x29,0x45,0x21,0xe4,0x18,0xe4,0x18,0x04,0x19,
    0x45,0x21,0x86,0x31,0xc7,0x31,0xe8,0x39,0x28,0x42,0x49,0x42,0x6a,0x4a,0x8a,0x4a,
    0xaa,0x52,0xab,0x52,0xcb,0x52,0xeb,0x52,0xec,0x52,0xec,0x52,0xeb,0x52,0xcb,0x52,
    0xcb,0x52,0xcb,0x52,0xab,0x52,0xab,0x4a,0x8a,0x4a,0x6a,0x4a,0x6a,0x42,0x49,0x42,
    0x08,0x3a,0xc7,0x31,0xa7,0x31,0x66,0x29,0x45,0x21,0x45,0x21,0x25,0x21,0x25,0x21,
    0x45,0x21,0x66,0x21,0xc7,0x31,0x08,0x3a,0x28,0x3a,0x29,0x3a,0x28,0x3a,0x49,0x42,
    0x25,0x19,0x8e,0x73,0xff,0xff,0xff,0xff,0xff,0xff,0xff,0xff,0xff,0xff,0xff,0xff,
    0xff,0xff,0xff,0xff,0xff,0xff,0xff,0xff,0xff,0xff,0xff,0xff,0xff,0xff,0xff,0xff,
    0xff,0xff,0xff,0xff,0xff,0xff,0xff,0xff,0xff,0xff,0xff,0xff,0xff,0xff,0xff,0xff,
    0xff,0xff,0xff,0xff,0xff,0xff,0xdf,0xff,0xff,0xff,0x71,0x94,0x40,0x08,0x85,0x31,
    0x44,0x29,0x44,0x29,0x44,0x29,0x82,0x10,0x44,0x29,0x07,0x42,0xe7,0x41,0xe7,0x41,
    0xe7,0x41,0xe7,0x41,0xe7,0x41,0xe7,0x41,0xe7,0x41,0xe7,0x41,0xe7,0x41,0xc6,0x41,
    0xca,0x62,0x8d,0x73,0x28,0x4a,0x1c,0xe7,0xff,0xff,0xff,0xff,0xff,0xff,0xff,0xff,
    0xff,0xff,0xff,0xff,0xff,0xff,0xff,0xff,0xff,0xff,0xff,0xff,0xff,0xff,0xff,0xff,
    0xff,0xff,0xff,0xff,0xff,0xff,0xff,0xff,0xff,0xff,0xff,0xff,0xff,0xff,0xff,0xff,
    0xff,0xff,0xff,0xff,0xff,0xff,0xff,0xff,0xff,0xff,0xff,0xff,0xff,0xff,0xff,0xff,
    0xff,0xff,0xff,0xff,0xff,0xff,0xff,0xff,0xff,0xff,0xff,0xff,0xff,0xff,0xff,0xff,
    0xff,0xff,0xff,0xff,0xff,0xff,0xff,0xff,0xff,0xff,0xff,0xff,0xff,0xff,0xff,0xff,
    0xff,0xff,0xff,0xff,0xff,0xff,0xff,0xff,0xff,0xff,0xff,0xff,0xff,0xff,0xff,0xff,
    0xff,0xff,0xff,0xff,0xff,0xff,0xff,0xff,0xff,0xff,0xff,0xff,0x34,0xa5,0x03,0x21,
    0x07,0x42,0xe7,0x41,0xe7,0x41,0xe7,0x41,0xe7,0x41,0xe7,0x41,0xe7,0x41,0xe7,0x41,
    0xe7,0x41,0xe7,0x41,0xc6,0x39,0xa9,0x5a,0x2b,0x6b,0x03,0x19,0x82,0x10,0x44,0x29,
    0x44,0x29,0x44,0x29,0x24,0x29,0x81,0x10,0x18,0xc6,0xff,0xff,0xff,0xff,0xff,0xff,
    0xff,0xff,0xff,0xff,0xff,0xff,0xff,0xff,0xff,0xff,0xff,0xff,0xff,0xff,0xff,0xff,
    0xff,0xff,0xff,0xff,0xff,0xff,0xff,0xff,0xff,0xff,0xff,0xff,0xff,0xff,0xff,0xff,
    0xff,0xff,0xff,0xff,0xff,0xff,0xff,0xff,0xff,0xff,0xff,0xff,0xff,0xff,0xff,0xff,
    0xff,0xff,0xff,0xff,0xff,0xff,0xff,0xff,0xff,0xff,0xff,0xff,0xff,0xff,0xff,0xff,
    0xff,0xff,0xff,0xff,0xff,0xff,0xff,0xff,0xff,0xff,0xff,0xff,0xff,0xff,0xff,0xff,
    0xff,0xff,0xff,0xff,0xff,0xff,0xff,0xff,0xff,0xff,0xff,0xff,0xff,0xff,0xff,0xff,
    0x79,0xce,0xa7,0x31,0x09,0x3a,0x29,0x42,0x29,0x3a,0x08,0x3a,0x08,0x3a,0x08,0x3a,
    0x49,0x42,0xcb,0x52,0xcb,0x52,0x6e,0x63,0x8e,0x63,0x0c,0x5b,0xec,0x5a,0xcb,0x52,
    0x69,0x42,0xa7,0x29,0x45,0x21,0x25,0x21,0x25,0x21,0x25,0x21,0x24,0x21,0x24,0x19,
    0x04,0x21,0x04,0x19,0x24,0x19,0x25,0x21,0x25,0x21,0x25,0x21,0x25,0x21,0x05,0x19,
    0x25,0x21,0x25,0x21,0x04,0x19,0x25,0x19,0x25,0x19,0x25,0x21,0x45,0x21,0x45,0x21,
    0x45,0x21,0x86,0x29,0xa7,0x31,0x08,0x3a,0x49,0x42,0x69,0x42,0x29,0x3a,0x49,0x42,
    0x49,0x42,0x49,0x42,0x29,0x3a,0x08,0x3a,0x08,0x3a,0x09,0x3a,0x09,0x3a,0x49,0x42,
    0x25,0x21,0x8e,0x73,0xff,0xff,0xff,0xff,0xff,0xff,0xff,0xff,0xff,0xff,0xff,0xff,
    0xff,0xff,0xff,0xff,0xff,0xff,0xff,0xff,0xff,0xff,0xff,0xff,0xff,0xff,0xff,0xff,
    0xff,0xff,0xff,0xff,0xff,0xff,0xff,0xff,0xff,0xff,0xff,0xff,0xff,0xff,0xff,0xff,
    0xff,0xff,0xff,0xff,0xff,0xff,0xdf,0xff,0xff,0xff,0x51,0x8c,0x40,0x08,0x65,0x31,
    0x44,0x29,0x44,0x29,0x44,0x29,0xa2,0x10,0x44,0x29,0x07,0x42,0xe7,0x41,0xe7,0x41,
    0xe7,0x41,0xe7,0x41,0xe7,0x41,0xe7,0x41,0xe7,0x41,0xe7,0x41,0xe7,0x41,0xc6,0x41,
    0xca,0x62,0x8d,0x73,0x48,0x4a,0x3c,0xe7,0xff,0xff,0xff,0xff,0xff,0xff,0xff,0xff,
    0xff,0xff,0xff,0xff,0xff,0xff,0xff,0xff,0xff,0xff,0xff,0xff,0xff,0xff,0xff,0xff,
    0xff,0xff,0xff,0xff,0xff,0xff,0xff,0xff,0xff,0xff,0xff,0xff,0xff,0xff,0xff,0xff,
    0xff,0xff,0xff,0xff,0xff,0xff,0xff,0xff,0xff,0xff,0xff,0xff,0xff,0xff,0xff,0xff,
    0xff,0xff,0xff,0xff,0xff,0xff,0xff,0xff,0xff,0xff,0xff,0xff,0xff,0xff,0xff,0xff,
    0xff,0xff,0xff,0xff,0xff,0xff,0xff,0xff,0xff,0xff,0xff,0xff,0xff,0xff,0xff,0xff,
    0xff,0xff,0xff,0xff,0xff,0xff,0xff,0xff,0xff,0xff,0xff,0xff,0xff,0xff,0xff,0xff,
    0xff,0xff,0xff,0xff,0xff,0xff,0xff,0xff,0xff,0xff,0xff,0xff,0x54,0xad,0x03,0x21,
    0x07,0x42,0xe7,0x41,0xe7,0x41,0xe7,0x41,0x07,0x42,0xe7,0x41,0xe7,0x41,0xe7,0x41,
    0xe7,0x41,0xe7,0x41,0xc6,0x39,0xaa,0x5a,0x2b,0x6b,0x03,0x19,0x82,0x10,0x44,0x29,
    0x44,0x29,0x44,0x29,0x24,0x29,0x81,0x10,0xf8,0xbd,0xff,0xff,0xff,0xff,0xff,0xff,
    0xff,0xff,0xff,0xff,0xff,0xff,0xff,0xff,0xff,0xff,0xff,0xff,0xff,0xff,0xff,0xff,
    0xff,0xff,0xff,0xff,0xff,0xff,0xff,0xff,0xff,0xff,0xff,0xff,0xff,0xff,0xff,0xff,
    0xff,0xff,0xff,0xff,0xff,0xff,0xff,0xff,0xff,0xff,0xff,0xff,0xff,0xff,0xff,0xff,
    0xff,0xff,0xff,0xff,0xff,0xff,0xff,0xff,0xff,0xff,0xff,0xff,0xff,0xff,0xff,0xff,
    0xff,0xff,0xff,0xff,0xff,0xff,0xff,0xff,0xff,0xff,0xff,0xff,0xff,0xff,0xff,0xff,
    0xff,0xff,0xff,0xff,0xff,0xff,0xff,0xff,0xff,0xff,0xff,0xff,0xff,0xff,0xff,0xff,
    0x59,0xce,0xa6,0x31,0x08,0x3a,0x29,0x3a,0x29,0x3a,0x28,0x3a,0x08,0x3a,0x08,0x3a,
    0x29,0x3a,0x8a,0x4a,0x8a,0x4a,0x0c,0x53,0x4d,0x63,0x6d,0x63,0x6e,0x63,0x8e,0x6b,
    0x6e,0x63,0xcb,0x52,0xab,0x4a,0xcb,0x52,0xcb,0x52,0xcb,0x52,0xcb,0x52,0xab,0x4a,
    0xab,0x4a,0xaa,0x4a,0xaa,0x4a,0xaa,0x4a,0x8a,0x4a,0x8a,0x4a,0x8a,0x4a,0x8a,0x4a,
    0x8a,0x4a,0x8a,0x4a,0xab,0x4a,0xaa,0x4a,0xab,0x4a,0xab,0x4a,0xab,0x4a,0xab,0x4a,
    0xcb,0x52,0xcb,0x52,0xcb,0x52,0xcb,0x52,0xeb,0x52,0xcb,0x4a,0x49,0x3a,0x28,0x3a,
    0x08,0x3a,0x08,0x3a,0x08,0x3a,0x09,0x3a,0x09,0x3a,0x09,0x3a,0x09,0x3a,0x4a,0x42,
    0x25,0x21,0x6e,0x6b,0xff,0xff,0xff,0xff,0xff,0xff,0xff,0xff,0xff,0xff,0xff,0xff,
    0xff,0xff,0xff,0xff,0xff,0xff,0xff,0xff,0xff,0xff,0xff,0xff,0xff,0xff,0xff,0xff,
    0xff,0xff,0xff,0xff,0xff,0xff,0xff,0xff,0xff,0xff,0xff,0xff,0xff,0xff,0xff,0xff,
    0xff,0xff,0xff,0xff,0xff,0xff,0xdf,0xff,0xff,0xff,0x30,0x84,0x40,0x08,0x85,0x31,
    0x44,0x29,0x44,0x29,0x44,0x29,0x82,0x10,0x44,0x29,0x07,0x42,0xe7,0x41,0xe7,0x41,
    0xe7,0x41,0xe7,0x41,0xe7,0x41,0xe7,0x41,0xe7,0x41,0xe7,0x41,0xe7,0x41,0xc6,0x41,
    0xca,0x62,0x6c,0x73,0x48,0x4a,0x3c,0xe7,0xff,0xff,0xff,0xff,0xff,0xff,0xff,0xff,
    0xff,0xff,0xff,0xff,0xff,0xff,0xff,0xff,0xff,0xff,0xff,0xff,0xff,0xff,0xff,0xff,
    0xff,0xff,0xff,0xff,0xff,0xff,0xff,0xff,0xff,0xff,0xff,0xff,0xff,0xff,0xff,0xff,
    0xff,0xff,0xff,0xff,0xff,0xff,0xff,0xff,0xff,0xff,0xff,0xff,0xff,0xff,0xff,0xff,
    0xff,0xff,0xff,0xff,0xff,0xff,0xff,0xff,0xff,0xff,0xff,0xff,0xff,0xff,0xff,0xff,
    0xff,0xff,0xff,0xff,0xff,0xff,0xff,0xff,0xff,0xff,0xff,0xff,0xff,0xff,0xff,0xff,
    0xff,0xff,0xff,0xff,0xff,0xff,0xff,0xff,0xff,0xff,0xff,0xff,0xff,0xff,0xff,0xff,
    0xff,0xff,0xff,0xff,0xff,0xff,0xff,0xff,0xff,0xff,0xff,0xff,0x55,0xad,0x03,0x21,
    0xe7,0x41,0xe7,0x41,0xe7,0x41,0xe7,0x41,0xe7,0x41,0xe7,0x41,0xe7,0x41,0xe7,0x41,
    0xe7,0x41,0xe7,0x41,0xc6,0x39,0xaa,0x62,0x2b,0x6b,0x03,0x21,0x82,0x10,0x44,0x29,
    0x44,0x29,0x44,0x29,0x44,0x29,0x81,0x10,0xf7,0xbd,0xff,0xff,0xff,0xff,0xff,0xff,
    0xff,0xff,0xff,0xff,0xff,0xff,0xff,0xff,0xff,0xff,0xff,0xff,0xff,0xff,0xff,0xff,
    0xff,0xff,0xff,0xff,0xff,0xff,0xff,0xff,0xff,0xff,0xff,0xff,0xff,0xff,0xff,0xff,
    0xff,0xff,0xff,0xff,0xff,0xff,0xff,0xff,0xff,0xff,0xff,0xff,0xff,0xff,0xff,0xff,
    0xff,0xff,0xff,0xff,0xff,0xff,0xff,0xff,0xff,0xff,0xff,0xff,0xff,0xff,0xff,0xff,
    0xff,0xff,0xff,0xff,0xff,0xff,0xff,0xff,0xff,0xff,0xff,0xff,0xff,0xff,0xff,0xff,
    0xff,0xff,0xff,0xff,0xff,0xff,0xff,0xff,0xff,0xff,0xff,0xff,0xff,0xff,0xff,0xff,
    0x58,0xce,0x86,0x29,0x08,0x3a,0x29,0x3a,0x29,0x3a,0x29,0x3a,0x29,0x3a,0x08,0x3a,
    0x29,0x3a,0xaa,0x4a,0x8a,0x4a,0x0c,0x5b,0x6d,0x63,0x6d,0x63,0x6d,0x63,0x4d,0x63,
    0x2d,0x5b,0xab,0x4a,0x8a,0x4a,0xab,0x4a,0xaa,0x4a,0xaa,0x4a,0xaa,0x4a,0xaa,0x4a,
    0xaa,0x4a,0xaa,0x4a,0xab,0x4a,0xab,0x4a,0xab,0x4a,0xab,0x4a,0xab,0x4a,0xab,0x4a,
    0xab,0x4a,0xaa,0x4a,0xaa,0x4a,0xaa,0x4a,0xaa,0x4a,0x8a,0x4a,0xaa,0x4a,0xaa,0x4a,
    0xaa,0x4a,0xaa,0x4a,0xaa,0x4a,0xaa,0x4a,0xaa,0x4a,0xaa,0x4a,0x49,0x3a,0x08,0x3a,
    0x08,0x3a,0x08,0x3a,0x08,0x3a,0x09,0x3a,0x09,0x3a,0x09,0x3a,0x09,0x3a,0x4a,0x42,
    0x25,0x21,0x4d,0x6b,0xff,0xff,0xff,0xff,0xff,0xff,0xff,0xff,0xff,0xff,0xff,0xff,
    0xff,0xff,0xff,0xff,0xff,0xff,0xff,0xff,0xff,0xff,0xff,0xff,0xff,0xff,0xff,0xff,
    0xff,0xff,0xff,0xff,0xff,0xff,0xff,0xff,0xff,0xff,0xff,0xff,0xff,0xff,0xff,0xff,
    0xff,0xff,0xff,0xff,0xff,0xff,0xdf,0xff,0xff,0xff,0x10,0x84,0x40,0x08,0x85,0x31,
    0x44,0x29,0x44,0x29,0x44,0x29,0x82,0x10,0x45,0x29,0x07,0x42,0xe7,0x41,0xe7,0x41,
    0xe7,0x41,0xe7,0x41,0xe7,0x41,0xe7,0x41,0xe7,0x41,0xe7,0x41,0xe7,0x41,0xc6,0x41,
    0xea,0x62,0x6c,0x73,0x48,0x4a,0x5c,0xe7,0xff,0xff,0xff,0xff,0xff,0xff,0xff,0xff,
    0xff,0xff,0xff,0xff,0xff,0xff,0xff,0xff,0xff,0xff,0xff,0xff,0xff,0xff,0xff,0xff,
    0xff,0xff,0xff,0xff,0xff,0xff,0xff,0xff,0xff,0xff,0xff,0xff,0xff,0xff,0xff,0xff,
    0xff,0xff,0xff,0xff,0xff,0xff,0xff,0xff,0xff,0xff,0xff,0xff,0xff,0xff,0xff,0xff,
    0xff,0xff,0xff,0xff,0xff,0xff,0xff,0xff,0xff,0xff,0xff,0xff,0xff,0xff,0xff,0xff,
    0xff,0xff,0xff,0xff,0xff,0xff,0xff,0xff,0xff,0xff,0xff,0xff,0xff,0xff,0xff,0xff,
    0xff,0xff,0xff,0xff,0xff,0xff,0xff,0xff,0xff,0xff,0xff,0xff,0xff,0xff,0xff,0xff,
    0xff,0xff,0xff,0xff,0xff,0xff,0xff,0xff,0xff,0xff,0xff,0xff,0x75,0xad,0x03,0x21,
    0xe7,0x41,0xe7,0x41,0xe7,0x41,0xe7,0x41,0xe7,0x41,0xe7,0x41,0xe7,0x41,0xe7,0x41,
    0xe7,0x41,0xe7,0x41,0xc6,0x39,0xca,0x62,0x4c,0x6b,0x03,0x21,0x82,0x10,0x44,0x29,
    0x44,0x29,0x44,0x29,0x44,0x29,0x81,0x10,0xd7,0xbd,0xff,0xff,0xff,0xff,0xff,0xff,
    0xff,0xff,0xff,0xff,0xff,0xff,0xff,0xff,0xff,0xff,0xff,0xff,0xff,0xff,0xff,0xff,
    0xff,0xff,0xff,0xff,0xff,0xff,0xff,0xff,0xff,0xff,0xff,0xff,0xff,0xff,0xff,0xff,
    0xff,0xff,0xff,0xff,0xff,0xff,0xff,0xff,0xff,0xff,0xff,0xff,0xff,0xff,0xff,0xff,
    0xff,0xff,0xff,0xff,0xff,0xff,0xff,0xff,0xff,0xff,0xff,0xff,0xff,0xff,0xff,0xff,
    0xff,0xff,0xff,0xff,0xff,0xff,0xff,0xff,0xff,0xff,0xff,0xff,0xff,0xff,0xff,0xff,
    0xff,0xff,0xff,0xff,0xff,0xff,0xff,0xff,0xff,0xff,0xff,0xff,0xff,0xff,0xff,0xff,
    0x58,0xc6,0x86,0x29,0x08,0x3a,0x29,0x3a,0x29,0x3a,0x29,0x3a,0x29,0x3a,0x08,0x3a,
    0x49,0x42,0xaa,0x4a,0xaa,0x4a,0x0c,0x53,0x6d,0x63,0x6d,0x63,0x4d,0x63,0x4d,0x63,
    0x4d,0x5b,0xcb,0x52,0xaa,0x4a,0xab,0x4a,0xab,0x4a,0xab,0x4a,0xaa,0x4a,0xaa,0x4a,
    0xaa,0x4a,0xaa,0x4a,0xab,0x4a,0xab,0x4a,0xab,0x4a,0xab,0x4a,0xab,0x4a,0xab,0x4a,
    0xaa,0x4a,0xaa,0x4a,0xaa,0x4a,0xaa,0x4a,0xaa,0x4a,0xaa,0x4a,0xaa,0x4a,0xaa,0x4a,
    0xab,0x4a,0xab,0x4a,0xab,0x4a,0xab,0x4a,0xaa,0x4a,0xaa,0x4a,0x29,0x3a,0x08,0x3a,
    0x08,0x3a,0x09,0x3a,0x09,0x3a,0x09,0x3a,0x09,0x3a,0x29,0x3a,0x09,0x3a,0x4a,0x42,
    0x25,0x21,0x4d,0x6b,0xff,0xff,0xff,0xff,0xff,0xff,0xff,0xff,0xff,0xff,0xff,0xff,
    0xff,0xff,0xff,0xff,0xff,0xff,0xff,0xff,0xff,0xff,0xff,0xff,0xff,0xff,0xff,0xff,
    0xff,0xff,0xff,0xff,0xff,0xff,0xff,0xff,0xff,0xff,0xff,0xff,0xff,0xff,0xff,0xff,
    0xff,0xff,0xff,0xff,0xff,0xff,0xdf,0xff,0xff,0xff,0x10,0x84,0x40,0x08,0x85,0x31,
    0x44,0x29,0x44,0x29,0x44,0x29,0x82,0x10,0x65,0x31,0x07,0x42,0xe7,0x41,0xe7,0x41,
    0xe7,0x41,0xe7,0x41,0xe7,0x41,0xe7,0x41,0xe7,0x41,0xe7,0x41,0xe7,0x41,0xc6,0x41,
    0xea,0x62,0x6c,0x73,0x48,0x4a,0x5d,0xef,0xff,0xff,0xff,0xff,0xff,0xff,0xff,0xff,
    0xff,0xff,0xff,0xff,0xff,0xff,0xff,0xff,0xff,0xff,0xff,0xff,0xff,0xff,0xff,0xff,
    0xff,0xff,0xff,0xff,0xff,0xff,0xff,0xff,0xff,0xff,0xff,0xff,0xff,0xff,0xff,0xff,
    0xff,0xff,0xff,0xff,0xff,0xff,0xff,0xff,0xff,0xff,0xff,0xff,0xff,0xff,0xff,0xff,
    0xff,0xff,0xff,0xff,0xff,0xff,0xff,0xff,0xff,0xff,0xff,0xff,0xff,0xff,0xff,0xff,
    0xff,0xff,0xff,0xff,0xff,0xff,0xff,0xff,0xff,0xff,0xff,0xff,0xff,0xff,0xff,0xff,
    0xff,0xff,0xff,0xff,0xff,0xff,0xff,0xff,0xff,0xff,0xff,0xff,0xff,0xff,0xff,0xff,
    0xff,0xff,0xff,0xff,0xff,0xff,0xff,0xff,0xff,0xff,0xff,0xff,0x95,0xb5,0x03,0x21,
    0xe7,0x41,0xe7,0x41,0xe7,0x41,0xe7,0x41,0xe7,0x41,0xe7,0x41,0xe7,0x41,0xe7,0x41,
    0xe7,0x41,0xe7,0x41,0xc6,0x39,0xca,0x62,0x4c,0x73,0x04,0x21,0x82,0x10,0x44,0x29,
    0x44,0x29,0x44,0x29,0x24,0x29,0x81,0x10,0xb7,0xb5,0xff,0xff,0xff,0xff,0xff,0xff,
    0xff,0xff,0xff,0xff,0xff,0xff,0xff,0xff,0xff,0xff,0xff,0xff,0xff,0xff,0xff,0xff,
    0xff,0xff,0xff,0xff,0xff,0xff,0xff,0xff,0xff,0xff,0xff,0xff,0xff,0xff,0xff,0xff,
    0xff,0xff,0xff,0xff,0xff,0xff,0xff,0xff,0xff,0xff,0xff,0xff,0xff,0xff,0xff,0xff,
    0xff,0xff,0xff,0xff,0xff,0xff,0xff,0xff,0xff,0xff,0xff,0xff,0xff,0xff,0xff,0xff,
    0xff,0xff,0xff,0xff,0xff,0xff,0xff,0xff,0xff,0xff,0xff,0xff,0xff,0xff,0xff,0xff,
    0xff,0xff,0xff,0xff,0xff,0xff,0xff,0xff,0xff,0xff,0xff,0xff,0xff,0xff,0xff,0xff,
    0x38,0xc6,0x65,0x29,0x08,0x3a,0x29,0x3a,0x29,0x3a,0x29,0x3a,0x29,0x3a,0x08,0x3a,
    0x49,0x42,0xaa,0x4a,0xaa,0x4a,0x0c,0x53,0x6d,0x63,0x4d,0x63,0x4d,0x63,0x4d,0x63,
    0x4d,0x63,0xeb,0x52,0xaa,0x4a,0xab,0x4a,0xab,0x4a,0xab,0x4a,0xaa,0x4a,0xaa,0x4a,
    0xab,0x4a,0xab,0x4a,0xab,0x4a,0xab,0x4a,0xab,0x4a,0xab,0x4a,0xab,0x4a,0xab,0x4a,
    0xab,0x4a,0xab,0x4a,0xaa,0x4a,0xaa,0x4a,0xaa,0x4a,0xaa,0x4a,0xaa,0x4a,0xaa,0x4a,
    0xaa,0x4a,0xab,0x4a,0xab,0x4a,0xab,0x4a,0xaa,0x4a,0xaa,0x4a,0x29,0x3a,0x08,0x3a,
    0x08,0x3a,0x09,0x3a,0x09,0x3a,0x09,0x3a,0x09,0x3a,0x09,0x3a,0x09,0x3a,0x49,0x42,
    0x25,0x21,0x4d,0x6b,0xff,0xff,0xff,0xff,0xff,0xff,0xff,0xff,0xff,0xff,0xff,0xff,
    0xff,0xff,0xff,0xff,0xff,0xff,0xff,0xff,0xff,0xff,0xff,0xff,0xff,0xff,0xff,0xff,
    0xff,0xff,0xff,0xff,0xff,0xff,0xff,0xff,0xff,0xff,0xff,0xff,0xff,0xff,0xff,0xff,
    0xff,0xff,0xff,0xff,0xff,0xff,0xdf,0xff,0xff,0xff,0xef,0x7b,0x40,0x08,0x85,0x31,
    0x44,0x29,0x44,0x29,0x44,0x29,0x82,0x10,0x65,0x31,0x07,0x42,0xe7,0x41,0xe7,0x41,
    0xe7,0x41,0xe7,0x41,0xe7,0x41,0xe7,0x41,0xe7,0x41,0xe7,0x41,0xe7,0x41,0xc6,0x41,
    0xea,0x62,0x4c,0x73,0x48,0x4a,0x5d,0xef,0xff,0xff,0xff,0xff,0xff,0xff,0xff,0xff,
    0xff,0xff,0xff,0xff,0xff,0xff,0xff,0xff,0xff,0xff,0xff,0xff,0xff,0xff,0xff,0xff,
    0xff,0xff,0xff,0xff,0xff,0xff,0xff,0xff,0xff,0xff,0xff,0xff,0xff,0xff,0xff,0xff,
    0xff,0xff,0xff,0xff,0xff,0xff,0xff,0xff,0xff,0xff,0xff,0xff,0xff,0xff,0xff,0xff,
    0xff,0xff,0xff,0xff,0xff,0xff,0xff,0xff,0xff,0xff,0xff,0xff,0xff,0xff,0xff,0xff,
    0xff,0xff,0xff,0xff,0xff,0xff,0xff,0xff,0xff,0xff,0xff,0xff,0xff,0xff,0xff,0xff,
    0xff,0xff,0xff,0xff,0xff,0xff,0xff,0xff,0xff,0xff,0xff,0xff,0xff,0xff,0xff,0xff,
    0xff,0xff,0xff,0xff,0xff,0xff,0xff,0xff,0xff,0xff,0xff,0xff,0x96,0xb5,0x03,0x21,
    0xe7,0x41,0xe7,0x41,0xe7,0x41,0xe7,0x41,0xe7,0x41,0xe7,0x41,0xe7,0x41,0xe7,0x41,
    0xe7,0x41,0xe7,0x41,0xc6,0x39,0xca,0x62,0x4c,0x73,0x24,0x29,0x81,0x10,0x44,0x29,
    0x44,0x29,0x24,0x29,0x24,0x29,0x61,0x10,0xb6,0xb5,0xff,0xff,0xff,0xff,0xff,0xff,
    0xff,0xff,0xff,0xff,0xff,0xff,0xff,0xff,0xff,0xff,0xff,0xff,0xff,0xff,0xff,0xff,
    0xff,0xff,0xff,0xff,0xff,0xff,0xff,0xff,0xff,0xff,0xff,0xff,0xff,0xff,0xff,0xff,
    0xff,0xff,0xff,0xff,0xff,0xff,0xff,0xff,0xff,0xff,0xff,0xff,0xff,0xff,0xff,0xff,
    0xff,0xff,0xff,0xff,0xff,0xff,0xff,0xff,0xff,0xff,0xff,0xff,0xff,0xff,0xff,0xff,
    0xff,0xff,0xff,0xff,0xff,0xff,0xff,0xff,0xff,0xff,0xff,0xff,0xff,0xff,0xff,0xff,
    0xff,0xff,0xff,0xff,0xff,0xff,0xff,0xff,0xff,0xff,0xff,0xff,0xff,0xff,0xff,0xff,
    0x38,0xc6,0x65,0x29,0x08,0x3a,0x29,0x3a,0x29,0x3a,0x29,0x3a,0x29,0x3a,0x28,0x3a,
    0x29,0x3a,0xaa,0x4a,0xaa,0x4a,0x0c,0x53,0x6d,0x63,0x6d,0x63,0x6d,0x63,0x6d,0x63,
    0x6d,0x63,0xeb,0x52,0xab,0x4a,0xab,0x4a,0xab,0x4a,0xab,0x4a,0xab,0x4a,0xab,0x4a,
    0xab,0x4a,0xab,0x4a,0xab,0x4a,0xab,0x4a,0xab,0x4a,0xab,0x4a,0xab,0x4a,0xab,0x4a,
    0xab,0x4a,0xab,0x4a,0xab,0x4a,0xab,0x4a,0xab,0x4a,0xab,0x4a,0xab,0x4a,0xab,0x4a,
    0xab,0x4a,0xab,0x4a,0xab,0x4a,0xab,0x4a,0xab,0x4a,0xaa,0x4a,0x29,0x3a,0x08,0x3a,
    0x08,0x3a,0x09,0x3a,0x09,0x3a,0x09,0x3a,0x09,0x3a,0x09,0x3a,0x09,0x3a,0x49,0x42,
    0x25,0x19,0x2d,0x63,0xff,0xff,0xff,0xff,0xff,0xff,0xff,0xff,0xff,0xff,0xff,0xff,
    0xff,0xff,0xff,0xff,0xff,0xff,0xff,0xff,0xff,0xff,0xff,0xff,0xff,0xff,0xff,0xff,
    0xff,0xff,0xff,0xff,0xff,0xff,0xff,0xff,0xff,0xff,0xff,0xff,0xff,0xff,0xff,0xff,
    0xff,0xff,0xff,0xff,0xff,0xff,0xdf,0xff,0xff,0xff,0xce,0x7b,0x40,0x08,0x85,0x31,
    0x44,0x29,0x44,0x29,0x44,0x29,0x82,0x10,0x65,0x31,0x07,0x42,0xe7,0x41,0xe7,0x41,
    0xe7,0x41,0xe7,0x41,0xe7,0x41,0xe7,0x41,0xe7,0x41,0xe7,0x41,0xe7,0x41,0xc6,0x41,
    0xeb,0x62,0x4c,0x73,0x48,0x4a,0x7d,0xef,0xff,0xff,0xff,0xff,0xff,0xff,0xff,0xff,
    0xff,0xff,0xff,0xff,0xff,0xff,0xff,0xff,0xff,0xff,0xff,0xff,0xff,0xff,0xff,0xff,
    0xff,0xff,0xff,0xff,0xff,0xff,0xff,0xff,0xff,0xff,0xff,0xff,0xff,0xff,0xff,0xff,
    0xff,0xff,0xff,0xff,0xff,0xff,0xff,0xff,0xff,0xff,0xff,0xff,0xff,0xff,0xff,0xff,
    0xff,0xff,0xff,0xff,0xff,0xff,0xff,0xff,0xff,0xff,0xff,0xff,0xff,0xff,0xff,0xff,
    0xff,0xff,0xff,0xff,0xff,0xff,0xff,0xff,0xff,0xff,0xff,0xff,0xff,0xff,0xff,0xff,
    0xff,0xff,0xff,0xff,0xff,0xff,0xff,0xff,0xff,0xff,0xff,0xff,0xff,0xff,0xff,0xff,
    0xff,0xff,0xff,0xff,0xff,0xff,0xff,0xff,0xff,0xff,0xff,0xff,0xb6,0xb5,0x03,0x21,
    0xe7,0x41,0xe7,0x41,0xe7,0x41,0xe7,0x41,0xe7,0x41,0xe7,0x41,0xe7,0x41,0xe7,0x41,
    0xe7,0x41,0xe7,0x41,0xc6,0x39,0xca,0x62,0x4c,0x73,0x44,0x29,0x81,0x10,0x44,0x29,
    0x44,0x29,0x44,0x29,0x24,0x29,0x61,0x10,0x96,0xb5,0xff,0xff,0xff,0xff,0xff,0xff,
    0xff,0xff,0xff,0xff,0xff,0xff,0xff,0xff,0xff,0xff,0xff,0xff,0xff,0xff,0xff,0xff,
    0xff,0xff,0xff,0xff,0xff,0xff,0xff,0xff,0xff,0xff,0xff,0xff,0xff,0xff,0xff,0xff,
    0xff,0xff,0xff,0xff,0xff,0xff,0xff,0xff,0xff,0xff,0xff,0xff,0xff,0xff,0xff,0xff,
    0xff,0xff,0xff,0xff,0xff,0xff,0xff,0xff,0xff,0xff,0xff,0xff,0xff,0xff,0xff,0xff,
    0xff,0xff,0xff,0xff,0xff,0xff,0xff,0xff,0xff,0xff,0xff,0xff,0xff,0xff,0xff,0xff,
    0xff,0xff,0xff,0xff,0xff,0xff,0xff,0xff,0xff,0xff,0xff,0xff,0xff,0xff,0xff,0xff,
    0x38,0xc6,0x65,0x29,0x08,0x3a,0x29,0x3a,0x29,0x3a,0x29,0x3a,0x29,0x3a,0x28,0x3a,
    0x29,0x3a,0xaa,0x4a,0xaa,0x4a,0x0c,0x5b,0x6d,0x63,0x6d,0x63,0x6d,0x63,0x6d,0x63,
    0x6d,0x63,0xec,0x52,0xaa,0x4a,0xab,0x4a,0xab,0x4a,0xab,0x4a,0xab,0x4a,0xab,0x4a,
    0xab,0x4a,0xab,0x4a,0xab,0x4a,0xab,0x4a,0xab,0x4a,0xab,0x4a,0xab,0x4a,0xab,0x4a,
    0xab,0x4a,0xab,0x4a,0xab,0x4a,0xab,0x4a,0xab,0x4a,0xab,0x4a,0xab,0x4a,0xab,0x4a,
    0xab,0x4a,0xab,0x4a,0xab,0x4a,0xaa,0x4a,0xab,0x4a,0xaa,0x4a,0x29,0x3a,0x08,0x3a,
    0x08,0x3a,0x09,0x3a,0x09,0x3a,0x09,0x3a,0x09,0x3a,0x09,0x3a,0x09,0x3a,0x49,0x42,
    0x25,0x19,0x2c,0x63,0xff,0xff,0xff,0xff,0xff,0xff,0xff,0xff,0xff,0xff,0xff,0xff,
    0xff,0xff,0xff,0xff,0xff,0xff,0xff,0xff,0xff,0xff,0xff,0xff,0xff,0xff,0xff,0xff,
    0xff,0xff,0xff,0xff,0xff,0xff,0xff,0xff,0xff,0xff,0xff,0xff,0xff,0xff,0xff,0xff,
    0xff,0xff,0xff,0xff,0xff,0xff,0xdf,0xff,0xff,0xff,0xae,0x73,0x40,0x08,0x85,0x31,
    0x44,0x29,0x44,0x29,0x44,0x29,0x82,0x10,0x65,0x31,0x07,0x42,0xe7,0x41,0xe7,0x41,
    0xe7,0x41,0xe7,0x41,0xe7,0x41,0xe7,0x41,0xe7,0x41,0xe7,0x41,0xe7,0x41,0xc6,0x41,
    0xeb,0x62,0x4c,0x6b,0x48,0x4a,0x7d,0xef,0xff,0xff,0xff,0xff,0xff,0xff,0xff,0xff,
    0xff,0xff,0xff,0xff,0xff,0xff,0xff,0xff,0xff,0xff,0xff,0xff,0xff,0xff,0xff,0xff,
    0xff,0xff,0xff,0xff,0xff,0xff,0xff,0xff,0xff,0xff,0xff,0xff,0xff,0xff,0xff,0xff,
    0xff,0xff,0xff,0xff,0xff,0xff,0xff,0xff,0xff,0xff,0xff,0xff,0xff,0xff,0xff,0xff,
    0xff,0xff,0xff,0xff,0xff,0xff,0xff,0xff,0xff,0xff,0xff,0xff,0xff,0xff,0xff,0xff,
    0xff,0xff,0xff,0xff,0xff,0xff,0xff,0xff,0xff,0xff,0xff,0xff,0xff,0xff,0xff,0xff,
    0xff,0xff,0xff,0xff,0xff,0xff,0xff,0xff,0xff,0xff,0xff,0xff,0xff,0xff,0xff,0xff,
    0xff,0xff,0xff,0xff,0xff,0xff,0xff,0xff,0xff,0xff,0xff,0xff,0xd6,0xbd,0x03,0x21,
    0xe7,0x41,0xe7,0x41,0xe7,0x41,0xe7,0x41,0xe7,0x41,0xe7,0x41,0xe7,0x41,0xe7,0x41,
    0xe7,0x41,0xe7,0x41,0xc6,0x39,0xca,0x62,0x4c,0x73,0x44,0x29,0x82,0x10,0x44,0x29,
    0x44,0x29,0x44,0x29,0x24,0x29,0x61,0x10,0x75,0xad,0xff,0xff,0xff,0xff,0xff,0xff,
    0xff,0xff,0xff,0xff,0xff,0xff,0xff,0xff,0xff,0xff,0xff,0xff,0xff,0xff,0xff,0xff,
    0xff,0xff,0xff,0xff,0xff,0xff,0xff,0xff,0xff,0xff,0xff,0xff,0xff,0xff,0xff,0xff,
    0xff,0xff,0xff,0xff,0xff,0xff,0xff,0xff,0xff,0xff,0xff,0xff,0xff,0xff,0xff,0xff,
    0xff,0xff,0xff,0xff,0xff,0xff,0xff,0xff,0xff,0xff,0xff,0xff,0xff,0xff,0xff,0xff,
    0xff,0xff,0xff,0xff,0xff,0xff,0xff,0xff,0xff,0xff,0xff,0xff,0xff,0xff,0xff,0xff,
    0xff,0xff,0xff,0xff,0xff,0xff,0xff,0xff,0xff,0xff,0xff,0xff,0xff,0xff,0xff,0xff,
    0x38,0xc6,0x66,0x29,0x08,0x3a,0x29,0x3a,0x28,0x3a,0x29,0x3a,0x29,0x3a,0x29,0x3a,
    0x49,0x42,0xaa,0x4a,0xaa,0x4a,0x0c,0x5b,0x6e,0x63,0x6d,0x63,0x6d,0x63,0x6d,0x63,
    0x6d,0x63,0x0c,0x53,0xaa,0x4a,0xab,0x4a,0xab,0x4a,0xab,0x4a,0xab,0x4a,0xab,0x4a,
    0xab,0x4a,0xab,0x4a,0xab,0x4a,0xab,0x4a,0xab,0x4a,0xab,0x4a,0xab,0x4a,0xab,0x4a,
    0xab,0x4a,0xab,0x4a,0xab,0x4a,0xab,0x4a,0xab,0x4a,0xab,0x4a,0xab,0x4a,0xab,0x4a,
    0xab,0x4a,0xab,0x4a,0xab,0x4a,0xab,0x4a,0xab,0x4a,0xab,0x4a,0x29,0x3a,0x08,0x3a,
    0x09,0x3a,0x09,0x3a,0x09,0x3a,0x29,0x3a,0x09,0x3a,0x09,0x3a,0x09,0x3a,0x49,0x42,
    0x25,0x19,0x2c,0x63,0xff,0xff,0xff,0xff,0xff,0xff,0xff,0xff,0xff,0xff,0xff,0xff,
    0xff,0xff,0xff,0xff,0xff,0xff,0xff,0xff,0xff,0xff,0xff,0xff,0xff,0xff,0xff,0xff,
    0xff,0xff,0xff,0xff,0xff,0xff,0xff,0xff,0xff,0xff,0xff,0xff,0xff,0xff,0xff,0xff,
    0xff,0xff,0xff,0xff,0xff,0xff,0xdf,0xff,0xff,0xff,0x8d,0x73,0x40,0x08,0x85,0x31,
    0x44,0x29,0x44,0x29,0x44,0x29,0x82,0x10,0x65,0x31,0x07,0x42,0xe7,0x41,0xe7,0x41,
    0xe7,0x41,0xe7,0x41,0xe7,0x41,0xe7,0x41,0xe7,0x41,0xe7,0x41,0xe7,0x41,0xc6,0x41,
    0xeb,0x62,0x2c,0x6b,0x48,0x4a,0x7d,0xf7,0xff,0xff,0xff,0xff,0xff,0xff,0xff,0xff,
    0xff,0xff,0xff,0xff,0xff,0xff,0xff,0xff,0xff,0xff,0xff,0xff,0xff,0xff,0xff,0xff,
    0xff,0xff,0xff,0xff,0xff,0xff,0xff,0xff,0xff,0xff,0xff,0xff,0xff,0xff,0xff,0xff,
    0xff,0xff,0xff,0xff,0xff,0xff,0xff,0xff,0xff,0xff,0xff,0xff,0xff,0xff,0xff,0xff,
    0xff,0xff,0xff,0xff,0xff,0xff,0xff,0xff,0xff,0xff,0xff,0xff,0xff,0xff,0xff,0xff,
    0xff,0xff,0xff,0xff,0xff,0xff,0xff,0xff,0xff,0xff,0xff,0xff,0xff,0xff,0xff,0xff,
    0xff,0xff,0xff,0xff,0xff,0xff,0xff,0xff,0xff,0xff,0xff,0xff,0xff,0xff,0xff,0xff,
    0xff,0xff,0xff,0xff,0xff,0xff,0xff,0xff,0xff,0xff,0xff,0xff,0xf7,0xbd,0x04,0x21,
    0xe7,0x41,0xe7,0x41,0xe7,0x41,0xe7,0x41,0xe7,0x41,0xe7,0x41,0xe7,0x41,0xe7,0x41,
    0xe6,0x41,0xe7,0x41,0xc6,0x39,0xca,0x5a,0x6c,0x73,0x44,0x29,0x81,0x10,0x44,0x29,
    0x44,0x29,0x44,0x29,0x24,0x29,0x81,0x10,0x75,0xad,0xff,0xff,0xff,0xff,0xff,0xff,
    0xff,0xff,0xff,0xff,0xff,0xff,0xff,0xff,0xff,0xff,0xff,0xff,0xff,0xff,0xff,0xff,
    0xff,0xff,0xff,0xff,0xff,0xff,0xff,0xff,0xff,0xff,0xff,0xff,0xff,0xff,0xff,0xff,
    0xff,0xff,0xff,0xff,0xff,0xff,0xff,0xff,0xff,0xff,0xff,0xff,0xff,0xff,0xff,0xff,
    0xff,0xff,0xff,0xff,0xff,0xff,0xff,0xff,0xff,0xff,0xff,0xff,0xff,0xff,0xff,0xff,
    0xff,0xff,0xff,0xff,0xff,0xff,0xff,0xff,0xff,0xff,0xff,0xff,0xff,0xff,0xff,0xff,
    0xff,0xff,0xff,0xff,0xff,0xff,0xff,0xff,0xff,0xff,0xff,0xff,0xff,0xff,0xff,0xff,
    0x38,0xc6,0x66,0x29,0x08,0x3a,0x29,0x3a,0x28,0x3a,0x28,0x3a,0x28,0x3a,0x28,0x3a,
    0x49,0x42,0xaa,0x4a,0xaa,0x4a,0x0c,0x5b,0x6d,0x63,0x6d,0x63,0x6d,0x63,0x6d,0x63,
    0x6d,0x63,0x0c,0x53,0xaa,0x4a,0xab,0x4a,0xab,0x4a,0xab,0x4a,0xab,0x4a,0xab,0x4a,
    0xab,0x4a,0xab,0x4a,0xab,0x4a,0xab,0x4a,0xab,0x4a,0xab,0x4a,0xab,0x4a,0xab,0x4a,
    0xab,0x4a,0xab,0x4a,0xab,0x4a,0xab,0x4a,0xab,0x4a,0xab,0x4a,0xab,0x4a,0xab,0x4a,
    0xab,0x4a,0xab,0x4a,0xab,0x4a,0xab,0x4a,0xab,0x4a,0xaa,0x4a,0x29,0x3a,0x08,0x3a,
    0x08,0x3a,0x09,0x3a,0x29,0x3a,0x29,0x3a,0x29,0x3a,0x09,0x3a,0x09,0x3a,0x49,0x42,
    0x25,0x19,0x2c,0x63,0xff,0xff,0xff,0xff,0xff,0xff,0xff,0xff,0xff,0xff,0xff,0xff,
    0xff,0xff,0xff,0xff,0xff,0xff,0xff,0xff,0xff,0xff,0xff,0xff,0xff,0xff,0xff,0xff,
    0xff,0xff,0xff,0xff,0xff,0xff,0xff,0xff,0xff,0xff,0xff,0xff,0xff,0xff,0xff,0xff,
    0xff,0xff,0xff,0xff,0xff,0xff,0xff,0xff,0xff,0xff,0x6d,0x6b,0x40,0x08,0x85,0x31,
    0x44,0x29,0x44,0x29,0x44,0x29,0x82,0x10,0x85,0x31,0x07,0x42,0xe7,0x41,0xe7,0x41,
    0xe7,0x41,0xe7,0x41,0xe7,0x41,0xe7,0x41,0xe7,0x41,0xe7,0x41,0xe7,0x41,0xc6,0x41,
    0xeb,0x62,0x2c,0x6b,0x69,0x4a,0x9e,0xf7,0xff,0xff,0xff,0xff,0xff,0xff,0xff,0xff,
    0xff,0xff,0xff,0xff,0xff,0xff,0xff,0xff,0xff,0xff,0xff,0xff,0xff,0xff,0xff,0xff,
    0xff,0xff,0xff,0xff,0xff,0xff,0xff,0xff,0xff,0xff,0xff,0xff,0xff,0xff,0xff,0xff,
    0xff,0xff,0xff,0xff,0xff,0xff,0xff,0xff,0xff,0xff,0xff,0xff,0xff,0xff,0xff,0xff,
    0xff,0xff,0xff,0xff,0xff,0xff,0xff,0xff,0xff,0xff,0xff,0xff,0xff,0xff,0xff,0xff,
    0xff,0xff,0xff,0xff,0xff,0xff,0xff,0xff,0xff,0xff,0xff,0xff,0xff,0xff,0xff,0xff,
    0xff,0xff,0xff,0xff,0xff,0xff,0xff,0xff,0xff,0xff,0xff,0xff,0xff,0xff,0xff,0xff,
    0xff,0xff,0xff,0xff,0xff,0xff,0xff,0xff,0xff,0xff,0xff,0xff,0xf7,0xbd,0x04,0x21,
    0xe7,0x41,0xe7,0x41,0xe7,0x41,0xe7,0x41,0xe7,0x41,0xe7,0x41,0xe7,0x41,0xe7,0x41,
    0xe6,0x41,0xe7,0x41,0xc6,0x39,0xca,0x5a,0x6c,0x73,0x45,0x29,0x81,0x10,0x44,0x29,
    0x44,0x29,0x44,0x29,0x44,0x29,0x81,0x10,0x55,0xad,0xff,0xff,0xff,0xff,0xff,0xff,
    0xff,0xff,0xff,0xff,0xff,0xff,0xff,0xff,0xff,0xff,0xff,0xff,0xff,0xff,0xff,0xff,
    0xff,0xff,0xff,0xff,0xff,0xff,0xff,0xff,0xff,0xff,0xff,0xff,0xff,0xff,0xff,0xff,
    0xff,0xff,0xff,0xff,0xff,0xff,0xff,0xff,0xff,0xff,0xff,0xff,0xff,0xff,0xff,0xff,
    0xff,0xff,0xff,0xff,0xff,0xff,0xff,0xff,0xff,0xff,0xff,0xff,0xff,0xff,0xff,0xff,
    0xff,0xff,0xff,0xff,0xff,0xff,0xff,0xff,0xff,0xff,0xff,0xff,0xff,0xff,0xff,0xff,
    0xff,0xff,0xff,0xff,0xff,0xff,0xff,0xff,0xff,0xff,0xff,0xff,0xff,0xff,0xff,0xff,
    0x38,0xc6,0x86,0x29,0x08,0x3a,0x29,0x3a,0x28,0x3a,0x29,0x3a,0x28,0x3a,0x08,0x3a,
    0x49,0x42,0xaa,0x4a,0xaa,0x4a,0x0c,0x5b,0x6d,0x63,0x6d,0x63,0x6d,0x63,0x6d,0x63,
    0x6d,0x63,0x0c,0x53,0xaa,0x4a,0xab,0x4a,0xab,0x4a,0xab,0x4a,0xab,0x4a,0xab,0x4a,
    0xab,0x4a,0xab,0x4a,0xab,0x4a,0xab,0x4a,0xab,0x4a,0xab,0x4a,0xab,0x4a,0xab,0x4a,
    0xab,0x4a,0xab,0x4a,0xab,0x4a,0xab,0x4a,0xab,0x4a,0xab,0x4a,0xab,0x4a,0xab,0x4a,
    0xab,0x4a,0xab,0x4a,0xab,0x4a,0xab,0x4a,0xab,0x4a,0xaa,0x4a,0x49,0x3a,0x28,0x3a,
    0x29,0x3a,0x29,0x3a,0x29,0x3a,0x29,0x3a,0x29,0x3a,0x29,0x3a,0x09,0x3a,0x4a,0x42,
    0x25,0x21,0x2c,0x63,0xff,0xff,0xff,0xff,0xff,0xff,0xff,0xff,0xff,0xff,0xff,0xff,
    0xff,0xff,0xff,0xff,0xff,0xff,0xff,0xff,0xff,0xff,0xff,0xff,0xff,0xff,0xff,0xff,
    0xff,0xff,0xff,0xff,0xff,0xff,0xff,0xff,0xff,0xff,0xff,0xff,0xff,0xff,0xff,0xff,
    0xff,0xff,0xff,0xff,0xff,0xff,0xdf,0xff,0xff,0xff,0x4c,0x6b,0x61,0x08,0x85,0x31,
    0x44,0x29,0x44,0x29,0x44,0x29,0x82,0x10,0x85,0x31,0x07,0x42,0xe7,0x41,0xe7,0x41,
    0xe7,0x41,0xe7,0x41,0xe7,0x41,0xe7,0x41,0xe7,0x41,0xe7,0x41,0xe7,0x41,0xc6,0x41,
    0x0b,0x6b,0x2c,0x6b,0x69,0x4a,0x9e,0xf7,0xff,0xff,0xff,0xff,0xff,0xff,0xff,0xff,
    0xff,0xff,0xff,0xff,0xff,0xff,0xff,0xff,0xff,0xff,0xff,0xff,0xff,0xff,0xff,0xff,
    0xff,0xff,0xff,0xff,0xff,0xff,0xff,0xff,0xff,0xff,0xff,0xff,0xff,0xff,0xff,0xff,
    0xff,0xff,0xff,0xff,0xff,0xff,0xff,0xff,0xff,0xff,0xff,0xff,0xff,0xff,0xff,0xff,
    0xff,0xff,0xff,0xff,0xff,0xff,0xff,0xff,0xff,0xff,0xff,0xff,0xff,0xff,0xff,0xff,
    0xff,0xff,0xff,0xff,0xff,0xff,0xff,0xff,0xff,0xff,0xff,0xff,0xff,0xff,0xff,0xff,
    0xff,0xff,0xff,0xff,0xff,0xff,0xff,0xff,0xff,0xff,0xff,0xff,0xff,0xff,0xff,0xff,
    0xff,0xff,0xff,0xff,0xff,0xff,0xff,0xff,0xff,0xff,0xff,0xff,0x17,0xc6,0x24,0x29,
    0xe7,0x41,0xe7,0x41,0xe6,0x41,0xe7,0x41,0xe7,0x41,0xe7,0x41,0xe7,0x41,0xe7,0x41,
    0xe7,0x41,0xe7,0x41,0xc6,0x39,0xca,0x5a,0x6c,0x73,0x45,0x29,0x81,0x10,0x44,0x29,
    0x44,0x29,0x44,0x29,0x44,0x29,0x81,0x10,0x34,0xa5,0xff,0xff,0xff,0xff,0xff,0xff,
    0xff,0xff,0xff,0xff,0xff,0xff,0xff,0xff,0xff,0xff,0xff,0xff,0xff,0xff,0xff,0xff,
    0xff,0xff,0xff,0xff,0xff,0xff,0xff,0xff,0xff,0xff,0xff,0xff,0xff,0xff,0xff,0xff,
    0xff,0xff,0xff,0xff,0xff,0xff,0xff,0xff,0xff,0xff,0xff,0xff,0xff,0xff,0xff,0xff,
    0xff,0xff,0xff,0xff,0xff,0xff,0xff,0xff,0xff,0xff,0xff,0xff,0xff,0xff,0xff,0xff,
    0xff,0xff,0xff,0xff,0xff,0xff,0xff,0xff,0xff,0xff,0xff,0xff,0xff,0xff,0xff,0xff,
    0xff,0xff,0xff,0xff,0xff,0xff,0xff,0xff,0xff,0xff,0xff,0xff,0xff,0xff,0xff,0xff,
    0x58,0xc6,0x86,0x29,0x08,0x3a,0x29,0x3a,0x28,0x3a,0x28,0x3a,0x29,0x3a,0x08,0x3a,
    0x29,0x3a,0xaa,0x4a,0xaa,0x4a,0x0c,0x5b,0x6d,0x63,0x6d,0x63,0x6d,0x63,0x6d,0x63,
    0x6d,0x63,0x0c,0x53,0xaa,0x4a,0xab,0x4a,0xab,0x4a,0xab,0x4a,0xab,0x4a,0xab,0x4a,
    0xab,0x4a,0xab,0x4a,0xab,0x4a,0xab,0x4a,0xab,0x4a,0xab,0x4a,0xab,0x4a,0xab,0x4a,
    0xab,0x4a,0xab,0x4a,0xab,0x4a,0xab,0x4a,0xab,0x4a,0xab,0x4a,0xab,0x4a,0xab,0x4a,
    0xab,0x4a,0xab,0x4a,0xab,0x4a,0xab,0x4a,0xab,0x4a,0xab,0x4a,0x49,0x3a,0x28,0x3a,
    0x29,0x3a,0x29,0x3a,0x29,0x3a,0x29,0x3a,0x29,0x3a,0x29,0x3a,0x09,0x3a,0x4a,0x42,
    0x25,0x21,0x2c,0x63,0xff,0xff,0xff,0xff,0xff,0xff,0xff,0xff,0xff,0xff,0xff,0xff,
    0xff,0xff,0xff,0xff,0xff,0xff,0xff,0xff,0xff,0xff,0xff,0xff,0xff,0xff,0xff,0xff,
    0xff,0xff,0xff,0xff,0xff,0xff,0xff,0xff,0xff,0xff,0xff,0xff,0xff,0xff,0xff,0xff,
    0xff,0xff,0xff,0xff,0xff,0xff,0xff,0xff,0xff,0xff,0x2c,0x63,0x61,0x08,0x85,0x31,
    0x44,0x29,0x44,0x29,0x44,0x29,0x81,0x10,0x85,0x31,0x07,0x42,0xe7,0x41,0xe7,0x41,
    0xe7,0x41,0xe7,0x41,0xe7,0x41,0xe7,0x41,0xe7,0x41,0xe7,0x41,0xe7,0x41,0xc6,0x41,
    0x0b,0x6b,0x2c,0x6b,0x69,0x4a,0xbe,0xf7,0xff,0xff,0xff,0xff,0xff,0xff,0xff,0xff,
    0xff,0xff,0xff,0xff,0xff,0xff,0xff,0xff,0xff,0xff,0xff,0xff,0xff,0xff,0xff,0xff,
    0xff,0xff,0xff,0xff,0xff,0xff,0xff,0xff,0xff,0xff,0xff,0xff,0xff,0xff,0xff,0xff,
    0xff,0xff,0xff,0xff,0xff,0xff,0xff,0xff,0xff,0xff,0xff,0xff,0xff,0xff,0xff,0xff,
    0xff,0xff,0xff,0xff,0xff,0xff,0xff,0xff,0xff,0xff,0xff,0xff,0xff,0xff,0xff,0xff,
    0xff,0xff,0xff,0xff,0xff,0xff,0xff,0xff,0xff,0xff,0xff,0xff,0xff,0xff,0xff,0xff,
    0xff,0xff,0xff,0xff,0xff,0xff,0xff,0xff,0xff,0xff,0xff,0xff,0xff,0xff,0xff,0xff,
    0xff,0xff,0xff,0xff,0xff,0xff,0xff,0xff,0xff,0xff,0xff,0xff,0x38,0xc6,0x24,0x29,
    0xe7,0x41,0xe7,0x41,0xe6,0x41,0xe7,0x41,0xe7,0x41,0xe7,0x41,0xe7,0x41,0xe7,0x41,
    0xe6,0x41,0xe7,0x41,0xc6,0x39,0xca,0x5a,0x8d,0x73,0x65,0x29,0x82,0x10,0x44,0x29,
    0x44,0x29,0x44,0x29,0x44,0x29,0x61,0x10,0x14,0xa5,0xff,0xff,0xff,0xff,0xff,0xff,
    0xff,0xff,0xff,0xff,0xff,0xff,0xff,0xff,0xff,0xff,0xff,0xff,0xff,0xff,0xff,0xff,
    0xff,0xff,0xff,0xff,0xff,0xff,0xff,0xff,0xff,0xff,0xff,0xff,0xff,0xff,0xff,0xff,
    0xff,0xff,0xff,0xff,0xff,0xff,0xff,0xff,0xff,0xff,0xff,0xff,0xff,0xff,0xff,0xff,
    0xff,0xff,0xff,0xff,0xff,0xff,0xff,0xff,0xff,0xff,0xff,0xff,0xff,0xff,0xff,0xff,
    0xff,0xff,0xff,0xff,0xff,0xff,0xff,0xff,0xff,0xff,0xff,0xff,0xff,0xff,0xff,0xff,
    0xff,0xff,0xff,0xff,0xff,0xff,0xff,0xff,0xff,0xff,0xff,0xff,0xff,0xff,0xff,0xff,
    0x59,0xce,0x86,0x29,0x08,0x3a,0x29,0x3a,0x28,0x3a,0x29,0x3a,0x28,0x3a,0x08,0x3a,
    0x29,0x3a,0xaa,0x4a,0xaa,0x4a,0x0c,0x5b,0x6d,0x63,0x6d,0x63,0x6d,0x63,0x6d,0x63,
    0x6d,0x63,0x0c,0x5b,0xaa,0x4a,0xab,0x4a,0xab,0x4a,0xab,0x4a,0xab,0x4a,0xab,0x4a,
    0xab,0x4a,0xab,0x4a,0xab,0x4a,0xab,0x4a,0xab,0x4a,0xab,0x4a,0xab,0x4a,0xab,0x4a,
    0xab,0x4a,0xab,0x4a,0xab,0x4a,0xab,0x4a,0xab,0x4a,0xab,0x4a,0xab,0x4a,0xab,0x4a,
    0xab,0x4a,0xab,0x4a,0xab,0x4a,0xab,0x4a,0xab,0x4a,0xab,0x4a,0x49,0x3a,0x28,0x3a,
    0x29,0x3a,0x29,0x3a,0x29,0x3a,0x29,0x3a,0x29,0x3a,0x29,0x3a,0x09,0x3a,0x49,0x42,
    0x25,0x19,0x2c,0x63,0xff,0xff,0xff,0xff,0xff,0xff,0xff,0xff,0xff,0xff,0xff,0xff,
    0xff,0xff,0xff,0xff,0xff,0xff,0xff,0xff,0xff,0xff,0xff,0xff,0xff,0xff,0xff,0xff,
    0xff,0xff,0xff,0xff,0xff,0xff,0xff,0xff,0xff,0xff,0xff,0xff,0xff,0xff,0xff,0xff,
    0xff,0xff,0xff,0xff,0xff,0xff,0xff,0xff,0xff,0xff,0x0c,0x63,0x61,0x10,0x85,0x31,
    0x44,0x29,0x44,0x29,0x44,0x29,0x81,0x10,0x85,0x31,0x07,0x42,0xe7,0x41,0xe7,0x41,
    0xe7,0x41,0xe7,0x41,0xe7,0x41,0xe7,0x41,0xe7,0x41,0xe7,0x41,0xe7,0x41,0xc6,0x41,
    0x0b,0x6b,0x2b,0x6b,0x89,0x52,0xbe,0xf7,0xff,0xff,0xff,0xff,0xff,0xff,0xff,0xff,
    0xff,0xff,0xff,0xff,0xff,0xff,0xff,0xff,0xff,0xff,0xff,0xff,0xff,0xff,0xff,0xff,
    0xff,0xff,0xff,0xff,0xff,0xff,0xff,0xff,0xff,0xff,0xff,0xff,0xff,0xff,0xff,0xff,
    0xff,0xff,0xff,0xff,0xff,0xff,0xff,0xff,0xff,0xff,0xff,0xff,0xff,0xff,0xff,0xff,
    0xff,0xff,0xff,0xff,0xff,0xff,0xff,0xff,0xff,0xff,0xff,0xff,0xff,0xff,0xff,0xff,
    0xff,0xff,0xff,0xff,0xff,0xff,0xff,0xff,0xff,0xff,0xff,0xff,0xff,0xff,0xff,0xff,
    0xff,0xff,0xff,0xff,0xff,0xff,0xff,0xff,0xff,0xff,0xff,0xff,0xff,0xff,0xff,0xff,
    0xff,0xff,0xff,0xff,0xff,0xff,0xff,0xff,0xff,0xff,0xff,0xff,0x38,0xc6,0x24,0x29,
    0xe7,0x41,0xe7,0x41,0xe7,0x41,0xe7,0x41,0xe7,0x41,0xe7,0x41,0xe7,0x41,0xe7,0x41,
    0xe6,0x41,0xe7,0x41,0xc6,0x39,0xaa,0x5a,0x8d,0x73,0x65,0x29,0x82,0x10,0x44,0x29,
    0x44,0x29,0x24,0x29,0x44,0x29,0x82,0x10,0xf3,0x9c,0xff,0xff,0xff,0xff,0xff,0xff,
    0xff,0xff,0xff,0xff,0xff,0xff,0xff,0xff,0xff,0xff,0xff,0xff,0xff,0xff,0xff,0xff,
    0xff,0xff,0xff,0xff,0xff,0xff,0xff,0xff,0xff,0xff,0xff,0xff,0xff,0xff,0xff,0xff,
    0xff,0xff,0xff,0xff,0xff,0xff,0xff,0xff,0xff,0xff,0xff,0xff,0xff,0xff,0xff,0xff,
    0xff,0xff,0xff,0xff,0xff,0xff,0xff,0xff,0xff,0xff,0xff,0xff,0xff,0xff,0xff,0xff,
    0xff,0xff,0xff,0xff,0xff,0xff,0xff,0xff,0xff,0xff,0xff,0xff,0xff,0xff,0xff,0xff,
    0xff,0xff,0xff,0xff,0xff,0xff,0xff,0xff,0xff,0xff,0xff,0xff,0xff,0xff,0xff,0xff,
    0x79,0xce,0x86,0x29,0x08,0x3a,0x29,0x3a,0x28,0x3a,0x29,0x3a,0x28,0x3a,0x08,0x3a,
    0x49,0x42,0xaa,0x4a,0xaa,0x4a,0x2c,0x5b,0x6e,0x63,0x6d,0x63,0x6d,0x63,0x6d,0x63,
    0x6e,0x63,0x0c,0x5b,0xaa,0x4a,0xab,0x4a,0xab,0x4a,0xab,0x4a,0xab,0x4a,0xab,0x4a,
    0xab,0x4a,0xab,0x4a,0xab,0x4a,0xab,0x4a,0xab,0x4a,0xab,0x4a,0xab,0x4a,0xab,0x4a,
    0xcb,0x4a,0xab,0x4a,0xab,0x4a,0xab,0x4a,0xab,0x4a,0xab,0x4a,0xab,0x4a,0xab,0x4a,
    0xab,0x4a,0xab,0x4a,0xab,0x4a,0xab,0x4a,0xab,0x4a,0xab,0x4a,0x49,0x3a,0x28,0x3a,
    0x29,0x3a,0x29,0x3a,0x29,0x3a,0x29,0x3a,0x29,0x3a,0x29,0x3a,0x09,0x3a,0x49,0x42,
    0x25,0x19,0x2c,0x63,0xff,0xff,0xff,0xff,0xff,0xff,0xff,0xff,0xff,0xff,0xff,0xff,
    0xff,0xff,0xff,0xff,0xff,0xff,0xff,0xff,0xff,0xff,0xff,0xff,0xff,0xff,0xff,0xff,
    0xff,0xff,0xff,0xff,0xff,0xff,0xff,0xff,0xff,0xff,0xff,0xff,0xff,0xff,0xff,0xff,
    0xff,0xff,0xff,0xff,0xff,0xff,0xff,0xff,0xff,0xff,0x0b,0x63,0x81,0x10,0x65,0x31,
    0x44,0x29,0x44,0x29,0x44,0x29,0x81,0x10,0x85,0x31,0x07,0x42,0xe7,0x41,0xe7,0x41,
    0xe7,0x41,0xe7,0x41,0xe7,0x41,0xe7,0x41,0xe7,0x41,0xe7,0x41,0xe7,0x41,0xc6,0x41,
    0x0b,0x6b,0x0b,0x63,0x89,0x52,0xde,0xf7,0xff,0xff,0xff,0xff,0xff,0xff,0xff,0xff,
    0xff,0xff,0xff,0xff,0xff,0xff,0xff,0xff,0xff,0xff,0xff,0xff,0xff,0xff,0xff,0xff,
    0xff,0xff,0xff,0xff,0xff,0xff,0xff,0xff,0xff,0xff,0xff,0xff,0xff,0xff,0xff,0xff,
    0xff,0xff,0xff,0xff,0xff,0xff,0xff,0xff,0xff,0xff,0xff,0xff,0xff,0xff,0xff,0xff,
    0xff,0xff,0xff,0xff,0xff,0xff,0xff,0xff,0xff,0xff,0xff,0xff,0xff,0xff,0xff,0xff,
    0xff,0xff,0xff,0xff,0xff,0xff,0xff,0xff,0xff,0xff,0xff,0xff,0xff,0xff,0xff,0xff,
    0xff,0xff,0xff,0xff,0xff,0xff,0xff,0xff,0xff,0xff,0xff,0xff,0xff,0xff,0xff,0xff,
    0xff,0xff,0xff,0xff,0xff,0xff,0xff,0xff,0xff,0xff,0xff,0xff,0x38,0xc6,0x24,0x21,
    0xe6,0x41,0xe7,0x41,0xe7,0x41,0xe7,0x41,0xe7,0x41,0xe7,0x41,0xe7,0x41,0xe7,0x41,
    0xe6,0x41,0xe7,0x41,0xc6,0x39,0xa9,0x5a,0x8d,0x73,0x65,0x29,0x81,0x10,0x44,0x29,
    0x44,0x29,0x24,0x29,0x44,0x29,0x82,0x10,0xd3,0x9c,0xdf,0xff,0xdf,0xff,0xff,0xff,
    0xff,0xff,0xff,0xff,0xff,0xff,0xff,0xff,0xff,0xff,0xff,0xff,0xff,0xff,0xff,0xff,
    0xdf,0xff,0xdf,0xff,0xff,0xff,0xff,0xff,0xff,0xff,0xff,0xff,0xff,0xff,0xff,0xff,
    0xff,0xff,0xff,0xff,0xff,0xff,0xff,0xff,0xff,0xff,0xff,0xff,0xff,0xff,0xff,0xff,
    0xff,0xff,0xff,0xff,0xff,0xff,0xff,0xff,0xff,0xff,0xff,0xff,0xff,0xff,0xff,0xff,
    0xff,0xff,0xff,0xff,0xff,0xff,0xff,0xff,0xff,0xff,0xff,0xff,0xff,0xff,0xff,0xff,
    0xff,0xff,0xff,0xff,0xff,0xff,0xff,0xff,0xff,0xff,0xff,0xff,0xff,0xff,0xff,0xff,
    0x79,0xce,0xa6,0x31,0x08,0x3a,0x29,0x3a,0x28,0x3a,0x29,0x3a,0x28,0x3a,0x28,0x3a,
    0x29,0x3a,0xaa,0x4a,0xaa,0x4a,0x2c,0x5b,0x6e,0x63,0x6d,0x63,0x6d,0x63,0x6d,0x63,
    0x6d,0x63,0x0c,0x5b,0xaa,0x4a,0xaa,0x4a,0xab,0x4a,0xab,0x4a,0xab,0x4a,0xab,0x4a,
    0xab,0x4a,0xab,0x4a,0xab,0x4a,0xab,0x4a,0xab,0x4a,0xab,0x4a,0xab,0x4a,0xab,0x4a,
    0xab,0x4a,0xab,0x4a,0xab,0x4a,0xab,0x4a,0xab,0x4a,0xab,0x4a,0xab,0x4a,0xab,0x4a,
    0xab,0x4a,0xab,0x4a,0xab,0x4a,0xab,0x4a,0xab,0x4a,0xab,0x4a,0x49,0x3a,0x28,0x3a,
    0x29,0x3a,0x29,0x3a,0x29,0x3a,0x29,0x3a,0x29,0x3a,0x29,0x3a,0x29,0x3a,0x49,0x42,
    0x25,0x19,0x2c,0x63,0xff,0xff,0xff,0xff,0xff,0xff,0xff,0xff,0xff,0xff,0xff,0xff,
    0xff,0xff,0xff,0xff,0xff,0xff,0xff,0xff,0xff,0xff,0xff,0xff,0xff,0xff,0xff,0xff,
    0xff,0xff,0xff,0xff,0xdf,0xff,0xdf,0xff,0xdf,0xff,0xdf,0xff,0xdf,0xff,0xff,0xff,
    0xff,0xff,0xff,0xff,0xdf,0xff,0xdf,0xff,0xff,0xff,0xeb,0x5a,0x81,0x10,0x65,0x31,
    0x44,0x29,0x44,0x29,0x44,0x29,0x81,0x10,0xa5,0x31,0xe7,0x41,0xe7,0x41,0xe7,0x41,
    0xe7,0x41,0xe7,0x41,0xe7,0x41,0xe7,0x41,0xe7,0x41,0xe7,0x41,0xe7,0x41,0xc6,0x41,
    0x2b,0x6b,0x0b,0x63,0x89,0x52,0xdf,0xff,0xff,0xff,0xff,0xff,0xff,0xff,0xff,0xff,
    0xff,0xff,0xff,0xff,0xff,0xff,0xff,0xff,0xff,0xff,0xff,0xff,0xff,0xff,0xff,0xff,
    0xff,0xff,0xff,0xff,0xff,0xff,0xff,0xff,0xff,0xff,0xff,0xff,0xff,0xff,0xff,0xff,
    0xff,0xff,0xff,0xff,0xff,0xff,0xff,0xff,0xff,0xff,0xff,0xff,0xff,0xff,0xff,0xff,
    0xff,0xff,0xff,0xff,0xff,0xff,0xff,0xff,0xff,0xff,0xff,0xff,0xff,0xff,0xff,0xff,
    0xff,0xff,0xff,0xff,0xff,0xff,0xff,0xff,0xff,0xff,0xff,0xff,0xff,0xff,0xff,0xff,
    0xff,0xff,0xff,0xff,0xff,0xff,0xff,0xff,0xff,0xff,0xff,0xff,0xff,0xff,0xff,0xff,
    0xff,0xff,0xff,0xff,0xff,0xff,0xff,0xff,0xff,0xff,0xff,0xff,0x18,0xc6,0x03,0x21,
    0xe7,0x41,0xe7,0x41,0xe7,0x41,0xe7,0x41,0xe7,0x41,0xe7,0x41,0xe7,0x41,0xe7,0x41,
    0xe7,0x41,0xe7,0x41,0xc6,0x39,0xa9,0x5a,0x8d,0x7b,0x65,0x29,0x81,0x10,0x44,0x29,
    0x44,0x29,0x44,0x29,0x44,0x29,0x81,0x10,0xf3,0xa4,0xff,0xff,0xff,0xff,0xff,0xff,
    0xff,0xff,0xff,0xff,0xff,0xff,0xff,0xff,0xff,0xff,0xff,0xff,0xff,0xff,0xff,0xff,
    0xff,0xff,0xff,0xff,0xff,0xff,0xff,0xff,0xff,0xff,0xff,0xff,0xff,0xff,0xff,0xff,
    0xff,0xff,0xff,0xff,0xff,0xff,0xff,0xff,0xff,0xff,0xff,0xff,0xff,0xff,0xff,0xff,
    0xff,0xff,0xff,0xff,0xff,0xff,0xff,0xff,0xff,0xff,0xff,0xff,0xff,0xff,0xff,0xff,
    0xff,0xff,0xff,0xff,0xff,0xff,0xff,0xff,0xff,0xff,0xff,0xff,0xff,0xff,0xff,0xff,
    0xff,0xff,0xff,0xff,0xff,0xff,0xff,0xff,0xff,0xff,0xff,0xff,0xff,0xff,0xff,0xff,
    0x9a,0xd6,0xa7,0x31,0x08,0x3a,0x29,0x3a,0x28,0x3a,0x29,0x3a,0x29,0x3a,0x28,0x3a,
    0x29,0x3a,0xaa,0x4a,0xaa,0x4a,0x2c,0x5b,0x6d,0x63,0x6d,0x63,0x6e,0x63,0x6e,0x63,
    0x6e,0x63,0x0c,0x5b,0xaa,0x4a,0xaa,0x4a,0xaa,0x4a,0xab,0x4a,0xab,0x4a,0xab,0x4a,
    0xab,0x4a,0xab,0x4a,0xab,0x4a,0xab,0x4a,0xab,0x4a,0xab,0x4a,0xab,0x4a,0xab,0x4a,
    0xab,0x4a,0xab,0x4a,0xab,0x4a,0xab,0x4a,0xab,0x4a,0xab,0x4a,0xab,0x4a,0xab,0x4a,
    0xab,0x4a,0xab,0x4a,0xab,0x4a,0xab,0x4a,0xab,0x4a,0xab,0x4a,0x49,0x3a,0x28,0x3a,
    0x29,0x3a,0x29,0x3a,0x09,0x3a,0x09,0x3a,0x09,0x3a,0x29,0x3a,0x29,0x3a,0x69,0x42,
    0x25,0x19,0x2c,0x63,0xff,0xff,0xff,0xff,0xff,0xff,0xff,0xff,0xff,0xff,0xff,0xff,
    0xff,0xff,0xff,0xff,0xff,0xff,0xff,0xff,0xff,0xff,0xff,0xff,0xff,0xff,0xff,0xff,
    0xff,0xff,0xff,0xff,0xff,0xff,0xff,0xff,0xff,0xff,0xff,0xff,0xff,0xff,0xff,0xff,
    0xff,0xff,0xff,0xff,0xff,0xff,0xff,0xff,0xff,0xff,0xeb,0x62,0x81,0x10,0x65,0x31,
    0x44,0x29,0x44,0x29,0x44,0x29,0xa1,0x10,0xa5,0x39,0xe7,0x41,0xe7,0x41,0xe7,0x41,
    0xe7,0x41,0xe7,0x41,0xe7,0x41,0xe7,0x41,0xe7,0x41,0xe7,0x41,0xe7,0x41,0xe6,0x39,
    0x2b,0x6b,0xeb,0x62,0xaa,0x52,0xff,0xff,0xff,0xff,0xff,0xff,0xff,0xff,0xff,0xff,
    0xff,0xff,0xff,0xff,0xff,0xff,0xff,0xff,0xff,0xff,0xff,0xff,0xff,0xff,0xff,0xff,
    0xff,0xff,0xff,0xff,0xff,0xff,0xff,0xff,0xff,0xff,0xff,0xff,0xff,0xff,0xff,0xff,
    0xff,0xff,0xff,0xff,0xff,0xff,0xff,0xff,0xff,0xff,0xff,0xff,0xff,0xff,0xff,0xff,
    0xff,0xff,0xff,0xff,0xff,0xff,0xff,0xff,0xff,0xff,0xff,0xff,0xff,0xff,0xff,0xff,
    0xff,0xff,0xff,0xff,0xff,0xff,0xff,0xff,0xff,0xff,0xff,0xff,0xff,0xff,0xff,0xff,
    0xff,0xff,0xff,0xff,0xff,0xff,0xff,0xff,0xff,0xff,0xff,0xff,0xff,0xff,0xff,0xff,
    0xff,0xff,0xff,0xff,0xff,0xff,0xff,0xff,0xff,0xff,0xff,0xff,0x79,0xce,0x44,0x29,
    0xe7,0x41,0xe7,0x41,0xe7,0x41,0xe7,0x41,0xe7,0x41,0xe7,0x41,0xe7,0x41,0xe7,0x41,
    0xe7,0x41,0xe7,0x41,0xc6,0x39,0xa9,0x5a,0x8d,0x7b,0x65,0x29,0x81,0x10,0x44,0x29,
    0x44,0x29,0x44,0x29,0x44,0x29,0xa2,0x10,0x08,0x42,0x6d,0x6b,0x0c,0x63,0x2c,0x63,
    0x2c,0x63,0x2c,0x63,0x2c,0x63,0x2c,0x63,0x2c,0x63,0x2c,0x63,0x2c,0x63,0x4c,0x6b,
    0x4d,0x6b,0x6d,0x6b,0xf7,0xbd,0xff,0xff,0xff,0xff,0xff,0xff,0xff,0xff,0xff,0xff,
    0xff,0xff,0xff,0xff,0xff,0xff,0xff,0xff,0xff,0xff,0xff,0xff,0xff,0xff,0xff,0xff,
    0xff,0xff,0xff,0xff,0xff,0xff,0xff,0xff,0xff,0xff,0xff,0xff,0xff,0xff,0xff,0xff,
    0xff,0xff,0xff,0xff,0xff,0xff,0xff,0xff,0xff,0xff,0xff,0xff,0xff,0xff,0xff,0xff,
    0xff,0xff,0xff,0xff,0xff,0xff,0xff,0xff,0xff,0xff,0xff,0xff,0xff,0xff,0xff,0xff,
    0xba,0xd6,0xc7,0x31,0x08,0x3a,0x29,0x3a,0x28,0x3a,0x29,0x3a,0x29,0x3a,0x28,0x3a,
    0x29,0x3a,0xaa,0x4a,0xaa,0x4a,0x2c,0x5b,0x6d,0x63,0x6d,0x63,0x6e,0x63,0x6e,0x63,
    0x6e,0x63,0x2c,0x5b,0xaa,0x4a,0xaa,0x4a,0xaa,0x4a,0xaa,0x4a,0xaa,0x4a,0xab,0x4a,
    0xab,0x4a,0xab,0x4a,0xab,0x4a,0xab,0x4a,0xab,0x4a,0xab,0x4a,0xab,0x4a,0xab,0x4a,
    0xab,0x4a,0xab,0x4a,0xab,0x4a,0xab,0x4a,0xab,0x4a,0xab,0x4a,0xab,0x4a,0xab,0x4a,
    0xab,0x4a,0xab,0x4a,0xab,0x4a,0xab,0x4a,0xab,0x4a,0xab,0x4a,0x49,0x3a,0x28,0x3a,
    0x29,0x3a,0x29,0x3a,0x09,0x3a,0x09,0x3a,0x09,0x3a,0x29,0x3a,0x29,0x3a,0x69,0x42,
    0x25,0x19,0x2c,0x63,0xff,0xff,0xff,0xff,0xff,0xff,0xff,0xff,0xff,0xff,0xff,0xff,
    0xff,0xff,0xff,0xff,0xff,0xff,0xff,0xff,0xff,0xff,0xff,0xff,0xff,0xff,0xff,0xff,
    0x38,0xc6,0xd2,0x9c,0xd2,0x9c,0xd2,0x9c,0xd2,0x9c,0xd3,0x9c,0xf3,0x9c,0xf3,0x9c,
    0xf3,0x9c,0xf3,0x9c,0xd3,0x9c,0xd2,0x9c,0xd3,0x9c,0xc7,0x39,0xc2,0x18,0x65,0x31,
    0x64,0x29,0x64,0x29,0x44,0x29,0xa2,0x10,0xa6,0x39,0x07,0x42,0xe7,0x41,0xe7,0x41,
    0xe7,0x41,0xe7,0x41,0xe7,0x41,0xe7,0x41,0xe7,0x41,0xe7,0x41,0xe7,0x41,0xc6,0x39,
    0x4c,0x6b,0x0b,0x6b,0x69,0x4a,0x9e,0xf7,0xff,0xff,0xff,0xff,0xff,0xff,0xff,0xff,
    0xff,0xff,0xff,0xff,0xff,0xff,0xff,0xff,0xff,0xff,0xff,0xff,0xff,0xff,0xff,0xff,
    0xff,0xff,0xff,0xff,0xff,0xff,0xff,0xff,0xff,0xff,0xff,0xff,0xff,0xff,0xff,0xff,
    0xff,0xff,0xff,0xff,0xff,0xff,0xff,0xff,0xff,0xff,0xff,0xff,0xff,0xff,0xff,0xff,
    0xff,0xff,0xff,0xff,0xff,0xff,0xff,0xff,0xff,0xff,0xff,0xff,0xff,0xff,0xff,0xff,
    0xff,0xff,0xff,0xff,0xff,0xff,0xff,0xff,0xff,0xff,0xff,0xff,0xff,0xff,0xff,0xff,
    0xff,0xff,0xff,0xff,0xff,0xff,0xff,0xff,0xff,0xff,0xff,0xff,0xff,0xff,0xff,0xff,
    0xff,0xff,0xff,0xff,0xff,0xff,0xff,0xff,0xdf,0xff,0xff,0xff,0x55,0xad,0x03,0x21,
    0xe7,0x41,0xe7,0x41,0xe7,0x41,0xe7,0x41,0xe7,0x41,0xe7,0x41,0xe7,0x41,0xe7,0x41,
    0xe7,0x41,0xe7,0x41,0xc6,0x39,0xa9,0x5a,0x8d,0x7b,0x65,0x31,0x81,0x10,0x44,0x29,
    0x44,0x29,0x44,0x29,0x44,0x29,0xa2,0x10,0xc2,0x18,0x44,0x29,0x44,0x29,0x44,0x29,
    0x44,0x29,0x64,0x29,0x65,0x29,0x65,0x31,0x65,0x29,0x24,0x21,0x24,0x21,0x24,0x29,
    0x65,0x29,0x40,0x08,0xeb,0x5a,0xff,0xff,0xff,0xff,0xff,0xff,0xff,0xff,0xff,0xff,
    0xff,0xff,0xff,0xff,0xff,0xff,0xff,0xff,0xff,0xff,0xff,0xff,0xff,0xff,0xff,0xff,
    0xff,0xff,0xff,0xff,0xff,0xff,0xff,0xff,0xff,0xff,0xff,0xff,0xff,0xff,0xff,0xff,
    0xff,0xff,0xff,0xff,0xff,0xff,0xff,0xff,0xff,0xff,0xff,0xff,0xff,0xff,0xff,0xff,
    0xff,0xff,0xff,0xff,0xff,0xff,0xff,0xff,0xff,0xff,0xff,0xff,0xff,0xff,0xff,0xff,
    0xba,0xd6,0xc7,0x31,0x08,0x3a,0x29,0x3a,0x28,0x3a,0x29,0x3a,0x29,0x3a,0x28,0x3a,
    0x29,0x3a,0x8a,0x4a,0xaa,0x4a,0x2c,0x5b,0x6d,0x63,0x6d,0x63,0x6e,0x63,0x6e,0x63,
    0x6e,0x63,0x0c,0x5b,0xaa,0x4a,0xcb,0x4a,0xaa,0x4a,0xab,0x4a,0xab,0x4a,0xab,0x4a,
    0xab,0x4a,0xab,0x4a,0xab,0x4a,0xab,0x4a,0xab,0x4a,0xab,0x4a,0xab,0x4a,0xab,0x4a,
    0xab,0x4a,0xab,0x4a,0xab,0x4a,0xab,0x4a,0xab,0x4a,0xab,0x4a,0xab,0x4a,0xab,0x4a,
    0xab,0x4a,0xab,0x4a,0xab,0x4a,0xab,0x4a,0xab,0x4a,0xab,0x4a,0x49,0x3a,0x29,0x3a,
    0x29,0x3a,0x29,0x3a,0x29,0x3a,0x29,0x3a,0x09,0x3a,0x29,0x3a,0x29,0x3a,0x69,0x42,
    0x25,0x19,0x4d,0x6b,0xff,0xff,0xff,0xff,0xff,0xff,0xff,0xff,0xff,0xff,0xff,0xff,
    0xff,0xff,0xff,0xff,0xff,0xff,0xff,0xff,0xff,0xff,0xff,0xff,0xff,0xff,0x3c,0xe7,
    0xe7,0x39,0xa2,0x10,0x24,0x21,0x03,0x21,0x24,0x29,0x44,0x29,0x44,0x29,0x44,0x29,
    0x24,0x21,0x03,0x21,0x03,0x21,0x03,0x21,0x03,0x21,0x61,0x10,0x03,0x21,0x65,0x31,
    0x64,0x29,0x64,0x29,0x44,0x29,0xa1,0x10,0xa6,0x39,0x07,0x42,0xe7,0x41,0xe7,0x41,
    0xe7,0x41,0xe7,0x41,0xe7,0x41,0xe7,0x41,0xe7,0x41,0xe7,0x41,0xe7,0x41,0xc6,0x39,
    0x4c,0x73,0x6c,0x73,0xe2,0x18,0xaa,0x52,0x5d,0xef,0xff,0xff,0xff,0xff,0xff,0xff,
    0xff,0xff,0xff,0xff,0xff,0xff,0xff,0xff,0xff,0xff,0xff,0xff,0xff,0xff,0xff,0xff,
    0xff,0xff,0xff,0xff,0xff,0xff,0xff,0xff,0xff,0xff,0xff,0xff,0xff,0xff,0xff,0xff,
    0xff,0xff,0xff,0xff,0xff,0xff,0xff,0xff,0xff,0xff,0xff,0xff,0xff,0xff,0xff,0xff,
    0xff,0xff,0xff,0xff,0xff,0xff,0xff,0xff,0xff,0xff,0xff,0xff,0xff,0xff,0xff,0xff,
    0xff,0xff,0xff,0xff,0xff,0xff,0xff,0xff,0xff,0xff,0xff,0xff,0xff,0xff,0xff,0xff,
    0xff,0xff,0xff,0xff,0xff,0xff,0xff,0xff,0xff,0xff,0xff,0xff,0xff,0xff,0xff,0xff,
    0xff,0xff,0xff,0xff,0xff,0xff,0xff,0xff,0xff,0xff,0x38,0xc6,0x04,0x21,0xe3,0x18,
    0xe7,0x41,0xe7,0x41,0xe7,0x41,0xe7,0x41,0xe7,0x41,0xe7,0x41,0xe7,0x41,0xe7,0x41,
    0xe7,0x41,0xe7,0x41,0xc6,0x39,0xa9,0x5a,0x8d,0x7b,0x65,0x31,0x81,0x10,0x44,0x29,
    0x44,0x29,0x44,0x29,0x64,0x29,0xa2,0x10,0x24,0x21,0x28,0x4a,0x27,0x4a,0x27,0x4a,
    0x28,0x4a,0x28,0x4a,0x28,0x4a,0x48,0x4a,0xa6,0x39,0x03,0x21,0xc6,0x39,0x48,0x4a,
    0xc6,0x39,0xa2,0x10,0x69,0x4a,0xbe,0xf7,0xff,0xff,0xff,0xff,0xff,0xff,0xff,0xff,
    0xff,0xff,0xff,0xff,0xff,0xff,0xff,0xff,0xff,0xff,0xff,0xff,0xff,0xff,0xff,0xff,
    0xff,0xff,0xff,0xff,0xff,0xff,0xff,0xff,0xff,0xff,0xff,0xff,0xff,0xff,0xff,0xff,
    0xff,0xff,0xff,0xff,0xff,0xff,0xff,0xff,0xff,0xff,0xff,0xff,0xff,0xff,0xff,0xff,
    0xff,0xff,0xff,0xff,0xff,0xff,0xff,0xff,0xff,0xff,0xff,0xff,0xff,0xff,0xff,0xff,
    0xdb,0xde,0xc7,0x39,0xe8,0x39,0x29,0x3a,0x28,0x3a,0x29,0x3a,0x29,0x3a,0x28,0x3a,
    0x29,0x3a,0x8a,0x4a,0xab,0x4a,0x2c,0x5b,0x6e,0x63,0x6d,0x63,0x6d,0x63,0x6d,0x63,
    0x6e,0x63,0x2c,0x5b,0xaa,0x4a,0xaa,0x4a,0xaa,0x4a,0xaa,0x4a,0xab,0x4a,0xab,0x4a,
    0xab,0x4a,0xab,0x4a,0xab,0x4a,0xab,0x4a,0xab,0x4a,0xab,0x4a,0xab,0x4a,0xab,0x4a,
    0xab,0x4a,0xab,0x4a,0xab,0x4a,0xab,0x4a,0xab,0x4a,0xab,0x4a,0xab,0x4a,0xab,0x4a,
    0xab,0x4a,0xab,0x4a,0xab,0x4a,0xab,0x4a,0xab,0x4a,0xab,0x4a,0x49,0x3a,0x28,0x3a,
    0x29,0x3a,0x29,0x3a,0x29,0x3a,0x29,0x3a,0x09,0x3a,0x09,0x3a,0x29,0x3a,0x69,0x42,
    0x24,0x19,0x4d,0x6b,0xff,0xff,0xff,0xff,0xff,0xff,0xff,0xff,0xff,0xff,0xff,0xff,
    0xff,0xff,0xff,0xff,0xff,0xff,0xff,0xff,0xff,0xff,0xff,0xff,0xff,0xff,0x79,0xce,
    0x03,0x21,0x03,0x21,0xe7,0x41,0x07,0x42,0x65,0x31,0x24,0x29,0x08,0x4a,0x28,0x4a,
    0x28,0x4a,0x28,0x4a,0x27,0x4a,0x28,0x4a,0x48,0x4a,0xc3,0x18,0x03,0x21,0x65,0x31,
    0x44,0x29,0x44,0x29,0x44,0x29,0x81,0x10,0xa6,0x39,0x07,0x42,0xe7,0x41,0xe7,0x41,
    0xe7,0x41,0xe7,0x41,0xe7,0x41,0xe7,0x41,0xe7,0x41,0xe7,0x41,0xe7,0x41,0xc6,0x39,
    0x4c,0x73,0x6c,0x73,0x24,0x29,0x24,0x21,0xae,0x73,0xff,0xff,0xff,0xff,0xff,0xff,
    0xff,0xff,0xff,0xff,0xff,0xff,0xff,0xff,0xff,0xff,0xff,0xff,0xff,0xff,0xff,0xff,
    0xff,0xff,0xff,0xff,0xff,0xff,0xff,0xff,0xff,0xff,0xff,0xff,0xff,0xff,0xff,0xff,
    0xff,0xff,0xff,0xff,0xff,0xff,0xff,0xff,0xff,0xff,0xff,0xff,0xff,0xff,0xff,0xff,
    0xff,0xff,0xff,0xff,0xff,0xff,0xff,0xff,0xff,0xff,0xff,0xff,0xff,0xff,0xff,0xff,
    0xff,0xff,0xff,0xff,0xff,0xff,0xff,0xff,0xff,0xff,0xff,0xff,0xff,0xff,0xff,0xff,
    0xff,0xff,0xff,0xff,0xff,0xff,0xff,0xff,0xff,0xff,0xff,0xff,0xff,0xff,0xff,0xff,
    0xff,0xff,0xff,0xff,0xff,0xff,0xff,0xff,0x3c,0xe7,0xc7,0x39,0x03,0x21,0x24,0x21,
    0xe7,0x39,0xe6,0x41,0xe6,0x41,0xe7,0x41,0xe7,0x41,0xe7,0x41,0xe7,0x41,0xe7,0x41,
    0xe7,0x41,0xe7,0x41,0xc6,0x39,0xa9,0x5a,0x8d,0x7b,0x85,0x31,0x81,0x10,0x44,0x29,
    0x44,0x29,0x44,0x29,0x65,0x29,0xa2,0x18,0x24,0x21,0x07,0x4a,0xe7,0x41,0xe7,0x41,
    0xe7,0x41,0xe7,0x41,0x07,0x42,0xe7,0x41,0x07,0x42,0x07,0x42,0xe7,0x41,0x07,0x42,
    0xe3,0x18,0x81,0x10,0xae,0x73,0xff,0xff,0xff,0xff,0xff,0xff,0xff,0xff,0xff,0xff,
    0xff,0xff,0xff,0xff,0xff,0xff,0xff,0xff,0xff,0xff,0xff,0xff,0xff,0xff,0xff,0xff,
    0xff,0xff,0xff,0xff,0xff,0xff,0xff,0xff,0xff,0xff,0xff,0xff,0xff,0xff,0xff,0xff,
    0xff,0xff,0xff,0xff,0xff,0xff,0xff,0xff,0xff,0xff,0xff,0xff,0xff,0xff,0xff,0xff,
    0xff,0xff,0xff,0xff,0xff,0xff,0xff,0xff,0xff,0xff,0xff,0xff,0xff,0xff,0xff,0xff,
    0xdb,0xde,0xe7,0x39,0xe8,0x39,0x49,0x42,0x29,0x3a,0x29,0x3a,0x29,0x3a,0x29,0x3a,
    0x29,0x3a,0x8a,0x4a,0xab,0x4a,0x2d,0x5b,0x6e,0x63,0x6d,0x63,0x6d,0x63,0x6d,0x63,
    0x6e,0x63,0x0c,0x5b,0xaa,0x4a,0xaa,0x4a,0xaa,0x4a,0xaa,0x4a,0xaa,0x4a,0xab,0x4a,
    0xab,0x4a,0xab,0x4a,0xab,0x4a,0xab,0x4a,0xab,0x4a,0xab,0x4a,0xab,0x4a,0xab,0x4a,
    0xab,0x4a,0xab,0x4a,0xab,0x4a,0xab,0x4a,0xab,0x4a,0xab,0x4a,0xab,0x4a,0xab,0x4a,
    0xab,0x4a,0xab,0x4a,0xab,0x4a,0xab,0x4a,0xab,0x4a,0xaa,0x4a,0x49,0x3a,0x08,0x3a,
    0x09,0x3a,0x29,0x3a,0x29,0x3a,0x29,0x3a,0x29,0x3a,0x29,0x3a,0x09,0x3a,0x49,0x42,
    0x24,0x19,0x6d,0x6b,0xff,0xff,0xff,0xff,0xff,0xff,0xff,0xff,0xff,0xff,0xff,0xff,
    0xff,0xff,0xff,0xff,0xff,0xff,0xff,0xff,0xff,0xff,0xff,0xff,0xff,0xff,0x58,0xce,
    0xe3,0x18,0x81,0x10,0x85,0x31,0x07,0x42,0xc6,0x39,0xc6,0x39,0xe7,0x41,0xe7,0x41,
    0xe7,0x41,0xe7,0x41,0xe7,0x41,0xe7,0x41,0xe7,0x41,0xc2,0x18,0x03,0x21,0x64,0x31,
    0x64,0x29,0x44,0x29,0x24,0x29,0xa2,0x10,0xa6,0x39,0x07,0x42,0xe7,0x41,0xe7,0x41,
    0xe7,0x41,0xe7,0x41,0xe7,0x41,0xe7,0x41,0xe7,0x41,0xe6,0x41,0xe7,0x41,0xc6,0x39,
    0x6c,0x73,0x4c,0x73,0x03,0x21,0x28,0x4a,0x23,0x21,0x34,0xa5,0xff,0xff,0xff,0xff,
    0xff,0xff,0xff,0xff,0xff,0xff,0xff,0xff,0xff,0xff,0xff,0xff,0xff,0xff,0xff,0xff,
    0xff,0xff,0xff,0xff,0xff,0xff,0xff,0xff,0xff,0xff,0xff,0xff,0xff,0xff,0xff,0xff,
    0xff,0xff,0xff,0xff,0xff,0xff,0xff,0xff,0xff,0xff,0xff,0xff,0xff,0xff,0xff,0xff,
    0xff,0xff,0xff,0xff,0xff,0xff,0xff,0xff,0xff,0xff,0xff,0xff,0xff,0xff,0xff,0xff,
    0xff,0xff,0xff,0xff,0xff,0xff,0xff,0xff,0xff,0xff,0xff,0xff,0xff,0xff,0xff,0xff,
    0xff,0xff,0xff,0xff,0xff,0xff,0xff,0xff,0xff,0xff,0xff,0xff,0xff,0xff,0xff,0xff,
    0xff,0xff,0xff,0xff,0xff,0xff,0xdf,0xff,0xca,0x5a,0xe3,0x18,0xc7,0x39,0xe3,0x18,
    0x07,0x42,0xe7,0x41,0xe6,0x41,0xe7,0x41,0xe6,0x41,0xe7,0x41,0xe7,0x41,0xe7,0x41,
    0xe6,0x41,0xe7,0x41,0xc6,0x39,0xa9,0x5a,0x8d,0x7b,0x85,0x31,0x61,0x10,0x44,0x29,
    0x24,0x29,0x24,0x29,0x64,0x29,0xc2,0x18,0x24,0x21,0x07,0x4a,0xe7,0x41,0xe7,0x41,
    0xe7,0x41,0xe7,0x41,0xe7,0x41,0xe7,0x41,0xe7,0x41,0xe7,0x41,0x07,0x42,0xa6,0x31,
    0x61,0x08,0x24,0x21,0x18,0xc6,0xff,0xff,0xff,0xff,0xff,0xff,0xff,0xff,0xff,0xff,
    0xff,0xff,0xff,0xff,0xff,0xff,0xff,0xff,0xff,0xff,0xff,0xff,0xff,0xff,0xff,0xff,
    0xff,0xff,0xff,0xff,0xff,0xff,0xff,0xff,0xff,0xff,0xff,0xff,0xff,0xff,0xff,0xff,
    0xff,0xff,0xff,0xff,0xff,0xff,0xff,0xff,0xff,0xff,0xff,0xff,0xff,0xff,0xff,0xff,
    0xff,0xff,0xff,0xff,0xff,0xff,0xff,0xff,0xff,0xff,0xff,0xff,0xff,0xff,0xff,0xff,
    0xfb,0xde,0xe8,0x39,0xe8,0x31,0x29,0x3a,0x28,0x3a,0x29,0x3a,0x29,0x3a,0x28,0x3a,
    0x29,0x3a,0x8a,0x4a,0xab,0x4a,0x2c,0x5b,0x6d,0x63,0x6d,0x63,0x6d,0x63,0x6d,0x63,
    0x6e,0x63,0x2c,0x5b,0xaa,0x4a,0xaa,0x4a,0xcb,0x4a,0xaa,0x4a,0xab,0x4a,0xab,0x4a,
    0xab,0x4a,0xab,0x4a,0xab,0x4a,0xab,0x4a,0xab,0x4a,0xab,0x4a,0xab,0x4a,0xab,0x4a,
    0xab,0x4a,0xab,0x4a,0xab,0x4a,0xab,0x4a,0xab,0x4a,0xab,0x4a,0xab,0x4a,0xab,0x4a,
    0xab,0x4a,0xab,0x4a,0xab,0x4a,0xab,0x4a,0xab,0x4a,0xaa,0x4a,0x29,0x3a,0x08,0x3a,
    0x09,0x3a,0x29,0x3a,0x09,0x3a,0x09,0x3a,0x29,0x3a,0x29,0x3a,0x09,0x3a,0x49,0x42,
    0x24,0x19,0x8e,0x6b,0xff,0xff,0xff,0xff,0xff,0xff,0xff,0xff,0xff,0xff,0xff,0xff,
    0xff,0xff,0xff,0xff,0xff,0xff,0xff,0xff,0xff,0xff,0xff,0xff,0xff,0xff,0x3c,0xe7,
    0x08,0x42,0x61,0x08,0x44,0x29,0x07,0x42,0x07,0x4a,0x07,0x4a,0x07,0x42,0xe7,0x41,
    0xe7,0x41,0xe7,0x41,0xe7,0x41,0xe7,0x41,0x07,0x42,0xe3,0x18,0x03,0x21,0x65,0x31,
    0x44,0x29,0x44,0x29,0x24,0x29,0xa2,0x10,0xa6,0x39,0xe7,0x41,0xe7,0x41,0xe7,0x41,
    0xe7,0x41,0xe7,0x41,0xe7,0x41,0xe7,0x41,0xe7,0x41,0xe7,0x41,0xe7,0x41,0xc6,0x39,
    0x6c,0x73,0x4c,0x73,0xe3,0x20,0x27,0x4a,0x65,0x31,0xe7,0x39,0x1b,0xe7,0xff,0xff,
    0xff,0xff,0xff,0xff,0xff,0xff,0xff,0xff,0xff,0xff,0xff,0xff,0xff,0xff,0xff,0xff,
    0xff,0xff,0xff,0xff,0xff,0xff,0xff,0xff,0xff,0xff,0xff,0xff,0xff,0xff,0xff,0xff,
    0xff,0xff,0xff,0xff,0xff,0xff,0xff,0xff,0xff,0xff,0xff,0xff,0xff,0xff,0xff,0xff,
    0xff,0xff,0xff,0xff,0xff,0xff,0xff,0xff,0xff,0xff,0xff,0xff,0xff,0xff,0xff,0xff,
    0xff,0xff,0xff,0xff,0xff,0xff,0xff,0xff,0xff,0xff,0xff,0xff,0xff,0xff,0xff,0xff,
    0xff,0xff,0xff,0xff,0xff,0xff,0xff,0xff,0xff,0xff,0xff,0xff,0xff,0xff,0xff,0xff,
    0xff,0xff,0xff,0xff,0xff,0xff,0x10,0x84,0x61,0x10,0x08,0x42,0xa6,0x31,0xe3,0x18,
    0xe7,0x41,0xe7,0x41,0xe6,0x41,0xe7,0x41,0xe6,0x41,0xe7,0x41,0xe7,0x41,0xe7,0x41,
    0xe7,0x41,0xe7,0x41,0xc6,0x39,0xa9,0x5a,0x8d,0x7b,0x85,0x31,0x81,0x10,0x44,0x29,
    0x44,0x29,0x24,0x29,0x64,0x29,0xc2,0x18,0x23,0x21,0x07,0x42,0xe7,0x41,0xe7,0x41,
    0xe7,0x41,0xe7,0x41,0xe7,0x41,0xe7,0x41,0xe7,0x41,0xe7,0x41,0x07,0x42,0x03,0x21,
    0x61,0x08,0x2c,0x63,0xdf,0xff,0xff,0xff,0xff,0xff,0xff,0xff,0xff,0xff,0xff,0xff,
    0xff,0xff,0xff,0xff,0xff,0xff,0xff,0xff,0xff,0xff,0xff,0xff,0xff,0xff,0xff,0xff,
    0xff,0xff,0xff,0xff,0xff,0xff,0xff,0xff,0xff,0xff,0xff,0xff,0xff,0xff,0xff,0xff,
    0xff,0xff,0xff,0xff,0xff,0xff,0xff,0xff,0xff,0xff,0xff,0xff,0xff,0xff,0xff,0xff,
    0xff,0xff,0xff,0xff,0xff,0xff,0xff,0xff,0xff,0xff,0xff,0xff,0xff,0xff,0xff,0xff,
    0xfb,0xde,0x08,0x3a,0xe8,0x31,0x29,0x3a,0x28,0x3a,0x29,0x3a,0x29,0x3a,0x29,0x3a,
    0x29,0x3a,0x8a,0x4a,0xab,0x4a,0x2c,0x5b,0x6e,0x63,0x6d,0x63,0x6d,0x63,0x6d,0x63,
    0x6d,0x63,0x2c,0x5b,0xaa,0x4a,0xaa,0x4a,0xcb,0x4a,0xaa,0x4a,0xab,0x4a,0xab,0x4a,
    0xab,0x4a,0xab,0x4a,0xab,0x4a,0xab,0x4a,0xab,0x4a,0xab,0x4a,0xab,0x4a,0xab,0x4a,
    0xab,0x4a,0xab,0x4a,0xab,0x4a,0xab,0x4a,0xab,0x4a,0xab,0x4a,0xab,0x4a,0xab,0x4a,
    0xab,0x4a,0xab,0x4a,0xab,0x4a,0xab,0x4a,0xab,0x4a,0xab,0x4a,0x29,0x3a,0x08,0x3a,
    0x29,0x3a,0x29,0x3a,0x09,0x3a,0x09,0x3a,0x29,0x3a,0x29,0x3a,0x29,0x3a,0x49,0x42,
    0x24,0x19,0xae,0x73,0xff,0xff,0xff,0xff,0xff,0xff,0xff,0xff,0xff,0xff,0xff,0xff,
    0xff,0xff,0xff,0xff,0xff,0xff,0xff,0xff,0xff,0xff,0xff,0xff,0xff,0xff,0xff,0xff,
    0x91,0x94,0xa2,0x10,0xc2,0x18,0xe6,0x41,0x07,0x42,0xe7,0x41,0xe7,0x41,0xe7,0x41,
    0xe7,0x41,0xe7,0x41,0xe7,0x41,0xe6,0x41,0x28,0x4a,0xc3,0x18,0x03,0x21,0x65,0x29,
    0x44,0x29,0x64,0x29,0x24,0x29,0xa2,0x10,0xc6,0x39,0xe7,0x41,0xe7,0x41,0xe7,0x41,
    0xe7,0x41,0xe7,0x41,0xe7,0x41,0xe7,0x41,0xe7,0x41,0xe7,0x41,0xe7,0x41,0xc6,0x39,
    0x6c,0x73,0x4c,0x6b,0xe3,0x18,0xe7,0x41,0x07,0x42,0x44,0x29,0x2c,0x63,0xbe,0xf7,
    0xff,0xff,0xff,0xff,0xff,0xff,0xff,0xff,0xff,0xff,0xff,0xff,0xff,0xff,0xff,0xff,
    0xff,0xff,0xff,0xff,0xff,0xff,0xff,0xff,0xff,0xff,0xff,0xff,0xff,0xff,0xff,0xff,
    0xff,0xff,0xff,0xff,0xff,0xff,0xff,0xff,0xff,0xff,0xff,0xff,0xff,0xff,0xff,0xff,
    0xff,0xff,0xff,0xff,0xff,0xff,0xff,0xff,0xff,0xff,0xff,0xff,0xff,0xff,0xff,0xff,
    0xff,0xff,0xff,0xff,0xff,0xff,0xff,0xff,0xff,0xff,0xff,0xff,0xff,0xff,0xff,0xff,
    0xff,0xff,0xff,0xff,0xff,0xff,0xff,0xff,0xff,0xff,0xff,0xff,0xff,0xff,0xff,0xff,
    0xff,0xff,0xff,0xff,0xb6,0xb5,0x81,0x10,0xc6,0x39,0x08,0x4a,0xa6,0x31,0xe3,0x18,
    0xe7,0x39,0xe7,0x41,0xe6,0x41,0xe7,0x41,0xe6,0x41,0xe7,0x41,0xe7,0x41,0xe7,0x41,
    0xe7,0x41,0xe7,0x41,0xc6,0x39,0xa9,0x5a,0x8d,0x7b,0x85,0x31,0x61,0x10,0x03,0x21,
    0x03,0x21,0x03,0x21,0x24,0x21,0xa2,0x10,0x44,0x29,0x07,0x42,0xe7,0x41,0xe7,0x41,
    0xe7,0x41,0xe7,0x41,0xe7,0x41,0xe7,0x41,0xe7,0x41,0x07,0x42,0xa6,0x39,0xa1,0x10,
    0x03,0x21,0x38,0xc6,0xff,0xff,0xff,0xff,0xff,0xff,0xff,0xff,0xff,0xff,0xff,0xff,
    0xff,0xff,0xff,0xff,0xff,0xff,0xff,0xff,0xff,0xff,0xff,0xff,0xff,0xff,0xff,0xff,
    0xff,0xff,0xff,0xff,0xff,0xff,0xff,0xff,0xff,0xff,0xff,0xff,0xff,0xff,0xff,0xff,
    0xff,0xff,0xff,0xff,0xff,0xff,0xff,0xff,0xff,0xff,0xff,0xff,0xff,0xff,0xff,0xff,
    0xff,0xff,0xff,0xff,0xff,0xff,0xff,0xff,0xff,0xff,0xff,0xff,0xff,0xff,0xff,0xff,
    0x1b,0xe7,0x08,0x3a,0xe8,0x31,0x29,0x3a,0x28,0x3a,0x29,0x3a,0x29,0x3a,0x29,0x3a,
    0x29,0x3a,0x8a,0x4a,0xab,0x4a,0x2c,0x5b,0x6d,0x63,0x6d,0x63,0x6d,0x63,0x6d,0x63,
    0x6e,0x63,0x2c,0x5b,0xaa,0x4a,0xaa,0x4a,0xcb,0x4a,0xaa,0x4a,0xab,0x4a,0xab,0x4a,
    0xab,0x4a,0xab,0x4a,0xab,0x4a,0xab,0x4a,0xab,0x4a,0xab,0x4a,0xab,0x4a,0xab,0x4a,
    0xab,0x4a,0xab,0x4a,0xab,0x4a,0xab,0x4a,0xab,0x4a,0xab,0x4a,0xab,0x4a,0xab,0x4a,
    0xab,0x4a,0xab,0x4a,0xab,0x4a,0xab,0x4a,0xab,0x4a,0xab,0x4a,0x29,0x3a,0x08,0x3a,
    0x29,0x3a,0x29,0x3a,0x09,0x3a,0x29,0x3a,0x29,0x3a,0x29,0x3a,0x29,0x3a,0x49,0x42,
    0x25,0x19,0xae,0x73,0xff,0xff,0xff,0xff,0xff,0xff,0xff,0xff,0xff,0xff,0xff,0xff,
    0xff,0xff,0xff,0xff,0xff,0xff,0xff,0xff,0xff,0xff,0xff,0xff,0xff,0xff,0xff,0xff,
    0xfb,0xde,0xc7,0x39,0x61,0x10,0x85,0x31,0x28,0x4a,0xe7,0x41,0xe7,0x41,0xe7,0x41,
    0xe7,0x41,0xe7,0x41,0xe7,0x41,0x06,0x42,0x07,0x42,0xe3,0x20,0x03,0x21,0x44,0x21,
    0x24,0x21,0x44,0x29,0x24,0x29,0xa2,0x10,0xc6,0x39,0xe7,0x41,0xe7,0x41,0xe7,0x41,
    0xe7,0x41,0xe7,0x41,0xe7,0x41,0xe7,0x41,0xe7,0x41,0xe7,0x41,0xe7,0x41,0xc6,0x39,
    0x6c,0x73,0x0b,0x6b,0xc2,0x18,0xe7,0x41,0xe7,0x41,0xe7,0x39,0xa2,0x10,0xd2,0x9c,
    0xff,0xff,0xff,0xff,0xff,0xff,0xff,0xff,0xff,0xff,0xff,0xff,0xff,0xff,0xff,0xff,
    0xff,0xff,0xff,0xff,0xff,0xff,0xff,0xff,0xff,0xff,0xff,0xff,0xff,0xff,0xff,0xff,
    0xff,0xff,0xff,0xff,0xff,0xff,0xff,0xff,0xff,0xff,0xff,0xff,0xff,0xff,0xff,0xff,
    0xff,0xff,0xff,0xff,0xff,0xff,0xff,0xff,0xff,0xff,0xff,0xff,0xff,0xff,0xff,0xff,
    0xff,0xff,0xff,0xff,0xff,0xff,0xff,0xff,0xff,0xff,0xff,0xff,0xff,0xff,0xff,0xff,
    0xff,0xff,0xff,0xff,0xff,0xff,0xff,0xff,0xff,0xff,0xff,0xff,0xff,0xff,0xdf,0xff,
    0xff,0xff,0xdb,0xde,0x65,0x29,0x65,0x31,0x07,0x4a,0x07,0x42,0xa6,0x39,0xc2,0x18,
    0xc7,0x39,0xe7,0x41,0xe7,0x41,0xe7,0x41,0xe7,0x41,0xe7,0x41,0xe7,0x41,0xe7,0x41,
    0xe6,0x41,0xe7,0x41,0xc6,0x39,0xa9,0x5a,0x6d,0x7b,0xa5,0x31,0x61,0x10,0xe3,0x18,
    0x82,0x10,0x81,0x10,0x82,0x10,0x03,0x21,0xa6,0x39,0xe7,0x41,0xe7,0x41,0xe7,0x41,
    0xe7,0x41,0xe7,0x41,0xe7,0x41,0xe7,0x41,0xe7,0x41,0x27,0x42,0x24,0x29,0x61,0x08,
    0x2c,0x63,0xff,0xff,0xdf,0xff,0xff,0xff,0xff,0xff,0xff,0xff,0xff,0xff,0xff,0xff,
    0xff,0xff,0xff,0xff,0xff,0xff,0xff,0xff,0xff,0xff,0xff,0xff,0xff,0xff,0xff,0xff,
    0xff,0xff,0xff,0xff,0xff,0xff,0xff,0xff,0xff,0xff,0xff,0xff,0xff,0xff,0xff,0xff,
    0xff,0xff,0xff,0xff,0xff,0xff,0xff,0xff,0xff,0xff,0xff,0xff,0xff,0xff,0xff,0xff,
    0xff,0xff,0xff,0xff,0xff,0xff,0xff,0xff,0xff,0xff,0xff,0xff,0xff,0xff,0xff,0xff,
    0x1c,0xe7,0x08,0x42,0xc7,0x31,0x29,0x3a,0x29,0x3a,0x29,0x3a,0x29,0x3a,0x28,0x3a,
    0x28,0x3a,0x8a,0x42,0xaa,0x4a,0x0c,0x5b,0x6e,0x63,0x4d,0x63,0x6d,0x63,0x4d,0x63,
    0x6d,0x63,0x2c,0x5b,0xaa,0x4a,0xaa,0x4a,0xcb,0x4a,0xaa,0x4a,0xaa,0x4a,0xab,0x4a,
    0xab,0x4a,0xab,0x4a,0xab,0x4a,0xab,0x4a,0xab,0x4a,0xab,0x4a,0xab,0x4a,0xab,0x4a,
    0xab,0x4a,0xab,0x4a,0xab,0x4a,0xab,0x4a,0xab,0x4a,0xab,0x4a,0xab,0x4a,0xab,0x4a,
    0xab,0x4a,0xab,0x4a,0xab,0x4a,0xab,0x4a,0xab,0x4a,0xaa,0x4a,0x29,0x3a,0x08,0x3a,
    0x29,0x3a,0x29,0x3a,0x28,0x3a,0x29,0x3a,0x09,0x3a,0x29,0x3a,0x29,0x3a,0x49,0x42,
    0x24,0x19,0xae,0x73,0xff,0xff,0xff,0xff,0xff,0xff,0xff,0xff,0xff,0xff,0xff,0xff,
    0xff,0xff,0xff,0xff,0xff,0xff,0xff,0xff,0xff,0xff,0xff,0xff,0xff,0xff,0xff,0xff,
    0xff,0xff,0x30,0x84,0x82,0x10,0xe3,0x18,0xe7,0x41,0xe7,0x41,0xe7,0x41,0xe7,0x41,
    0xe7,0x41,0xe7,0x41,0xe7,0x41,0xe7,0x41,0x07,0x42,0xa6,0x39,0xc2,0x18,0x81,0x08,
    0x81,0x10,0x81,0x10,0xa2,0x10,0x82,0x10,0xc6,0x39,0xe7,0x41,0xe6,0x41,0xe6,0x41,
    0xe6,0x41,0xe7,0x41,0xe7,0x41,0xe7,0x41,0xe7,0x41,0xe7,0x41,0xe7,0x41,0xc6,0x41,
    0x4c,0x73,0x0b,0x63,0xa2,0x10,0xe7,0x41,0xe7,0x41,0x07,0x42,0xa6,0x39,0x44,0x29,
    0x9a,0xd6,0xff,0xff,0xff,0xff,0xff,0xff,0xff,0xff,0xff,0xff,0xff,0xff,0xff,0xff,
    0xff,0xff,0xff,0xff,0xff,0xff,0xff,0xff,0xff,0xff,0xff,0xff,0xff,0xff,0xff,0xff,
    0xff,0xff,0xff,0xff,0xff,0xff,0xff,0xff,0xff,0xff,0xff,0xff,0xff,0xff,0xff,0xff,
    0xff,0xff,0xff,0xff,0xff,0xff,0xff,0xff,0xff,0xff,0xff,0xff,0xff,0xff,0xff,0xff,
    0xff,0xff,0xff,0xff,0xff,0xff,0xff,0xff,0xff,0xff,0xff,0xff,0xff,0xff,0xff,0xff,
    0xff,0xff,0xff,0xff,0xff,0xff,0xff,0xff,0xff,0xff,0xff,0xff,0xff,0xff,0xff,0xff,
    0x7d,0xef,0x49,0x4a,0x44,0x29,0x28,0x4a,0xe7,0x41,0x07,0x42,0xa6,0x39,0xc2,0x18,
    0xc6,0x39,0xe7,0x41,0xe6,0x41,0xe6,0x41,0xe6,0x41,0xe6,0x41,0xe6,0x41,0xe7,0x41,
    0xe6,0x41,0xe7,0x41,0xc6,0x39,0x89,0x5a,0x6d,0x7b,0x85,0x31,0xa2,0x18,0xe7,0x41,
    0xa6,0x39,0x85,0x31,0xa6,0x39,0xe7,0x41,0xe7,0x41,0xe6,0x41,0xe7,0x41,0xe7,0x41,
    0xe6,0x41,0xe7,0x41,0xe7,0x41,0xe7,0x41,0x07,0x42,0xa6,0x39,0xa2,0x10,0x04,0x21,
    0xba,0xd6,0xff,0xff,0xff,0xff,0xff,0xff,0xff,0xff,0xff,0xff,0xff,0xff,0xff,0xff,
    0xff,0xff,0xff,0xff,0xff,0xff,0xff,0xff,0xff,0xff,0xff,0xff,0xff,0xff,0xff,0xff,
    0xff,0xff,0xff,0xff,0xff,0xff,0xff,0xff,0xff,0xff,0xff,0xff,0xff,0xff,0xff,0xff,
    0xff,0xff,0xff,0xff,0xff,0xff,0xff,0xff,0xff,0xff,0xff,0xff,0xff,0xff,0xff,0xff,
    0xff,0xff,0xff,0xff,0xff,0xff,0xff,0xff,0xff,0xff,0xff,0xff,0xff,0xff,0xff,0xff,
    0x3c,0xe7,0x28,0x42,0xe7,0x31,0x29,0x3a,0x29,0x3a,0x29,0x3a,0x29,0x3a,0x28,0x3a,
    0x28,0x3a,0x6a,0x42,0xaa,0x4a,0x0c,0x5b,0x6e,0x63,0x6d,0x63,0x6d,0x63,0x4d,0x63,
    0x4d,0x63,0x0c,0x5b,0xaa,0x4a,0xaa,0x4a,0xcb,0x4a,0xaa,0x4a,0xaa,0x4a,0xab,0x4a,
    0xab,0x4a,0xab,0x4a,0xab,0x4a,0xab,0x4a,0xab,0x4a,0xab,0x4a,0xab,0x4a,0xab,0x4a,
    0xab,0x4a,0xab,0x4a,0xab,0x4a,0xab,0x4a,0xab,0x4a,0xab,0x4a,0xab,0x4a,0xab,0x4a,
    0xab,0x4a,0xab,0x4a,0xab,0x4a,0xab,0x4a,0xab,0x4a,0xaa,0x4a,0x29,0x3a,0x08,0x3a,
    0x29,0x3a,0x29,0x3a,0x28,0x3a,0x28,0x3a,0x08,0x3a,0x29,0x3a,0x28,0x3a,0x49,0x42,
    0x04,0x19,0xcf,0x73,0xff,0xff,0xdf,0xff,0xff,0xff,0xff,0xff,0xff,0xff,0xff,0xff,
    0xff,0xff,0xff,0xff,0xff,0xff,0xff,0xff,0xdf,0xff,0xdf,0xff,0xdf,0xff,0xdf,0xff,
    0xff,0xff,0xba,0xd6,0x45,0x29,0x41,0x08,0xa5,0x39,0xe7,0x41,0xe7,0x41,0xe7,0x41,
    0xe7,0x41,0xe7,0x41,0xe7,0x41,0xe7,0x41,0xe7,0x41,0xe7,0x41,0xa6,0x39,0x85,0x31,
    0x85,0x31,0x86,0x39,0x65,0x31,0xa2,0x10,0xc6,0x39,0xe7,0x41,0xe6,0x41,0xe6,0x41,
    0xe6,0x41,0xe7,0x41,0xe7,0x41,0xe7,0x41,0xe7,0x41,0xe7,0x41,0xe7,0x41,0xc6,0x41,
    0x2b,0x6b,0x0b,0x63,0xa2,0x10,0xe7,0x41,0xe7,0x41,0xe6,0x41,0x28,0x4a,0x65,0x29,
    0x48,0x4a,0xbe,0xf7,0xff,0xff,0xff,0xff,0xff,0xff,0xff,0xff,0xff,0xff,0xff,0xff,
    0xff,0xff,0xff,0xff,0xff,0xff,0xff,0xff,0xff,0xff,0xff,0xff,0xff,0xff,0xff,0xff,
    0xff,0xff,0xff,0xff,0xff,0xff,0xff,0xff,0xff,0xff,0xff,0xff,0xff,0xff,0xff,0xff,
    0xff,0xff,0xff,0xff,0xff,0xff,0xff,0xff,0xff,0xff,0xff,0xff,0xff,0xff,0xff,0xff,
    0xff,0xff,0xff,0xff,0xff,0xff,0xff,0xff,0xff,0xff,0xff,0xff,0xff,0xff,0xff,0xff,
    0xff,0xff,0xff,0xff,0xff,0xff,0xff,0xff,0xff,0xff,0xff,0xff,0xff,0xff,0xff,0xff,
    0x6d,0x6b,0xe3,0x20,0x27,0x42,0xe7,0x41,0xe7,0x41,0x07,0x42,0xa6,0x39,0xc2,0x18,
    0xc6,0x39,0xe7,0x41,0xe6,0x41,0xe6,0x41,0xe6,0x41,0xe6,0x41,0xe6,0x41,0xe7,0x41,
    0xe6,0x41,0xe7,0x41,0xc6,0x39,0x89,0x5a,0x6d,0x73,0x85,0x31,0xa2,0x18,0x07,0x4a,
    0xe6,0x41,0xe6,0x41,0xe6,0x41,0xe6,0x41,0xe7,0x41,0xe6,0x41,0xe7,0x41,0xe7,0x41,
    0xe6,0x41,0xe7,0x41,0xe7,0x41,0xe7,0x41,0x07,0x42,0x45,0x29,0x00,0x00,0x2c,0x63,
    0x7d,0xef,0x5d,0xef,0x9e,0xf7,0x9e,0xf7,0xbe,0xf7,0xbe,0xf7,0xbf,0xff,0xdf,0xff,
    0xdf,0xff,0xbf,0xff,0xdf,0xff,0xdf,0xff,0xdf,0xff,0xdf,0xff,0xbf,0xff,0xbe,0xf7,
    0x9e,0xf7,0x7e,0xf7,0x7d,0xef,0x7d,0xef,0x7d,0xef,0x5d,0xef,0x5d,0xef,0x5d,0xef,
    0x3d,0xef,0x3c,0xe7,0x3c,0xe7,0x3c,0xe7,0x3c,0xe7,0x1c,0xe7,0x1c,0xe7,0x1c,0xe7,
    0x3c,0xe7,0x3c,0xe7,0x3c,0xe7,0x3c,0xe7,0x5d,0xef,0x5d,0xef,0x5d,0xef,0x5d,0xef,
    0xfb,0xde,0x49,0x42,0x08,0x3a,0x49,0x3a,0x28,0x3a,0x29,0x3a,0x29,0x3a,0x28,0x3a,
    0x28,0x3a,0x6a,0x42,0xaa,0x4a,0x0c,0x5b,0x6e,0x63,0x6d,0x63,0x6d,0x63,0x4d,0x63,
    0x4d,0x63,0x0c,0x5b,0xaa,0x4a,0xaa,0x4a,0xaa,0x4a,0xaa,0x4a,0xaa,0x4a,0xab,0x4a,
    0xab,0x4a,0xab,0x4a,0xab,0x4a,0xab,0x4a,0xab,0x4a,0xab,0x4a,0xab,0x4a,0xab,0x4a,
    0xab,0x4a,0xab,0x4a,0xab,0x4a,0xab,0x4a,0xab,0x4a,0xab,0x4a,0xab,0x4a,0xab,0x4a,
    0xab,0x4a,0xab,0x4a,0xab,0x4a,0xab,0x4a,0xab,0x4a,0xaa,0x4a,0x29,0x3a,0x08,0x3a,
    0x28,0x3a,0x29,0x3a,0x28,0x3a,0x28,0x3a,0x08,0x3a,0x29,0x3a,0x28,0x3a,0x69,0x42,
    0x86,0x29,0x30,0x84,0xff,0xff,0xff,0xff,0xff,0xff,0xff,0xff,0xff,0xff,0xff,0xff,
    0xff,0xff,0xff,0xff,0xff,0xff,0xff,0xff,0xff,0xff,0xff,0xff,0xff,0xff,0xff,0xff,
    0xff,0xff,0xff,0xff,0x71,0x8c,0x61,0x10,0xc2,0x18,0x07,0x42,0xe6,0x41,0xe7,0x41,
    0xe7,0x41,0xe7,0x41,0xe7,0x41,0xe7,0x41,0xe7,0x41,0xe7,0x41,0xe7,0x41,0xe7,0x41,
    0xe7,0x41,0x07,0x42,0xa6,0x39,0xa2,0x18,0xc6,0x39,0xe7,0x41,0xe7,0x41,0xe6,0x41,
    0xe6,0x41,0xe7,0x41,0xe7,0x41,0xe7,0x41,0xe7,0x41,0xe7,0x41,0xe7,0x41,0xc6,0x41,
    0x0b,0x6b,0xeb,0x62,0xa2,0x10,0xe7,0x41,0xe7,0x41,0xe7,0x41,0x07,0x42,0x48,0x4a,
    0xe3,0x18,0xae,0x73,0xff,0xff,0xdf,0xff,0xff,0xff,0xff,0xff,0xff,0xff,0xff,0xff,
    0xff,0xff,0xff,0xff,0xff,0xff,0xff,0xff,0xff,0xff,0xff,0xff,0xff,0xff,0xff,0xff,
    0xff,0xff,0xff,0xff,0xff,0xff,0xff,0xff,0xff,0xff,0xff,0xff,0xff,0xff,0xff,0xff,
    0xff,0xff,0xff,0xff,0xff,0xff,0xff,0xff,0xff,0xff,0xff,0xff,0xff,0xff,0xff,0xff,
    0xff,0xff,0xff,0xff,0xff,0xff,0xff,0xff,0xff,0xff,0xff,0xff,0xff,0xff,0xff,0xff,
    0xff,0xff,0xff,0xff,0xff,0xff,0xff,0xff,0xff,0xff,0xdf,0xff,0xff,0xff,0xb2,0x94,
    0xc3,0x18,0x07,0x42,0xe7,0x41,0xe7,0x41,0xe7,0x41,0x07,0x42,0xe6,0x39,0x03,0x21,
    0xc6,0x39,0xe7,0x41,0xe6,0x41,0xe6,0x41,0xe6,0x41,0xe7,0x41,0xe7,0x41,0xe7,0x41,
    0xe7,0x41,0xe7,0x41,0xc6,0x39,0x89,0x5a,0x6c,0x73,0x85,0x31,0xc2,0x18,0x07,0x4a,
    0xe7,0x41,0xe7,0x41,0xe6,0x41,0xe7,0x41,0xe7,0x41,0xe7,0x41,0xe6,0x41,0xe6,0x41,
    0xe7,0x41,0xe7,0x41,0xe7,0x41,0xe7,0x41,0x07,0x42,0xa6,0x39,0xa2,0x18,0x45,0x29,
    0xa6,0x31,0xc6,0x39,0xe7,0x39,0xc7,0x39,0xc7,0x39,0xc7,0x39,0xc7,0x39,0xe7,0x39,
    0xc7,0x39,0xc7,0x39,0xe7,0x39,0xe7,0x39,0xe7,0x39,0xe7,0x39,0xe7,0x39,0xe7,0x39,
    0xc7,0x39,0xc6,0x39,0xc6,0x39,0xa6,0x31,0xa6,0x31,0xa6,0x31,0xa6,0x31,0xa6,0x31,
    0xa6,0x31,0x86,0x31,0x86,0x31,0x86,0x31,0x86,0x31,0x86,0x31,0x86,0x31,0x85,0x31,
    0x86,0x31,0x86,0x31,0x86,0x31,0x86,0x31,0x86,0x31,0x85,0x31,0x65,0x29,0x85,0x29,
    0x86,0x31,0xc3,0x18,0x45,0x21,0x49,0x42,0x49,0x42,0x29,0x3a,0x28,0x3a,0x28,0x3a,
    0x28,0x3a,0x6a,0x42,0xab,0x4a,0x0c,0x5b,0x6e,0x63,0x4d,0x63,0x4d,0x63,0x4d,0x63,
    0x6d,0x63,0x2c,0x5b,0xaa,0x4a,0xaa,0x4a,0xaa,0x4a,0xaa,0x4a,0xaa,0x4a,0xab,0x4a,
    0xab,0x4a,0xab,0x4a,0xab,0x4a,0xab,0x4a,0xab,0x4a,0xab,0x4a,0xab,0x4a,0xab,0x4a,
    0xab,0x4a,0xab,0x4a,0xab,0x4a,0xab,0x4a,0xab,0x4a,0xab,0x4a,0xab,0x4a,0xab,0x4a,
    0xab,0x4a,0xab,0x4a,0xab,0x4a,0xab,0x4a,0xab,0x4a,0xab,0x4a,0x29,0x3a,0x08,0x3a,
    0x28,0x3a,0x28,0x3a,0x28,0x3a,0x28,0x3a,0x09,0x3a,0x29,0x3a,0x49,0x3a,0x28,0x3a,
    0x24,0x21,0x65,0x29,0x69,0x4a,0x8a,0x52,0xca,0x5a,0xeb,0x5a,0x0b,0x63,0x0c,0x63,
    0x2c,0x63,0x4c,0x6b,0x4c,0x6b,0x4d,0x6b,0x4d,0x6b,0x4c,0x6b,0x2c,0x63,0x2c,0x63,
    0x0c,0x63,0x0b,0x5b,0x48,0x4a,0xa2,0x10,0x45,0x29,0xe7,0x41,0xe6,0x41,0xe7,0x41,
    0xe7,0x41,0xe7,0x41,0xe7,0x41,0xe7,0x41,0xe7,0x41,0xe7,0x41,0xe7,0x41,0xe7,0x41,
    0xe6,0x41,0xe7,0x41,0xa6,0x39,0xa2,0x10,0xc6,0x39,0xe6,0x41,0xe7,0x41,0xe7,0x41,
    0xe7,0x41,0xe7,0x41,0xe7,0x41,0xe7,0x41,0xe7,0x41,0xe7,0x41,0xe7,0x41,0xc6,0x41,
    0xca,0x62,0xeb,0x62,0xc2,0x18,0x07,0x42,0xe7,0x41,0xe7,0x41,0xe7,0x41,0x07,0x42,
    0x28,0x4a,0xc2,0x18,0x96,0xb5,0xff,0xff,0xff,0xff,0xff,0xff,0xff,0xff,0xff,0xff,
    0xff,0xff,0xff,0xff,0xff,0xff,0xff,0xff,0xff,0xff,0xff,0xff,0xff,0xff,0xff,0xff,
    0xff,0xff,0xff,0xff,0xff,0xff,0xff,0xff,0xff,0xff,0xff,0xff,0xff,0xff,0xff,0xff,
    0xff,0xff,0xff,0xff,0xff,0xff,0xff,0xff,0xff,0xff,0xff,0xff,0xff,0xff,0xff,0xff,
    0xff,0xff,0xff,0xff,0xff,0xff,0xff,0xff,0xff,0xff,0xff,0xff,0xff,0xff,0xff,0xff,
    0xff,0xff,0xff,0xff,0xff,0xff,0xff,0xff,0xff,0xff,0xff,0xff,0xf7,0xbd,0x03,0x21,
    0xa6,0x39,0x07,0x42,0xe7,0x41,0xe7,0x41,0xe7,0x41,0x07,0x42,0xe6,0x41,0x03,0x21,
    0xc6,0x39,0xe7,0x41,0xe6,0x41,0xe6,0x41,0xe6,0x41,0xe7,0x41,0xe7,0x41,0xe7,0x41,
    0xe7,0x41,0xe7,0x41,0xc6,0x39,0x68,0x52,0x6c,0x73,0x85,0x31,0xc2,0x18,0x07,0x4a,
    0xe7,0x41,0xe7,0x41,0xe7,0x41,0xe7,0x41,0xe7,0x41,0xe7,0x41,0xe7,0x41,0xe7,0x41,
    0xe7,0x41,0xe7,0x41,0xe7,0x41,0xe7,0x41,0x07,0x42,0x27,0x42,0x28,0x4a,0x07,0x42,
    0xe7,0x41,0x07,0x42,0x07,0x42,0xe7,0x41,0xe7,0x41,0xe7,0x39,0xe7,0x39,0xe7,0x41,
    0xe7,0x39,0xe7,0x39,0xe7,0x39,0xe7,0x39,0xe7,0x39,0xe7,0x39,0xe7,0x39,0xe7,0x39,
    0xe7,0x41,0x07,0x42,0x07,0x42,0x07,0x42,0x07,0x42,0x07,0x42,0x07,0x42,0x07,0x42,
    0x07,0x42,0x07,0x42,0x07,0x42,0x07,0x42,0x07,0x42,0x07,0x42,0x07,0x42,0x07,0x42,
    0x07,0x42,0x07,0x42,0x07,0x42,0x28,0x42,0x28,0x42,0x07,0x42,0x65,0x29,0x44,0x29,
    0x85,0x31,0x86,0x31,0xe3,0x18,0xe3,0x18,0xa6,0x31,0x08,0x3a,0x29,0x3a,0x29,0x3a,
    0x29,0x3a,0x8a,0x4a,0xab,0x4a,0x0c,0x5b,0x6e,0x63,0x4d,0x63,0x4d,0x63,0x4d,0x63,
    0x6d,0x63,0x2c,0x5b,0xaa,0x4a,0xaa,0x4a,0xaa,0x4a,0xaa,0x4a,0xaa,0x4a,0xaa,0x4a,
    0xaa,0x4a,0xaa,0x4a,0xaa,0x4a,0xaa,0x4a,0xaa,0x4a,0xaa,0x4a,0xaa,0x4a,0xaa,0x4a,
    0xaa,0x4a,0xaa,0x4a,0xaa,0x4a,0xaa,0x4a,0xaa,0x4a,0xaa,0x4a,0xaa,0x4a,0xaa,0x4a,
    0xaa,0x4a,0xaa,0x4a,0x8a,0x4a,0x8a,0x4a,0xab,0x4a,0xaa,0x4a,0x29,0x3a,0x08,0x3a,
    0x29,0x3a,0x29,0x3a,0x29,0x3a,0x29,0x3a,0x29,0x42,0x08,0x3a,0x65,0x21,0xa2,0x10,
    0xe3,0x20,0x44,0x29,0x24,0x21,0x85,0x31,0x85,0x31,0x85,0x31,0x85,0x31,0x85,0x31,
    0x85,0x31,0x85,0x31,0x65,0x31,0x65,0x31,0x85,0x31,0x85,0x31,0x86,0x31,0x86,0x31,
    0x85,0x31,0x65,0x29,0x65,0x29,0xc6,0x39,0x27,0x42,0x07,0x42,0x07,0x42,0xe7,0x41,
    0xe6,0x41,0xe7,0x41,0xe7,0x41,0xe6,0x41,0xe6,0x41,0xe7,0x41,0xe7,0x41,0xe7,0x41,
    0xe7,0x41,0x07,0x42,0xa5,0x39,0xa2,0x10,0xa6,0x39,0xe6,0x41,0xe6,0x41,0xe6,0x41,
    0xe6,0x41,0xe7,0x41,0xe7,0x41,0xe7,0x41,0xe7,0x41,0xe7,0x41,0xe7,0x41,0xc6,0x39,
    0x89,0x52,0xeb,0x5a,0xe3,0x18,0x07,0x42,0xe7,0x41,0xe7,0x41,0xe7,0x41,0xe7,0x41,
    0x27,0x4a,0xa6,0x39,0xa6,0x31,0x3c,0xe7,0xff,0xff,0xff,0xff,0xff,0xff,0xff,0xff,
    0xff,0xff,0xff,0xff,0xff,0xff,0xff,0xff,0xff,0xff,0xff,0xff,0xff,0xff,0xff,0xff,
    0xff,0xff,0xff,0xff,0xff,0xff,0xff,0xff,0xff,0xff,0xff,0xff,0xff,0xff,0xff,0xff,
    0xff,0xff,0xff,0xff,0xff,0xff,0xff,0xff,0xff,0xff,0xff,0xff,0xff,0xff,0xff,0xff,
    0xff,0xff,0xff,0xff,0xff,0xff,0xff,0xff,0xff,0xff,0xff,0xff,0xff,0xff,0xff,0xff,
    0xff,0xff,0xff,0xff,0xff,0xff,0xff,0xff,0xff,0xff,0xfb,0xde,0xa6,0x31,0x45,0x29,
    0x07,0x4a,0xe7,0x41,0xe7,0x41,0xe7,0x41,0xe7,0x41,0x07,0x42,0xc6,0x39,0xc2,0x20,
    0xc6,0x39,0xe7,0x41,0xe6,0x41,0xe6,0x41,0xe6,0x41,0xe6,0x41,0xe7,0x41,0xe7,0x41,
    0xe7,0x41,0xe7,0x41,0xc6,0x39,0x88,0x52,0x6d,0x73,0xa6,0x39,0xc2,0x18,0x07,0x42,
    0xe6,0x41,0xe6,0x41,0xe7,0x41,0xe7,0x41,0xe7,0x41,0xe7,0x41,0xe7,0x41,0xe7,0x41,
    0xe7,0x41,0xe7,0x41,0xe7,0x41,0xe7,0x41,0x85,0x31,0x44,0x29,0x24,0x29,0x44,0x29,
    0x44,0x29,0x65,0x29,0x65,0x29,0x65,0x31,0x65,0x31,0x65,0x31,0x65,0x31,0x45,0x29,
    0x45,0x29,0x45,0x29,0x45,0x29,0x44,0x29,0x44,0x29,0x44,0x29,0x44,0x29,0x24,0x21,
    0x24,0x21,0x24,0x21,0x24,0x21,0x04,0x21,0x04,0x21,0x04,0x21,0x04,0x21,0x04,0x21,
    0x04,0x21,0x04,0x21,0x04,0x21,0x04,0x21,0x03,0x21,0x04,0x21,0x04,0x21,0x24,0x29,
    0x24,0x29,0x44,0x29,0x44,0x29,0x44,0x29,0x44,0x29,0x44,0x29,0x03,0x21,0xe3,0x20,
    0x03,0x21,0x23,0x21,0x24,0x21,0x82,0x10,0x41,0x08,0xa2,0x10,0x24,0x21,0xa6,0x31,
    0x08,0x3a,0xab,0x4a,0xec,0x52,0x2d,0x5b,0x8e,0x6b,0x6e,0x63,0x6d,0x63,0x6d,0x63,
    0x8e,0x63,0x2d,0x5b,0xab,0x4a,0xaa,0x4a,0xaa,0x4a,0xaa,0x4a,0xaa,0x4a,0xaa,0x4a,
    0xaa,0x4a,0xaa,0x4a,0xaa,0x4a,0xaa,0x4a,0xaa,0x4a,0xaa,0x4a,0xaa,0x4a,0xaa,0x4a,
    0xaa,0x4a,0xaa,0x4a,0xaa,0x4a,0x8a,0x4a,0x8a,0x4a,0x8a,0x4a,0x8a,0x4a,0x8a,0x4a,
    0xaa,0x4a,0xaa,0x4a,0xaa,0x4a,0xaa,0x4a,0xcb,0x4a,0xab,0x4a,0x49,0x42,0x49,0x42,
    0x29,0x42,0x29,0x3a,0x08,0x3a,0xa6,0x29,0x24,0x19,0x82,0x08,0x20,0x00,0xa2,0x10,
    0x23,0x21,0x03,0x21,0x44,0x29,0x85,0x31,0xa6,0x39,0xa6,0x39,0xa6,0x39,0xa6,0x39,
    0xa6,0x39,0xa6,0x39,0xc6,0x39,0xc6,0x39,0xc6,0x39,0xc6,0x39,0xa6,0x39,0xa6,0x31,
    0x85,0x31,0x85,0x31,0x65,0x31,0x65,0x31,0x85,0x31,0x07,0x42,0x07,0x42,0xe7,0x41,
    0xe7,0x41,0xe7,0x41,0xe7,0x41,0xe6,0x41,0xe6,0x41,0xe7,0x41,0xe7,0x41,0xe7,0x41,
    0xe7,0x41,0x07,0x42,0xa5,0x39,0xa2,0x10,0xa6,0x39,0xe6,0x41,0xe6,0x41,0xe6,0x41,
    0xe7,0x41,0xe7,0x41,0xe7,0x41,0xe7,0x41,0xe7,0x41,0xe6,0x41,0xe6,0x41,0xe6,0x41,
    0x48,0x4a,0xaa,0x5a,0x03,0x21,0x07,0x42,0xe7,0x41,0xe7,0x41,0xe7,0x41,0xe7,0x41,
    0xe7,0x41,0x27,0x4a,0xe3,0x20,0x0c,0x63,0xdf,0xff,0xff,0xff,0xff,0xff,0xff,0xff,
    0xff,0xff,0xff,0xff,0xff,0xff,0xff,0xff,0xff,0xff,0xff,0xff,0xff,0xff,0xff,0xff,
    0xff,0xff,0xff,0xff,0xff,0xff,0xff,0xff,0xff,0xff,0xff,0xff,0xff,0xff,0xff,0xff,
    0xff,0xff,0xff,0xff,0xff,0xff,0xff,0xff,0xff,0xff,0xff,0xff,0xff,0xff,0xff,0xff,
    0xff,0xff,0xff,0xff,0xff,0xff,0xff,0xff,0xff,0xff,0xff,0xff,0xff,0xff,0xff,0xff,
    0xff,0xff,0xff,0xff,0xff,0xff,0xff,0xff,0x9e,0xf7,0xca,0x5a,0xe3,0x18,0x08,0x42,
    0xe7,0x41,0xe7,0x41,0xe7,0x41,0xe7,0x41,0xe7,0x41,0x07,0x42,0xc6,0x39,0xe3,0x20,
    0xe7,0x41,0xe7,0x41,0xe6,0x41,0xe6,0x41,0xe6,0x41,0xe6,0x41,0xe6,0x41,0xe6,0x41,
    0xe6,0x41,0xe7,0x41,0xc6,0x39,0x68,0x52,0x8d,0x73,0xc6,0x39,0xc2,0x18,0x07,0x42,
    0xe6,0x41,0xe6,0x41,0xe7,0x41,0xe7,0x41,0xe7,0x41,0xe7,0x41,0xe7,0x41,0xe7,0x41,
    0xe7,0x41,0xe7,0x41,0x07,0x42,0x24,0x21,0xe3,0x18,0x81,0x10,0x20,0x08,0x20,0x00,
    0x20,0x00,0x20,0x00,0x20,0x00,0x20,0x00,0x20,0x00,0x20,0x00,0x20,0x00,0x20,0x00,
    0x20,0x00,0x20,0x00,0x20,0x00,0x20,0x00,0x20,0x00,0x20,0x00,0x20,0x00,0x20,0x00,
    0x20,0x00,0x20,0x00,0x20,0x00,0x20,0x00,0x20,0x00,0x20,0x00,0x20,0x00,0x40,0x00,
    0x40,0x00,0x40,0x00,0x40,0x00,0x40,0x08,0x20,0x08,0x20,0x08,0x20,0x08,0x20,0x00,
    0x20,0x00,0x20,0x00,0x20,0x00,0x20,0x00,0x20,0x00,0x20,0x00,0x40,0x08,0x40,0x08,
    0x40,0x08,0x40,0x08,0x40,0x08,0x61,0x08,0x61,0x08,0x61,0x08,0x00,0x00,0x00,0x00,
    0x20,0x00,0xa3,0x10,0x04,0x19,0xa6,0x29,0x49,0x42,0xcb,0x52,0x2c,0x5b,0x4d,0x63,
    0x8e,0x63,0x4d,0x63,0xcb,0x52,0xeb,0x52,0xcb,0x52,0xcb,0x52,0xcb,0x4a,0xcb,0x4a,
    0xcb,0x4a,0xcb,0x4a,0xab,0x4a,0xab,0x4a,0xab,0x4a,0xab,0x4a,0xab,0x4a,0xaa,0x4a,
    0xaa,0x4a,0xaa,0x4a,0xab,0x4a,0xab,0x4a,0xab,0x4a,0xcb,0x4a,0xcb,0x4a,0xcb,0x4a,
    0xcb,0x4a,0xab,0x4a,0x8a,0x4a,0x6a,0x4a,0x49,0x42,0xe8,0x39,0x66,0x29,0x04,0x21,
    0xc3,0x10,0x61,0x08,0x41,0x08,0x40,0x08,0x41,0x08,0x82,0x10,0xa2,0x10,0xa2,0x10,
    0xa1,0x10,0xa2,0x10,0xa2,0x10,0xa2,0x10,0xa2,0x10,0xa2,0x10,0xa2,0x10,0xa2,0x10,
    0xa2,0x10,0xa2,0x10,0xa2,0x10,0xa2,0x18,0xa2,0x18,0xa2,0x10,0xa2,0x10,0xa2,0x10,
    0xa2,0x10,0xa2,0x10,0xa2,0x10,0xc2,0x18,0xe3,0x20,0x03,0x21,0xc6,0x39,0xe7,0x41,
    0xe6,0x41,0xe6,0x41,0xe6,0x41,0xe6,0x41,0xe6,0x41,0xe7,0x41,0xe7,0x41,0xe7,0x41,
    0xe7,0x41,0x07,0x42,0xa5,0x39,0xa2,0x10,0xa6,0x39,0xe6,0x41,0xe6,0x41,0xe6,0x41,
    0xe6,0x41,0xe7,0x41,0xe7,0x41,0xe7,0x41,0xe7,0x41,0xe6,0x41,0xe6,0x41,0xe6,0x41,
    0x07,0x42,0x48,0x4a,0x24,0x29,0x07,0x42,0xe7,0x41,0xe7,0x41,0xe7,0x41,0xe7,0x41,
    0xe7,0x41,0xe7,0x41,0xe7,0x39,0xc2,0x18,0xf3,0x9c,0xff,0xff,0xff,0xff,0xff,0xff,
    0xff,0xff,0xff,0xff,0xff,0xff,0xff,0xff,0xff,0xff,0xff,0xff,0xff,0xff,0xff,0xff,
    0xff,0xff,0xff,0xff,0xff,0xff,0xff,0xff,0xff,0xff,0xff,0xff,0xff,0xff,0xff,0xff,
    0xff,0xff,0xff,0xff,0xff,0xff,0xff,0xff,0xff,0xff,0xff,0xff,0xff,0xff,0xff,0xff,
    0xff,0xff,0xff,0xff,0xff,0xff,0xff,0xff,0xff,0xff,0xff,0xff,0xff,0xff,0xff,0xff,
    0xff,0xff,0xff,0xff,0xff,0xff,0xff,0xff,0xef,0x7b,0xa2,0x18,0x07,0x42,0xe7,0x41,
    0xe7,0x41,0xe7,0x41,0xe7,0x41,0xe7,0x41,0xe7,0x41,0x07,0x42,0xc6,0x39,0x03,0x21,
    0x07,0x42,0x07,0x42,0xe7,0x41,0xe6,0x41,0xe6,0x41,0xe6,0x41,0xe6,0x41,0xe6,0x41,
    0xe6,0x41,0xe7,0x41,0xc6,0x41,0x68,0x52,0xad,0x7b,0xc6,0x39,0xc2,0x18,0x07,0x42,
    0xe6,0x41,0xe6,0x41,0xe7,0x41,0xe7,0x41,0xe7,0x41,0xe7,0x41,0xe7,0x41,0xe7,0x41,
    0xe7,0x41,0x07,0x42,0xa6,0x39,0x82,0x10,0x03,0x21,0x4d,0x6b,0x8e,0x73,0x4d,0x6b,
    0x2c,0x63,0x2c,0x63,0x2c,0x63,0x2c,0x63,0x2c,0x63,0x2c,0x63,0x2c,0x63,0x2c,0x63,
    0x2c,0x63,0x0c,0x63,0x0c,0x63,0x0c,0x63,0x0c,0x63,0x0c,0x63,0x0c,0x63,0x0c,0x63,
    0x0c,0x63,0x0c,0x63,0x0b,0x5b,0x0b,0x5b,0xeb,0x5a,0xeb,0x5a,0xeb,0x5a,0xeb,0x5a,
    0xeb,0x5a,0xeb,0x5a,0xeb,0x5a,0xeb,0x5a,0x0b,0x5b,0x0b,0x63,0x0c,0x63,0x0c,0x63,
    0x0c,0x63,0x0c,0x63,0x2c,0x63,0x2c,0x63,0x4c,0x63,0x4c,0x6b,0x4d,0x6b,0x4d,0x6b,
    0x4d,0x6b,0x4d,0x6b,0x4c,0x6b,0x2c,0x63,0x2c,0x63,0x2c,0x63,0x2c,0x63,0x0c,0x63,
    0xcb,0x5a,0x8a,0x52,0x49,0x4a,0x8a,0x52,0xca,0x52,0x69,0x4a,0x08,0x42,0xc7,0x31,
    0xc7,0x31,0xc7,0x31,0x86,0x29,0xa6,0x29,0xa6,0x31,0xc7,0x31,0xe7,0x31,0x08,0x3a,
    0x28,0x3a,0x29,0x42,0x49,0x42,0x49,0x42,0x49,0x42,0x69,0x42,0x69,0x42,0x69,0x42,
    0x69,0x42,0x69,0x42,0x49,0x42,0x49,0x3a,0x08,0x3a,0xe7,0x31,0xa7,0x29,0x86,0x29,
    0x86,0x29,0x65,0x29,0x45,0x21,0x65,0x29,0xe7,0x39,0x49,0x4a,0x49,0x4a,0x08,0x42,
    0xe7,0x39,0xe7,0x39,0x08,0x42,0x28,0x42,0x08,0x42,0xe7,0x39,0xe7,0x39,0xc7,0x39,
    0xa6,0x31,0x86,0x31,0x85,0x31,0x65,0x29,0x65,0x29,0x45,0x29,0x24,0x21,0x24,0x21,
    0x24,0x21,0x04,0x21,0x04,0x21,0x04,0x21,0x04,0x21,0x03,0x21,0x03,0x21,0x03,0x21,
    0x03,0x21,0x04,0x21,0x24,0x21,0x65,0x29,0x44,0x29,0xa2,0x10,0x03,0x21,0x07,0x42,
    0xe7,0x41,0xe7,0x41,0xe7,0x41,0xe7,0x41,0xe7,0x41,0xe7,0x41,0xe7,0x41,0xe7,0x41,
    0xe7,0x41,0x07,0x42,0xa5,0x39,0xa2,0x10,0xa6,0x39,0xe7,0x41,0xe6,0x41,0xe6,0x41,
    0xe6,0x41,0xe7,0x41,0xe7,0x41,0xe7,0x41,0xe6,0x41,0xe6,0x41,0xe6,0x41,0xe6,0x41,
    0xe7,0x41,0xc6,0x39,0x44,0x29,0x07,0x42,0xe6,0x41,0xe6,0x41,0xe7,0x41,0xe7,0x41,
    0xe7,0x41,0xe7,0x41,0x07,0x42,0x85,0x31,0x65,0x29,0x99,0xce,0xff,0xff,0xff,0xff,
    0xff,0xff,0xff,0xff,0xff,0xff,0xff,0xff,0xff,0xff,0xff,0xff,0xff,0xff,0xff,0xff,
    0xff,0xff,0xff,0xff,0xff,0xff,0xff,0xff,0xff,0xff,0xff,0xff,0xff,0xff,0xff,0xff,
    0xff,0xff,0xff,0xff,0xff,0xff,0xff,0xff,0xff,0xff,0xff,0xff,0xff,0xff,0xff,0xff,
    0xff,0xff,0xff,0xff,0xff,0xff,0xff,0xff,0xff,0xff,0xff,0xff,0xff,0xff,0xff,0xff,
    0xff,0xff,0xff,0xff,0xff,0xff,0x55,0xad,0xc3,0x18,0xc6,0x39,0x07,0x42,0xe7,0x41,
    0xe7,0x41,0xe7,0x41,0xe7,0x41,0xe7,0x41,0xe7,0x41,0x07,0x42,0xa6,0x39,0x24,0x29,
    0x07,0x42,0xe7,0x41,0xe6,0x41,0xe6,0x41,0xe6,0x41,0xc6,0x39,0xe6,0x41,0xe7,0x41,
    0xe7,0x41,0xe7,0x41,0xe6,0x41,0x48,0x4a,0xad,0x7b,0xc6,0x39,0xe3,0x20,0x07,0x42,
    0xe6,0x41,0xe6,0x41,0xe7,0x41,0xe7,0x41,0xe7,0x41,0xe7,0x41,0xe7,0x41,0xe7,0x41,
    0xe7,0x41,0x07,0x42,0x24,0x29,0x20,0x00,0x8a,0x52,0xff,0xff,0xff,0xff,0xff,0xff,
    0xff,0xff,0xff,0xff,0xff,0xff,0xff,0xff,0xff,0xff,0xff,0xff,0xff,0xff,0xff,0xff,
    0xff,0xff,0xff,0xff,0xff,0xff,0xff,0xff,0xff,0xff,0xff,0xff,0xff,0xff,0xff,0xff,
    0xff,0xff,0xff,0xff,0xff,0xff,0xff,0xff,0xff,0xff,0xff,0xff,0xff,0xff,0xff,0xff,
    0xff,0xff,0xff,0xff,0xff,0xff,0xff,0xff,0xff,0xff,0xff,0xff,0xff,0xff,0xff,0xff,
    0xff,0xff,0xff,0xff,0xff,0xff,0xff,0xff,0xff,0xff,0xff,0xff,0xff,0xff,0xff,0xff,
    0xff,0xff,0xff,0xff,0xff,0xff,0xff,0xff,0xff,0xff,0xff,0xff,0xff,0xff,0xff,0xff,
    0xff,0xff,0xff,0xff,0xdf,0xff,0xdf,0xff,0xbe,0xf7,0x5d,0xef,0xda,0xd6,0x58,0xce,
    0xb6,0xb5,0xf3,0x9c,0x30,0x84,0x8e,0x73,0x2c,0x63,0xcb,0x5a,0x69,0x4a,0x49,0x42,
    0x08,0x42,0xe7,0x39,0xc7,0x39,0xc7,0x31,0xa6,0x31,0xa6,0x29,0x86,0x29,0xa6,0x31,
    0xa7,0x31,0xc7,0x31,0xc7,0x39,0x08,0x3a,0x49,0x42,0x8a,0x52,0x0c,0x5b,0x8d,0x6b,
    0x0f,0x84,0xd2,0x94,0x95,0xb5,0x58,0xce,0xda,0xde,0x5d,0xef,0x9e,0xf7,0x9d,0xf7,
    0x9d,0xef,0x7d,0xef,0x5d,0xef,0x5d,0xef,0x3c,0xe7,0x3c,0xe7,0x1c,0xe7,0x1c,0xe7,
    0xfb,0xde,0xdb,0xde,0xdb,0xde,0xda,0xd6,0xba,0xd6,0x9a,0xd6,0x79,0xce,0x79,0xce,
    0x79,0xce,0x59,0xce,0x58,0xce,0x38,0xc6,0x38,0xc6,0x38,0xc6,0x38,0xc6,0x38,0xc6,
    0x38,0xc6,0x58,0xce,0x59,0xce,0x9a,0xd6,0xb2,0x94,0x81,0x10,0xa2,0x10,0xa6,0x39,
    0x07,0x42,0xe6,0x41,0xe6,0x41,0xe6,0x41,0xe7,0x41,0xe6,0x41,0xe6,0x41,0xe6,0x41,
    0xe7,0x41,0x07,0x42,0xa6,0x39,0x81,0x10,0xc6,0x39,0x07,0x42,0x07,0x42,0x07,0x42,
    0x07,0x42,0x07,0x42,0x07,0x42,0x07,0x42,0x07,0x42,0x07,0x42,0x07,0x42,0x07,0x42,
    0x27,0x4a,0xc6,0x39,0x44,0x29,0x07,0x42,0xe6,0x41,0xe6,0x41,0xe7,0x41,0xe7,0x41,
    0xe7,0x41,0xe7,0x41,0xe7,0x41,0x07,0x42,0x03,0x21,0x8a,0x52,0x9e,0xf7,0xff,0xff,
    0xff,0xff,0xff,0xff,0xff,0xff,0xff,0xff,0xff,0xff,0xff,0xff,0xff,0xff,0xff,0xff,
    0xff,0xff,0xff,0xff,0xff,0xff,0xff,0xff,0xff,0xff,0xff,0xff,0xff,0xff,0xff,0xff,
    0xff,0xff,0xff,0xff,0xff,0xff,0xff,0xff,0xff,0xff,0xff,0xff,0xff,0xff,0xff,0xff,
    0xff,0xff,0xff,0xff,0xff,0xff,0xff,0xff,0xff,0xff,0xff,0xff,0xff,0xff,0xff,0xff,
    0xff,0xff,0xff,0xff,0xba,0xd6,0x65,0x29,0xa6,0x39,0x07,0x42,0xe7,0x41,0xe7,0x41,
    0xe7,0x41,0xe7,0x41,0xe7,0x41,0xe7,0x41,0xe7,0x41,0xe7,0x41,0xc6,0x41,0xc6,0x39,
    0xa6,0x39,0x44,0x29,0x24,0x21,0x03,0x21,0x03,0x21,0xe3,0x20,0xe3,0x18,0xe3,0x18,
    0xc2,0x18,0xc2,0x18,0xc2,0x18,0xe3,0x20,0x65,0x31,0x85,0x31,0xa6,0x39,0xe7,0x41,
    0xe7,0x41,0xe7,0x41,0xe7,0x41,0xe7,0x41,0xe7,0x41,0xe7,0x41,0xe7,0x41,0xe7,0x41,
    0xe7,0x41,0xc6,0x39,0xc2,0x18,0x81,0x10,0x34,0xa5,0xff,0xff,0xdf,0xff,0xff,0xff,
    0xff,0xff,0xff,0xff,0xff,0xff,0xff,0xff,0xff,0xff,0xff,0xff,0xff,0xff,0xff,0xff,
    0xff,0xff,0xff,0xff,0xff,0xff,0xff,0xff,0xff,0xff,0xff,0xff,0xff,0xff,0xff,0xff,
    0xff,0xff,0xff,0xff,0xff,0xff,0xff,0xff,0xff,0xff,0xff,0xff,0xff,0xff,0xff,0xff,
    0xff,0xff,0xff,0xff,0xff,0xff,0xff,0xff,0xff,0xff,0xff,0xff,0xff,0xff,0xff,0xff,
    0xff,0xff,0xff,0xff,0xff,0xff,0xff,0xff,0xff,0xff,0xff,0xff,0xff,0xff,0xff,0xff,
    0xff,0xff,0xff,0xff,0xff,0xff,0xff,0xff,0xff,0xff,0xff,0xff,0xff,0xff,0xff,0xff,
    0xff,0xff,0xff,0xff,0xff,0xff,0xff,0xff,0xff,0xff,0xff,0xff,0xff,0xff,0xff,0xff,
    0xff,0xff,0xff,0xff,0xff,0xff,0xff,0xff,0xff,0xff,0xdf,0xff,0x9e,0xf7,0x5d,0xef,
    0x1c,0xe7,0xfb,0xde,0xba,0xde,0xba,0xd6,0x9a,0xd6,0x7a,0xd6,0x79,0xce,0x9a,0xd6,
    0x9a,0xd6,0xba,0xd6,0xdb,0xde,0x1c,0xe7,0x5d,0xef,0xbe,0xf7,0xff,0xff,0xff,0xff,
    0xff,0xff,0xff,0xff,0xff,0xff,0xff,0xff,0xff,0xff,0xff,0xff,0xff,0xff,0xff,0xff,
    0xff,0xff,0xff,0xff,0xff,0xff,0xff,0xff,0xff,0xff,0xff,0xff,0xff,0xff,0xff,0xff,
    0xff,0xff,0xff,0xff,0xff,0xff,0xff,0xff,0xff,0xff,0xff,0xff,0xff,0xff,0xff,0xff,
    0xff,0xff,0xff,0xff,0xff,0xff,0xff,0xff,0xff,0xff,0xff,0xff,0xff,0xff,0xff,0xff,
    0xff,0xff,0xff,0xff,0xff,0xff,0xff,0xff,0xdf,0xff,0x07,0x42,0x41,0x08,0x24,0x21,
    0x07,0x42,0xe6,0x41,0xe6,0x41,0xe6,0x41,0xe7,0x41,0xe6,0x41,0xe6,0x41,0xe6,0x41,
    0xe7,0x41,0xe7,0x41,0xc6,0x41,0x23,0x29,0x85,0x39,0xa5,0x39,0xa5,0x39,0xa6,0x39,
    0xa6,0x39,0xa6,0x31,0x86,0x31,0x85,0x31,0x85,0x31,0x85,0x31,0x85,0x31,0x85,0x31,
    0x85,0x31,0x85,0x31,0xa5,0x39,0xe7,0x41,0xe7,0x41,0xe7,0x41,0xe7,0x41,0xe7,0x41,
    0xe7,0x41,0xe7,0x41,0x07,0x42,0xe7,0x39,0xe7,0x39,0x03,0x21,0x51,0x8c,0xff,0xff,
    0xff,0xff,0xff,0xff,0xff,0xff,0xff,0xff,0xff,0xff,0xff,0xff,0xff,0xff,0xff,0xff,
    0xff,0xff,0xff,0xff,0xff,0xff,0xff,0xff,0xff,0xff,0xff,0xff,0xff,0xff,0xff,0xff,
    0xff,0xff,0xff,0xff,0xff,0xff,0xff,0xff,0xff,0xff,0xff,0xff,0xff,0xff,0xff,0xff,
    0xff,0xff,0xff,0xff,0xff,0xff,0xff,0xff,0xff,0xff,0xff,0xff,0xff,0xff,0xff,0xff,
    0xff,0xff,0x7d,0xef,0xe7,0x39,0x44,0x29,0x28,0x4a,0xe7,0x41,0xe7,0x41,0xe7,0x41,
    0xe7,0x41,0xe7,0x41,0xe7,0x41,0xe7,0x41,0xe7,0x41,0xe7,0x41,0xe7,0x41,0xe7,0x41,
    0xe7,0x41,0xc6,0x41,0xc6,0x39,0xc6,0x39,0xa6,0x39,0xa6,0x39,0x85,0x31,0x85,0x31,
    0x85,0x31,0x85,0x31,0x85,0x31,0x85,0x31,0x85,0x31,0xc6,0x39,0xe7,0x41,0xe6,0x41,
    0xe7,0x41,0xe7,0x41,0xe7,0x41,0xe7,0x41,0xe7,0x41,0xe7,0x41,0xe7,0x41,0xe7,0x41,
    0x07,0x42,0x85,0x31,0x81,0x10,0x28,0x42,0x7d,0xef,0xff,0xff,0xff,0xff,0xff,0xff,
    0xff,0xff,0xff,0xff,0xff,0xff,0xff,0xff,0xff,0xff,0xff,0xff,0xff,0xff,0xff,0xff,
    0xff,0xff,0xff,0xff,0xff,0xff,0xff,0xff,0xff,0xff,0xff,0xff,0xff,0xff,0xff,0xff,
    0xff,0xff,0xff,0xff,0xff,0xff,0xff,0xff,0xff,0xff,0xff,0xff,0xff,0xff,0xff,0xff,
    0xff,0xff,0xff,0xff,0xff,0xff,0xff,0xff,0xff,0xff,0xff,0xff,0xff,0xff,0xff,0xff,
    0xff,0xff,0xff,0xff,0xff,0xff,0xff,0xff,0xff,0xff,0xff,0xff,0xff,0xff,0xff,0xff,
    0xff,0xff,0xff,0xff,0xff,0xff,0xff,0xff,0xff,0xff,0xff,0xff,0xff,0xff,0xff,0xff,
    0xff,0xff,0xff,0xff,0xff,0xff,0xff,0xff,0xff,0xff,0xff,0xff,0xff,0xff,0xff,0xff,
    0xff,0xff,0xff,0xff,0xff,0xff,0xff,0xff,0xff,0xff,0xff,0xff,0xff,0xff,0xff,0xff,
    0xff,0xff,0xff,0xff,0xff,0xff,0xff,0xff,0xff,0xff,0xff,0xff,0xff,0xff,0xff,0xff,
    0xff,0xff,0xff,0xff,0xff,0xff,0xff,0xff,0xff,0xff,0xff,0xff,0xff,0xff,0xff,0xff,
    0xff,0xff,0xff,0xff,0xff,0xff,0xff,0xff,0xff,0xff,0xff,0xff,0xff,0xff,0xff,0xff,
    0xff,0xff,0xff,0xff,0xff,0xff,0xff,0xff,0xff,0xff,0xff,0xff,0xff,0xff,0xff,0xff,
    0xff,0xff,0xff,0xff,0xff,0xff,0xff,0xff,0xff,0xff,0xff,0xff,0xff,0xff,0xff,0xff,
    0xff,0xff,0xff,0xff,0xff,0xff,0xff,0xff,0xff,0xff,0xff,0xff,0xff,0xff,0xff,0xff,
    0xff,0xff,0xff,0xff,0xff,0xff,0xdf,0xff,0xff,0xff,0x91,0x94,0x20,0x00,0xc2,0x18,
    0xe6,0x41,0xe7,0x41,0xe7,0x41,0xe7,0x41,0xe7,0x41,0xe7,0x41,0xe7,0x41,0xe7,0x41,
    0xe7,0x41,0xe7,0x41,0xe6,0x41,0xc6,0x41,0x85,0x31,0x44,0x29,0x24,0x29,0x03,0x21,
    0x03,0x21,0xe3,0x20,0xe3,0x18,0xe3,0x18,0xc3,0x18,0xc2,0x18,0xc2,0x18,0xc2,0x18,
    0xe3,0x20,0x65,0x31,0xe7,0x41,0xe7,0x41,0xe7,0x41,0xe7,0x41,0xe7,0x41,0xe7,0x41,
    0xe7,0x41,0xe7,0x41,0x07,0x42,0xe7,0x41,0x07,0x42,0xe7,0x41,0x65,0x29,0x18,0xc6,
    0xff,0xff,0xff,0xff,0xff,0xff,0xff,0xff,0xff,0xff,0xff,0xff,0xff,0xff,0xff,0xff,
    0xff,0xff,0xff,0xff,0xff,0xff,0xff,0xff,0xff,0xff,0xff,0xff,0xff,0xff,0xff,0xff,
    0xff,0xff,0xff,0xff,0xff,0xff,0xff,0xff,0xff,0xff,0xff,0xff,0xff,0xff,0xff,0xff,
    0xff,0xff,0xff,0xff,0xff,0xff,0xff,0xff,0xff,0xff,0xff,0xff,0xff,0xff,0xff,0xff,
    0xff,0xff,0xeb,0x5a,0xe3,0x20,0x28,0x4a,0xe7,0x41,0xe7,0x41,0xe7,0x41,0xe7,0x41,
    0xe7,0x41,0xe7,0x41,0xe7,0x41,0xe7,0x41,0xe7,0x41,0xe7,0x41,0xe7,0x41,0xe7,0x41,
    0xe7,0x41,0xe7,0x41,0xe7,0x41,0x07,0x42,0x07,0x42,0x07,0x42,0x07,0x42,0x07,0x42,
    0x07,0x42,0x07,0x42,0x07,0x42,0x07,0x42,0xe7,0x41,0xe7,0x41,0xe7,0x41,0xe7,0x41,
    0xe7,0x41,0xe7,0x41,0xe7,0x41,0xe6,0x41,0xe7,0x41,0xe7,0x41,0xe7,0x41,0x07,0x42,
    0xe7,0x39,0xe3,0x20,0xa2,0x10,0xf3,0x9c,0xff,0xff,0xff,0xff,0xff,0xff,0xff,0xff,
    0xff,0xff,0xff,0xff,0xff,0xff,0xff,0xff,0xff,0xff,0xff,0xff,0xff,0xff,0xff,0xff,
    0xff,0xff,0xff,0xff,0xff,0xff,0xff,0xff,0xff,0xff,0xff,0xff,0xff,0xff,0xff,0xff,
    0xff,0xff,0xff,0xff,0xff,0xff,0xff,0xff,0xff,0xff,0xff,0xff,0xff,0xff,0xff,0xff,
    0xff,0xff,0xff,0xff,0xff,0xff,0xff,0xff,0xff,0xff,0xff,0xff,0xff,0xff,0xff,0xff,
    0xff,0xff,0xff,0xff,0xff,0xff,0xff,0xff,0xff,0xff,0xff,0xff,0xff,0xff,0xff,0xff,
    0xff,0xff,0xff,0xff,0xff,0xff,0xff,0xff,0xff,0xff,0xff,0xff,0xff,0xff,0xff,0xff,
    0xff,0xff,0xff,0xff,0xff,0xff,0xff,0xff,0xff,0xff,0xff,0xff,0xff,0xff,0xff,0xff,
    0xff,0xff,0xff,0xff,0xff,0xff,0xff,0xff,0xff,0xff,0xff,0xff,0xff,0xff,0xff,0xff,
    0xff,0xff,0xff,0xff,0xff,0xff,0xff,0xff,0xff,0xff,0xff,0xff,0xff,0xff,0xff,0xff,
    0xff,0xff,0xff,0xff,0xff,0xff,0xff,0xff,0xff,0xff,0xff,0xff,0xff,0xff,0xff,0xff,
    0xff,0xff,0xff,0xff,0xff,0xff,0xff,0xff,0xff,0xff,0xff,0xff,0xff,0xff,0xff,0xff,
    0xff,0xff,0xff,0xff,0xff,0xff,0xff,0xff,0xff,0xff,0xff,0xff,0xff,0xff,0xff,0xff,
    0xff,0xff,0xff,0xff,0xff,0xff,0xff,0xff,0xff,0xff,0xff,0xff,0xff,0xff,0xff,0xff,
    0xff,0xff,0xff,0xff,0xff,0xff,0xff,0xff,0xff,0xff,0xff,0xff,0xff,0xff,0xff,0xff,
    0xff,0xff,0xff,0xff,0xff,0xff,0xff,0xff,0xff,0xff,0xfb,0xde,0x24,0x21,0x81,0x10,
    0x65,0x31,0x07,0x42,0xe7,0x41,0xe7,0x41,0xe7,0x41,0xe6,0x41,0xe6,0x41,0xe6,0x41,
    0xe7,0x41,0xe7,0x41,0xe7,0x41,0xe7,0x41,0xe7,0x41,0xe7,0x41,0xe7,0x41,0xe7,0x41,
    0xe7,0x41,0xe7,0x41,0xe6,0x41,0xe6,0x41,0xe7,0x41,0xe7,0x41,0xe7,0x41,0xe7,0x41,
    0x07,0x42,0xe7,0x41,0xe7,0x41,0xe7,0x41,0xe7,0x41,0xe7,0x41,0xe7,0x41,0xe7,0x41,
    0xe7,0x41,0xe7,0x41,0xe7,0x41,0xe7,0x41,0x07,0x42,0x28,0x4a,0xa5,0x31,0x48,0x4a,
    0x7d,0xef,0xff,0xff,0xff,0xff,0xff,0xff,0xff,0xff,0xff,0xff,0xff,0xff,0xff,0xff,
    0xff,0xff,0xff,0xff,0xff,0xff,0xff,0xff,0xff,0xff,0xff,0xff,0xff,0xff,0xff,0xff,
    0xff,0xff,0xff,0xff,0xff,0xff,0xff,0xff,0xff,0xff,0xff,0xff,0xff,0xff,0xff,0xff,
    0xff,0xff,0xff,0xff,0xff,0xff,0xff,0xff,0xff,0xff,0xff,0xff,0xff,0xff,0xff,0xff,
    0x0f,0x84,0xc2,0x18,0x28,0x4a,0x07,0x4a,0x07,0x42,0x07,0x42,0xe7,0x41,0xe7,0x41,
    0xe7,0x41,0xe7,0x41,0xe7,0x41,0xe7,0x41,0xe7,0x41,0xe7,0x41,0xe7,0x41,0xe7,0x41,
    0xe7,0x41,0xe7,0x41,0xe7,0x41,0xe7,0x41,0xe7,0x41,0xe7,0x41,0xe7,0x41,0xe7,0x41,
    0xe7,0x41,0xe7,0x41,0xe7,0x41,0xe7,0x41,0xe6,0x41,0xe6,0x41,0xe7,0x41,0xe7,0x41,
    0xe7,0x41,0xe7,0x41,0xe7,0x41,0xe7,0x41,0xe7,0x41,0xe7,0x41,0xe7,0x41,0x07,0x42,
    0x85,0x31,0x81,0x08,0x07,0x42,0x5d,0xef,0xff,0xff,0xff,0xff,0xff,0xff,0xff,0xff,
    0xff,0xff,0xff,0xff,0xff,0xff,0xff,0xff,0xff,0xff,0xff,0xff,0xff,0xff,0xff,0xff,
    0xff,0xff,0xff,0xff,0xff,0xff,0xff,0xff,0xff,0xff,0xff,0xff,0xff,0xff,0xff,0xff,
    0xff,0xff,0xff,0xff,0xff,0xff,0xff,0xff,0xff,0xff,0xff,0xff,0xff,0xff,0xff,0xff,
    0xff,0xff,0xff,0xff,0xff,0xff,0xff,0xff,0xff,0xff,0xff,0xff,0xff,0xff,0xff,0xff,
    0xff,0xff,0xff,0xff,0xff,0xff,0xff,0xff,0xff,0xff,0xff,0xff,0xff,0xff,0xff,0xff,
    0xff,0xff,0xff,0xff,0xff,0xff,0xff,0xff,0xff,0xff,0xff,0xff,0xff,0xff,0xff,0xff,
    0xff,0xff,0xff,0xff,0xff,0xff,0xff,0xff,0xff,0xff,0xff,0xff,0xff,0xff,0xff,0xff,
    0xff,0xff,0xff,0xff,0xff,0xff,0xff,0xff,0xff,0xff,0xff,0xff,0xff,0xff,0xff,0xff,
    0xff,0xff,0xff,0xff,0xff,0xff,0xff,0xff,0xff,0xff,0xff,0xff,0xff,0xff,0xff,0xff,
    0xff,0xff,0xff,0xff,0xff,0xff,0xff,0xff,0xff,0xff,0xff,0xff,0xff,0xff,0xff,0xff,
    0xff,0xff,0xff,0xff,0xff,0xff,0xff,0xff,0xff,0xff,0xff,0xff,0xff,0xff,0xff,0xff,
    0xff,0xff,0xff,0xff,0xff,0xff,0xff,0xff,0xff,0xff,0xff,0xff,0xff,0xff,0xff,0xff,
    0xff,0xff,0xff,0xff,0xff,0xff,0xff,0xff,0xff,0xff,0xff,0xff,0xff,0xff,0xff,0xff,
    0xff,0xff,0xff,0xff,0xff,0xff,0xff,0xff,0xff,0xff,0xff,0xff,0xff,0xff,0xff,0xff,
    0xff,0xff,0xff,0xff,0xff,0xff,0xff,0xff,0xff,0xff,0xff,0xff,0x6d,0x6b,0x61,0x08,
    0x03,0x21,0x07,0x42,0xe7,0x41,0xe7,0x41,0xe6,0x41,0xe6,0x41,0xe6,0x41,0xe6,0x41,
    0xe7,0x41,0xe7,0x41,0xe7,0x41,0xe7,0x41,0xe7,0x41,0xe7,0x41,0xe7,0x41,0xe7,0x41,
    0xe7,0x41,0xe7,0x41,0xe7,0x41,0xe7,0x41,0xe7,0x41,0xe7,0x41,0xe7,0x41,0xe7,0x41,
    0xe7,0x41,0xe7,0x41,0xe7,0x41,0xe7,0x41,0xe7,0x41,0xe7,0x41,0xe7,0x41,0xe7,0x41,
    0xe7,0x41,0xe7,0x41,0xe7,0x41,0x07,0x42,0x07,0x42,0x07,0x42,0x48,0x4a,0x24,0x29,
    0xae,0x73,0xff,0xff,0xff,0xff,0xff,0xff,0xff,0xff,0xff,0xff,0xff,0xff,0xff,0xff,
    0xff,0xff,0xff,0xff,0xff,0xff,0xff,0xff,0xff,0xff,0xff,0xff,0xff,0xff,0xff,0xff,
    0xff,0xff,0xff,0xff,0xff,0xff,0xff,0xff,0xff,0xff,0xff,0xff,0xff,0xff,0xff,0xff,
    0xff,0xff,0xff,0xff,0xff,0xff,0xff,0xff,0xff,0xff,0xff,0xff,0xff,0xff,0x34,0xa5,
    0xa2,0x10,0xc6,0x39,0xe7,0x39,0x85,0x31,0x85,0x31,0xe6,0x39,0xe7,0x41,0xe7,0x41,
    0xe7,0x41,0xe7,0x41,0xe7,0x41,0xe7,0x41,0xe7,0x41,0xe7,0x41,0xe7,0x41,0xe7,0x41,
    0xe7,0x41,0xe7,0x41,0xe7,0x41,0xe7,0x41,0xe7,0x41,0xe7,0x41,0xe7,0x41,0xe7,0x41,
    0xe7,0x41,0xe7,0x41,0xe7,0x41,0xe7,0x41,0xe6,0x41,0xe6,0x41,0xe6,0x41,0xe7,0x41,
    0x07,0x42,0x07,0x42,0x07,0x42,0x07,0x42,0xe7,0x41,0xe6,0x41,0xe7,0x41,0xe7,0x41,
    0xc3,0x18,0x82,0x10,0xb2,0x94,0xff,0xff,0xff,0xff,0xff,0xff,0xff,0xff,0xff,0xff,
    0xff,0xff,0xff,0xff,0xff,0xff,0xff,0xff,0xff,0xff,0xff,0xff,0xff,0xff,0xff,0xff,
    0xff,0xff,0xff,0xff,0xff,0xff,0xff,0xff,0xff,0xff,0xff,0xff,0xff,0xff,0xff,0xff,
    0xff,0xff,0xff,0xff,0xff,0xff,0xff,0xff,0xff,0xff,0xff,0xff,0xff,0xff,0xff,0xff,
    0xff,0xff,0xff,0xff,0xff,0xff,0xff,0xff,0xff,0xff,0xff,0xff,0xff,0xff,0xff,0xff,
    0xff,0xff,0xff,0xff,0xff,0xff,0xff,0xff,0xff,0xff,0xff,0xff,0xff,0xff,0xff,0xff,
    0xff,0xff,0xff,0xff,0xff,0xff,0xff,0xff,0xff,0xff,0xff,0xff,0xff,0xff,0xff,0xff,
    0xff,0xff,0xff,0xff,0xff,0xff,0xff,0xff,0xff,0xff,0xff,0xff,0xff,0xff,0xff,0xff,
    0xff,0xff,0xff,0xff,0xff,0xff,0xff,0xff,0xff,0xff,0xff,0xff,0xff,0xff,0xff,0xff,
    0xff,0xff,0xff,0xff,0xff,0xff,0xff,0xff,0xff,0xff,0xff,0xff,0xff,0xff,0xff,0xff,
    0xff,0xff,0xff,0xff,0xff,0xff,0xff,0xff,0xff,0xff,0xff,0xff,0xff,0xff,0xff,0xff,
    0xff,0xff,0xff,0xff,0xff,0xff,0xff,0xff,0xff,0xff,0xff,0xff,0xff,0xff,0xff,0xff,
    0xff,0xff,0xff,0xff,0xff,0xff,0xff,0xff,0xff,0xff,0xff,0xff,0xff,0xff,0xff,0xff,
    0xff,0xff,0xff,0xff,0xff,0xff,0xff,0xff,0xff,0xff,0xff,0xff,0xff,0xff,0xff,0xff,
    0xff,0xff,0xff,0xff,0xff,0xff,0xff,0xff,0xff,0xff,0xff,0xff,0xff,0xff,0xff,0xff,
    0xff,0xff,0xff,0xff,0xff,0xff,0xff,0xff,0xff,0xff,0xff,0xff,0x18,0xc6,0x04,0x21,
    0xc2,0x18,0xa6,0x39,0x07,0x42,0xe6,0x41,0xe7,0x41,0xe6,0x41,0xe7,0x41,0xe7,0x41,
    0x07,0x42,0x07,0x42,0x07,0x42,0xe6,0x41,0x07,0x42,0x07,0x42,0xe7,0x41,0xe7,0x41,
    0xe7,0x41,0xe7,0x41,0xe7,0x41,0xe7,0x41,0xe7,0x41,0xe7,0x41,0xe7,0x41,0xe7,0x41,
    0xe7,0x41,0xe7,0x41,0xe7,0x41,0xe7,0x41,0xe7,0x41,0xe7,0x41,0xe7,0x41,0xe7,0x41,
    0xe7,0x41,0xe7,0x41,0x07,0x42,0x07,0x4a,0x27,0x4a,0x27,0x4a,0x48,0x4a,0x48,0x4a,
    0xc2,0x18,0x55,0xad,0xff,0xff,0xff,0xff,0xff,0xff,0xff,0xff,0xff,0xff,0xff,0xff,
    0xff,0xff,0xff,0xff,0xff,0xff,0xff,0xff,0xff,0xff,0xff,0xff,0xff,0xff,0xff,0xff,
    0xff,0xff,0xff,0xff,0xff,0xff,0xff,0xff,0xff,0xff,0xff,0xff,0xff,0xff,0xff,0xff,
    0xff,0xff,0xff,0xff,0xff,0xff,0xff,0xff,0xff,0xff,0xff,0xff,0x17,0xc6,0x24,0x21,
    0xa6,0x31,0x27,0x42,0x65,0x29,0xc2,0x18,0x03,0x21,0xc6,0x39,0x07,0x42,0x07,0x42,
    0x07,0x42,0x07,0x42,0x07,0x42,0x07,0x42,0x07,0x42,0x07,0x42,0x07,0x42,0x07,0x42,
    0x07,0x42,0x07,0x42,0x07,0x42,0x07,0x42,0x07,0x42,0x07,0x42,0x07,0x42,0x07,0x42,
    0x07,0x42,0x07,0x42,0x07,0x42,0x07,0x42,0xe7,0x41,0xe7,0x41,0x07,0x42,0x07,0x42,
    0x07,0x42,0xe7,0x41,0x03,0x21,0xe2,0x18,0xa5,0x31,0xe7,0x41,0x07,0x42,0x64,0x29,
    0x40,0x08,0xc6,0x39,0x3c,0xe7,0xff,0xff,0xff,0xff,0xff,0xff,0xff,0xff,0xff,0xff,
    0xff,0xff,0xff,0xff,0xff,0xff,0xff,0xff,0xff,0xff,0xff,0xff,0xff,0xff,0xff,0xff,
    0xff,0xff,0xff,0xff,0xff,0xff,0xff,0xff,0xff,0xff,0xff,0xff,0xff,0xff,0xff,0xff,
    0xff,0xff,0xff,0xff,0xff,0xff,0xff,0xff,0xff,0xff,0xff,0xff,0xff,0xff,0xff,0xff,
    0xff,0xff,0xff,0xff,0xff,0xff,0xff,0xff,0xff,0xff,0xff,0xff,0xff,0xff,0xff,0xff,
    0xff,0xff,0xff,0xff,0xff,0xff,0xff,0xff,0xff,0xff,0xff,0xff,0xff,0xff,0xff,0xff,
    0xff,0xff,0xff,0xff,0xff,0xff,0xff,0xff,0xff,0xff,0xff,0xff,0xff,0xff,0xff,0xff,
    0xff,0xff,0xff,0xff,0xff,0xff,0xff,0xff,0xff,0xff,0xff,0xff,0xff,0xff,0xff,0xff,
    0xff,0xff,0xff,0xff,0xff,0xff,0xff,0xff,0xff,0xff,0xff,0xff,0xff,0xff,0xff,0xff,
    0xff,0xff,0xff,0xff,0xff,0xff,0xff,0xff,0xff,0xff,0xff,0xff,0xff,0xff,0xff,0xff,
    0xff,0xff,0xff,0xff,0xff,0xff,0xff,0xff,0xff,0xff,0xff,0xff,0xff,0xff,0xff,0xff,
    0xff,0xff,0xff,0xff,0xff,0xff,0xff,0xff,0xff,0xff,0xff,0xff,0xff,0xff,0xff,0xff,
    0xff,0xff,0xff,0xff,0xff,0xff,0xff,0xff,0xff,0xff,0xff,0xff,0xff,0xff,0xff,0xff,
    0xff,0xff,0xff,0xff,0xff,0xff,0xff,0xff,0xff,0xff,0xff,0xff,0xff,0xff,0xff,0xff,
    0xff,0xff,0xff,0xff,0xff,0xff,0xff,0xff,0xff,0xff,0xff,0xff,0xff,0xff,0xff,0xff,
    0xff,0xff,0xff,0xff,0xff,0xff,0xff,0xff,0xff,0xff,0xff,0xff,0xbe,0xf7,0xcb,0x5a,
    0xa2,0x10,0x24,0x29,0x07,0x42,0x07,0x42,0x85,0x31,0xe2,0x20,0x24,0x29,0xe6,0x41,
    0x07,0x42,0xe7,0x41,0xe7,0x41,0xe7,0x41,0xe7,0x41,0xe7,0x41,0xe7,0x41,0xe7,0x41,
    0xe7,0x41,0xe7,0x41,0xe7,0x41,0xe7,0x41,0xe7,0x41,0xe7,0x41,0xe7,0x41,0xe7,0x41,
    0xe7,0x41,0xe7,0x41,0xe7,0x41,0xe7,0x41,0xe7,0x41,0xe7,0x41,0xe7,0x41,0xe7,0x41,
    0xe7,0x41,0xe7,0x41,0x07,0x42,0xc6,0x39,0x03,0x21,0x03,0x21,0x64,0x31,0x27,0x4a,
    0xa6,0x39,0xe3,0x20,0xba,0xd6,0xff,0xff,0xff,0xff,0xff,0xff,0xff,0xff,0xff,0xff,
    0xff,0xff,0xff,0xff,0xff,0xff,0xff,0xff,0xff,0xff,0xff,0xff,0xff,0xff,0xff,0xff,
    0xff,0xff,0xff,0xff,0xff,0xff,0xff,0xff,0xff,0xff,0xff,0xff,0xff,0xff,0xff,0xff,
    0xff,0xff,0xff,0xff,0xff,0xff,0xff,0xff,0xff,0xff,0x7d,0xef,0x08,0x42,0xc3,0x18,
    0x65,0x29,0x24,0x29,0x24,0x29,0x44,0x29,0x65,0x29,0x65,0x29,0x65,0x29,0x65,0x29,
    0x65,0x29,0x45,0x29,0x45,0x29,0x45,0x29,0x45,0x29,0x65,0x29,0x65,0x31,0x65,0x31,
    0x65,0x31,0x65,0x31,0x85,0x31,0x85,0x31,0x85,0x31,0xa6,0x31,0xa6,0x39,0xa6,0x39,
    0xa6,0x39,0xa6,0x39,0xc6,0x39,0xc6,0x39,0xc6,0x39,0xc6,0x39,0xc6,0x39,0xc6,0x39,
    0xe7,0x41,0xe7,0x39,0x85,0x31,0x65,0x29,0xc6,0x39,0xe7,0x41,0xe7,0x39,0xc2,0x10,
    0x81,0x10,0x71,0x8c,0xff,0xff,0xff,0xff,0xff,0xff,0xff,0xff,0xff,0xff,0xff,0xff,
    0xff,0xff,0xff,0xff,0xff,0xff,0xff,0xff,0xff,0xff,0xff,0xff,0xff,0xff,0xff,0xff,
    0xff,0xff,0xff,0xff,0xff,0xff,0xff,0xff,0xff,0xff,0xff,0xff,0xff,0xff,0xff,0xff,
    0xff,0xff,0xff,0xff,0xff,0xff,0xff,0xff,0xff,0xff,0xff,0xff,0xff,0xff,0xff,0xff,
    0xff,0xff,0xff,0xff,0xff,0xff,0xff,0xff,0xff,0xff,0xff,0xff,0xff,0xff,0xff,0xff,
    0xff,0xff,0xff,0xff,0xff,0xff,0xff,0xff,0xff,0xff,0xff,0xff,0xff,0xff,0xff,0xff,
    0xff,0xff,0xff,0xff,0xff,0xff,0xff,0xff,0xff,0xff,0xff,0xff,0xff,0xff,0xff,0xff,
    0xff,0xff,0xff,0xff,0xff,0xff,0xff,0xff,0xff,0xff,0xff,0xff,0xff,0xff,0xff,0xff,
    0xff,0xff,0xff,0xff,0xff,0xff,0xff,0xff,0xff,0xff,0xff,0xff,0xff,0xff,0xff,0xff,
    0xff,0xff,0xff,0xff,0xff,0xff,0xff,0xff,0xff,0xff,0xff,0xff,0xff,0xff,0xff,0xff,
    0xff,0xff,0xff,0xff,0xff,0xff,0xff,0xff,0xff,0xff,0xff,0xff,0xff,0xff,0xff,0xff,
    0xff,0xff,0xff,0xff,0xff,0xff,0xff,0xff,0xff,0xff,0xff,0xff,0xff,0xff,0xff,0xff,
    0xff,0xff,0xff,0xff,0xff,0xff,0xff,0xff,0xff,0xff,0xff,0xff,0xff,0xff,0xff,0xff,
    0xff,0xff,0xff,0xff,0xff,0xff,0xff,0xff,0xff,0xff,0xff,0xff,0xff,0xff,0xff,0xff,
    0xff,0xff,0xff,0xff,0xff,0xff,0xff,0xff,0xff,0xff,0xff,0xff,0xff,0xff,0xff,0xff,
    0xff,0xff,0xff,0xff,0xff,0xff,0xff,0xff,0xff,0xff,0xff,0xff,0xff,0xff,0x14,0xa5,
    0xc2,0x18,0xa2,0x10,0xc6,0x39,0x28,0x42,0xa6,0x31,0x24,0x29,0x65,0x29,0xe7,0x41,
    0x07,0x42,0x07,0x42,0x07,0x42,0x07,0x42,0xe7,0x41,0xe7,0x41,0xe7,0x41,0xe7,0x41,
    0xe7,0x41,0xe7,0x41,0xe7,0x41,0xe7,0x41,0xe7,0x41,0x07,0x42,0x07,0x42,0xe7,0x41,
    0xe7,0x41,0x07,0x42,0x07,0x42,0xe7,0x41,0xe7,0x41,0x07,0x42,0xe7,0x41,0x07,0x42,
    0x07,0x42,0x07,0x42,0x28,0x42,0x27,0x42,0xa5,0x31,0x44,0x29,0x85,0x31,0xe7,0x41,
    0x28,0x4a,0x24,0x29,0x28,0x4a,0x7d,0xef,0xff,0xff,0xff,0xff,0xff,0xff,0xff,0xff,
    0xff,0xff,0xff,0xff,0xff,0xff,0xff,0xff,0xff,0xff,0xff,0xff,0xff,0xff,0xff,0xff,
    0xff,0xff,0xff,0xff,0xff,0xff,0xff,0xff,0xff,0xff,0xff,0xff,0xff,0xff,0xff,0xff,
    0xff,0xff,0xff,0xff,0xff,0xff,0xff,0xff,0xff,0xff,0x79,0xce,0x44,0x29,0x03,0x21,
    0xe3,0x18,0xc3,0x18,0xc2,0x18,0xe3,0x18,0xe3,0x20,0x03,0x21,0x03,0x21,0x04,0x21,
    0x04,0x21,0x04,0x21,0x04,0x21,0x04,0x21,0x04,0x21,0x03,0x21,0x03,0x21,0x03,0x21,
    0x03,0x21,0x03,0x21,0x03,0x21,0x03,0x21,0x03,0x21,0x03,0x21,0x03,0x21,0x03,0x21,
    0x03,0x21,0x03,0x21,0x03,0x21,0x03,0x21,0x03,0x21,0xe3,0x20,0xe3,0x20,0xe3,0x20,
    0x03,0x21,0x04,0x21,0x44,0x29,0x44,0x29,0x24,0x29,0x24,0x29,0x85,0x31,0xe3,0x18,
    0x86,0x31,0x3c,0xe7,0xff,0xff,0xff,0xff,0xff,0xff,0xff,0xff,0xff,0xff,0xff,0xff,
    0xff,0xff,0xff,0xff,0xff,0xff,0xff,0xff,0xff,0xff,0xff,0xff,0xff,0xff,0xff,0xff,
    0xff,0xff,0xff,0xff,0xff,0xff,0xff,0xff,0xff,0xff,0xff,0xff,0xff,0xff,0xff,0xff,
    0xff,0xff,0xff,0xff,0xff,0xff,0xff,0xff,0xff,0xff,0xff,0xff,0xff,0xff,0xff,0xff,
    0xff,0xff,0xff,0xff,0xff,0xff,0xff,0xff,0xff,0xff,0xff,0xff,0xff,0xff,0xff,0xff,
    0xff,0xff,0xff,0xff,0xff,0xff,0xff,0xff,0xff,0xff,0xff,0xff,0xff,0xff,0xff,0xff,
    0xff,0xff,0xff,0xff,0xff,0xff,0xff,0xff,0xff,0xff,0xff,0xff,0xff,0xff,0xff,0xff,
    0xff,0xff,0xff,0xff,0xff,0xff,0xff,0xff,0xff,0xff,0xff,0xff,0xff,0xff,0xff,0xff,
    0xff,0xff,0xff,0xff,0xff,0xff,0xff,0xff,0xff,0xff,0xff,0xff,0xff,0xff,0xff,0xff,
    0xff,0xff,0xff,0xff,0xff,0xff,0xff,0xff,0xff,0xff,0xff,0xff,0xff,0xff,0xff,0xff,
    0xff,0xff,0xff,0xff,0xff,0xff,0xff,0xff,0xff,0xff,0xff,0xff,0xff,0xff,0xff,0xff,
    0xff,0xff,0xff,0xff,0xff,0xff,0xff,0xff,0xff,0xff,0xff,0xff,0xff,0xff,0xff,0xff,
    0xff,0xff,0xff,0xff,0xff,0xff,0xff,0xff,0xff,0xff,0xff,0xff,0xff,0xff,0xff,0xff,
    0xff,0xff,0xff,0xff,0xff,0xff,0xff,0xff,0xff,0xff,0xff,0xff,0xff,0xff,0xff,0xff,
    0xff,0xff,0xff,0xff,0xff,0xff,0xff,0xff,0xff,0xff,0xff,0xff,0xff,0xff,0xff,0xff,
    0xff,0xff,0xff,0xff,0xff,0xff,0xff,0xff,0xff,0xff,0xff,0xff,0xff,0xff,0x1c,0xe7,
    0xc6,0x39,0x61,0x08,0xc2,0x18,0x24,0x21,0x24,0x21,0x44,0x29,0x64,0x29,0x24,0x21,
    0x03,0x21,0x03,0x21,0x03,0x21,0x03,0x21,0x03,0x21,0x03,0x21,0x03,0x21,0x03,0x21,
    0x24,0x21,0x04,0x21,0x04,0x21,0x04,0x21,0x04,0x21,0x24,0x21,0x03,0x21,0x03,0x21,
    0x03,0x21,0x03,0x21,0x03,0x21,0x03,0x21,0x03,0x21,0x24,0x21,0x24,0x21,0x24,0x21,
    0x24,0x21,0x24,0x21,0x44,0x29,0x65,0x29,0x65,0x29,0x44,0x29,0x24,0x29,0x24,0x21,
    0x24,0x21,0x65,0x31,0xa2,0x10,0x30,0x84,0xff,0xff,0xff,0xff,0xff,0xff,0xff,0xff,
    0xff,0xff,0xff,0xff,0xff,0xff,0xff,0xff,0xff,0xff,0xff,0xff,0xff,0xff,0xff,0xff,
    0xff,0xff,0xff,0xff,0xff,0xff,0xff,0xff,0xff,0xff,0xff,0xff,0xff,0xff,0xff,0xff,
    0xff,0xff,0xff,0xff,0xff,0xff,0xff,0xff,0xff,0xff,0xdb,0xde,0x28,0x42,0x65,0x29,
    0x65,0x29,0x44,0x29,0x24,0x21,0x24,0x21,0x24,0x21,0x44,0x29,0x24,0x21,0x24,0x21,
    0x24,0x29,0x24,0x29,0x44,0x29,0x44,0x29,0x24,0x21,0x24,0x21,0x24,0x21,0x24,0x21,
    0x24,0x21,0x04,0x21,0x04,0x21,0x04,0x21,0x04,0x21,0x04,0x21,0x04,0x21,0x04,0x21,
    0x03,0x21,0x03,0x21,0xe3,0x18,0xe3,0x18,0xe3,0x18,0xe3,0x18,0xe3,0x18,0xe3,0x18,
    0xc3,0x18,0xc3,0x18,0xe3,0x18,0x03,0x21,0x24,0x21,0x24,0x21,0x65,0x29,0x81,0x08,
    0x30,0x84,0xff,0xff,0xff,0xff,0xff,0xff,0xff,0xff,0xff,0xff,0xff,0xff,0xff,0xff,
    0xff,0xff,0xff,0xff,0xff,0xff,0xff,0xff,0xff,0xff,0xff,0xff,0xff,0xff,0xff,0xff,
    0xff,0xff,0xff,0xff,0xff,0xff,0xff,0xff,0xff,0xff,0xff,0xff,0xff,0xff,0xff,0xff,
    0xff,0xff,0xff,0xff,0xff,0xff,0xff,0xff,0xff,0xff,0xff,0xff,0xff,0xff,0xff,0xff,
    0xff,0xff,0xff,0xff,0xff,0xff,0xff,0xff,0xff,0xff,0xff,0xff,0xff,0xff,0xff,0xff,
    0xff,0xff,0xff,0xff,0xff,0xff,0xff,0xff,0xff,0xff,0xff,0xff,0xff,0xff,0xff,0xff,
    0xff,0xff,0xff,0xff,0xff,0xff,0xff,0xff,0xff,0xff,0xff,0xff,0xff,0xff,0xff,0xff,
    0xff,0xff,0xff,0xff,0xff,0xff,0xff,0xff,0xff,0xff,0xff,0xff,0xff,0xff,0xff,0xff,
    0xff,0xff,0xff,0xff,0xff,0xff,0xff,0xff,0xff,0xff,0xff,0xff,0xff,0xff,0xff,0xff,
    0xff,0xff,0xff,0xff,0xff,0xff,0xff,0xff,0xff,0xff,0xff,0xff,0xff,0xff,0xff,0xff,
    0xff,0xff,0xff,0xff,0xff,0xff,0xff,0xff,0xff,0xff,0xff,0xff,0xff,0xff,0xff,0xff,
    0xff,0xff,0xff,0xff,0xff,0xff,0xff,0xff,0xff,0xff,0xff,0xff,0xff,0xff,0xff,0xff,
    0xff,0xff,0xff,0xff,0xff,0xff,0xff,0xff,0xff,0xff,0xff,0xff,0xff,0xff,0xff,0xff,
    0xff,0xff,0xff,0xff,0xff,0xff,0xff,0xff,0xff,0xff,0xff,0xff,0xff,0xff,0xff,0xff,
    0xff,0xff,0xff,0xff,0xff,0xff,0xff,0xff,0xff,0xff,0xff,0xff,0xff,0xff,0xff,0xff,
    0xff,0xff,0xff,0xff,0xff,0xff,0xff,0xff,0xff,0xff,0xff,0xff,0xff,0xff,0xff,0xff,
    0xef,0x83,0x61,0x08,0xe3,0x18,0x44,0x21,0x44,0x29,0x44,0x29,0x44,0x29,0x24,0x21,
    0x24,0x21,0x24,0x21,0x23,0x21,0x23,0x21,0x03,0x21,0x03,0x21,0x03,0x21,0x03,0x21,
    0x03,0x21,0x03,0x21,0x04,0x21,0x04,0x21,0x03,0x21,0x03,0x21,0x03,0x21,0x03,0x21,
    0x03,0x21,0x03,0x21,0x03,0x21,0x03,0x21,0x03,0x21,0x24,0x21,0x24,0x21,0x44,0x21,
    0x44,0x29,0x64,0x29,0x65,0x29,0x45,0x29,0x24,0x21,0x03,0x21,0x03,0x21,0x03,0x21,
    0x24,0x21,0x44,0x29,0x24,0x21,0x4d,0x6b,0xff,0xff,0xff,0xff,0xff,0xff,0xff,0xff,
    0xff,0xff,0xff,0xff,0xff,0xff,0xff,0xff,0xff,0xff,0xff,0xff,0xff,0xff,0xff,0xff,
    0xff,0xff,0xff,0xff,0xff,0xff,0xff,0xff,0xff,0xff,0xff,0xff,0xff,0xff,0xff,0xff,
    0xff,0xff,0xff,0xff,0xff,0xff,0xff,0xff,0xff,0xff,0xdf,0xff,0x9a,0xd6,0xd7,0xbd,
    0xd7,0xbd,0xd7,0xb5,0x96,0xb5,0x75,0xad,0x75,0xad,0x55,0xad,0x34,0xa5,0x14,0xa5,
    0x14,0xa5,0x14,0xa5,0x14,0xa5,0x13,0xa5,0xf3,0x9c,0xf3,0x9c,0xd3,0x9c,0xb2,0x94,
    0xb2,0x94,0x92,0x94,0x71,0x8c,0x51,0x8c,0x30,0x84,0x30,0x84,0x10,0x84,0x10,0x84,
    0xef,0x7b,0xcf,0x7b,0xae,0x73,0x8e,0x73,0x6d,0x6b,0x2c,0x63,0x0c,0x63,0x2c,0x63,
    0x2c,0x63,0x0c,0x63,0xeb,0x5a,0xeb,0x5a,0xeb,0x5a,0xeb,0x5a,0x8a,0x52,0xef,0x7b,
    0x9e,0xf7,0xff,0xff,0xff,0xff,0xff,0xff,0xff,0xff,0xff,0xff,0xff,0xff,0xff,0xff,
    0xff,0xff,0xff,0xff,0xff,0xff,0xff,0xff,0xff,0xff,0xff,0xff,0xff,0xff,0xff,0xff,
    0xff,0xff,0xff,0xff,0xff,0xff,0xff,0xff,0xff,0xff,0xff,0xff,0xff,0xff,0xff,0xff,
    0xff,0xff,0xff,0xff,0xff,0xff,0xff,0xff,0xff,0xff,0xff,0xff,0xff,0xff,0xff,0xff,
    0xff,0xff,0xff,0xff,0xff,0xff,0xff,0xff,0xff,0xff,0xff,0xff,0xff,0xff,0xff,0xff,
    0xff,0xff,0xff,0xff,0xff,0xff,0xff,0xff,0xff,0xff,0xff,0xff,0xff,0xff,0xff,0xff,
    0xff,0xff,0xff,0xff,0xff,0xff,0xff,0xff,0xff,0xff,0xff,0xff,0xff,0xff,0xff,0xff,
    0xff,0xff,0xff,0xff,0xff,0xff,0xff,0xff,0xff,0xff,0xff,0xff,0xff,0xff,0xff,0xff,
    0xff,0xff,0xff,0xff,0xff,0xff,0xff,0xff,0xff,0xff,0xff,0xff,0xff,0xff,0xff,0xff,
    0xff,0xff,0xff,0xff,0xff,0xff,0xff,0xff,0xff,0xff,0xff,0xff,0xff,0xff,0xff,0xff,
    0xff,0xff,0xff,0xff,0xff,0xff,0xff,0xff,0xff,0xff,0xff,0xff,0xff,0xff,0xff,0xff,
    0xff,0xff,0xff,0xff,0xff,0xff,0xff,0xff,0xff,0xff,0xff,0xff,0xff,0xff,0xff,0xff,
    0xff,0xff,0xff,0xff,0xff,0xff,0xff,0xff,0xff,0xff,0xff,0xff,0xff,0xff,0xff,0xff,
    0xff,0xff,0xff,0xff,0xff,0xff,0xff,0xff,0xff,0xff,0xff,0xff,0xff,0xff,0xff,0xff,
    0xff,0xff,0xff,0xff,0xff,0xff,0xff,0xff,0xff,0xff,0xff,0xff,0xff,0xff,0xff,0xff,
    0xff,0xff,0xff,0xff,0xff,0xff,0xff,0xff,0xff,0xff,0xff,0xff,0xff,0xff,0xff,0xff,
    0xda,0xde,0x08,0x42,0xe3,0x18,0x65,0x29,0x86,0x31,0x85,0x31,0x65,0x29,0x86,0x31,
    0xa6,0x31,0xa6,0x31,0xa6,0x31,0xa6,0x31,0xc7,0x39,0xe7,0x39,0xe7,0x39,0xe7,0x39,
    0xe7,0x41,0x07,0x42,0x07,0x42,0xe7,0x39,0xe7,0x39,0xe7,0x39,0xc7,0x39,0xc7,0x39,
    0xc7,0x39,0xc7,0x39,0xc7,0x39,0xc7,0x39,0xc7,0x39,0xc7,0x39,0xc6,0x39,0xa6,0x31,
    0x86,0x31,0x85,0x31,0x86,0x31,0x85,0x31,0x65,0x29,0x65,0x29,0x65,0x29,0x65,0x29,
    0x85,0x31,0xa6,0x31,0xa6,0x31,0xf3,0x9c,0xff,0xff,0xff,0xff,0xff,0xff,0xff,0xff,
    0xff,0xff,0xff,0xff,0xff,0xff,0xff,0xff,0xff,0xff,0xff,0xff,0xff,0xff,0xff,0xff,
    0xff,0xff,0xff,0xff,0xff,0xff,0xff,0xff,0xff,0xff,0xff,0xff,0xff,0xff,0xff,0xff,
    0xff,0xff,0xff,0xff,0xff,0xff,0xff,0xff,0xff,0xff,0xff,0xff,0xff,0xff,0xff,0xff,
    0xff,0xff,0xff,0xff,0xff,0xff,0xff,0xff,0xff,0xff,0xff,0xff,0xff,0xff,0xff,0xff,
    0xff,0xff,0xff,0xff,0xff,0xff,0xff,0xff,0xff,0xff,0xff,0xff,0xff,0xff,0xff,0xff,
    0xff,0xff,0xff,0xff,0xff,0xff,0xff,0xff,0xff,0xff,0xff,0xff,0xff,0xff,0xff,0xff,
    0xff,0xff,0xff,0xff,0xff,0xff,0xff,0xff,0xff,0xff,0xff,0xff,0xff,0xff,0xff,0xff,
    0xff,0xff,0xdf,0xff,0xdf,0xff,0xdf,0xff,0xde,0xff,0xbe,0xf7,0x9e,0xf7,0xff,0xff,
    0xff,0xff,0xff,0xff,0xff,0xff,0xff,0xff,0xff,0xff,0xff,0xff,0xff,0xff,0xff,0xff,
    0xff,0xff,0xff,0xff,0xff,0xff,0xff,0xff,0xff,0xff,0xff,0xff,0xff,0xff,0xff,0xff,
    0xff,0xff,0xff,0xff,0xff,0xff,0xff,0xff,0xff,0xff,0xff,0xff,0xff,0xff,0xff,0xff,
    0xff,0xff,0xff,0xff,0xff,0xff,0xff,0xff,0xff,0xff,0xff,0xff,0xff,0xff,0xff,0xff,
    0xff,0xff,0xff,0xff,0xff,0xff,0xff,0xff,0xff,0xff,0xff,0xff,0xff,0xff,0xff,0xff,
    0xff,0xff,0xff,0xff,0xff,0xff,0xff,0xff,0xff,0xff,0xff,0xff,0xff,0xff,0xff,0xff,
    0xff,0xff,0xff,0xff,0xff,0xff,0xff,0xff,0xff,0xff,0xff,0xff,0xff,0xff,0xff,0xff,
    0xff,0xff,0xff,0xff,0xff,0xff,0xff,0xff,0xff,0xff,0xff,0xff,0xff,0xff,0xff,0xff,
    0xff,0xff,0xff,0xff,0xff,0xff,0xff,0xff,0xff,0xff,0xff,0xff,0xff,0xff,0xff,0xff,
    0xff,0xff,0xff,0xff,0xff,0xff,0xff,0xff,0xff,0xff,0xff,0xff,0xff,0xff,0xff,0xff,
    0xff,0xff,0xff,0xff,0xff,0xff,0xff,0xff,0xff,0xff,0xff,0xff,0xff,0xff,0xff,0xff,
    0xff,0xff,0xff,0xff,0xff,0xff,0xff,0xff,0xff,0xff,0xff,0xff,0xff,0xff,0xff,0xff,
    0xff,0xff,0xff,0xff,0xff,0xff,0xff,0xff,0xff,0xff,0xff,0xff,0xff,0xff,0xff,0xff,
    0xff,0xff,0xff,0xff,0xff,0xff,0xff,0xff,0xff,0xff,0xff,0xff,0xff,0xff,0xff,0xff,
    0xff,0xff,0xff,0xff,0xff,0xff,0xff,0xff,0xff,0xff,0xff,0xff,0xff,0xff,0xff,0xff,
    0xff,0xff,0xff,0xff,0xff,0xff,0xff,0xff,0xff,0xff,0xff,0xff,0xff,0xff,0xff,0xff,
    0xff,0xff,0x3c,0xe7,0x79,0xce,0xba,0xd6,0xdb,0xde,0xdb,0xde,0xdb,0xde,0xdb,0xde,
    0xfb,0xde,0xfb,0xde,0xfb,0xde,0x1c,0xe7,0x1c,0xe7,0x1c,0xe7,0x3c,0xe7,0x3c,0xe7,
    0x3c,0xe7,0x3c,0xe7,0x3c,0xe7,0x3c,0xe7,0x1c,0xe7,0x1c,0xe7,0x1c,0xe7,0x1c,0xe7,
    0x1c,0xe7,0x1c,0xe7,0x1c,0xe7,0x1c,0xe7,0x1c,0xe7,0x1c,0xe7,0x1c,0xe7,0xfb,0xde,
    0xdb,0xde,0xdb,0xde,0xdb,0xde,0xdb,0xde,0xdb,0xde,0xdb,0xde,0xdb,0xde,0xdb,0xde,
    0xdb,0xde,0xdb,0xde,0xfb,0xde,0xbe,0xf7,0xff,0xff,0xff,0xff,0xff,0xff,0xff,0xff,
    0xff,0xff,0xff,0xff,0xff,0xff,0xff,0xff,0xff,0xff,0xff,0xff,0xff,0xff,0xff,0xff,
    0xff,0xff,0xff,0xff,0xff,0xff,0xff,0xff,0xff,0xff,0xff,0xff,0xff,0xff,0xff,0xff,
    0xff,0xff,0xff,0xff,0xff,0xff,0xff,0xff,0xff,0xff,0xff,0xff,0xff,0xff,0xff,0xff,
    0xff,0xff,0xff,0xff,0xff,0xff,0xff,0xff,0xff,0xff,0xff,0xff,0xff,0xff,0xff,0xff,
    0xff,0xff,0xff,0xff,0xff,0xff,0xff,0xff,0xff,0xff,0xff,0xff,0xff,0xff,0xff,0xff,
    0xff,0xff,0xff,0xff,0xff,0xff,0xff,0xff,0xff,0xff,0xff,0xff,0xff,0xff,0xff,0xff,
    0xff,0xff,0xff,0xff,0xff,0xff,0xff,0xff,0xff,0xff,0xff,0xff,0xff,0xff,0xff,0xff,
    0xff,0xff,0xff,0xff,0xff,0xff,0xff,0xff,0xff,0xff,0xff,0xff,0xff,0xff,0xff,0xff,
    0xff,0xff,0xff,0xff,0xff,0xff,0xff,0xff,0xff,0xff,0xff,0xff,0xff,0xff,0xff,0xff,
    0xff,0xff,0xff,0xff,0xff,0xff,0xff,0xff,0xff,0xff,0xff,0xff,0xff,0xff,0xff,0xff,
    0xff,0xff,0xff,0xff,0xff,0xff,0xff,0xff,0xff,0xff,0xff,0xff,0xff,0xff,0xff,0xff,
    0xff,0xff,0xff,0xff,0xff,0xff,0xff,0xff,0xff,0xff,0xff,0xff,0xff,0xff,0xff,0xff,
    0xff,0xff,0xff,0xff,0xff,0xff,0xff,0xff,0xff,0xff,0xff,0xff,0xff,0xff,0xff,0xff,
    0xff,0xff,0xff,0xff,0xff,0xff,0xff,0xff,0xff,0xff,0xff,0xff,0xff,0xff,0xff,0xff,
    0xff,0xff,0xff,0xff,0xff,0xff,0xff,0xff,0xff,0xff,0xff,0xff,0xff,0xff,0xff,0xff,
    0xff,0xff,0xff,0xff,0xff,0xff,0xff,0xff,0xff,0xff,0xff,0xff,0xff,0xff,0xff,0xff,
    0xff,0xff,0xff,0xff,0xff,0xff,0xff,0xff,0xff,0xff,0xff,0xff,0xff,0xff,0xff,0xff,
    0xff,0xff,0xff,0xff,0xff,0xff,0xff,0xff,0xff,0xff,0xff,0xff,0xff,0xff,0xff,0xff,
    0xff,0xff,0xff,0xff,0xff,0xff,0xff,0xff,0xff,0xff,0xff,0xff,0xff,0xff,0xff,0xff,
    0xff,0xff,0xff,0xff,0xff,0xff,0xff,0xff,0xff,0xff,0xff,0xff,0xff,0xff,0xff,0xff,
    0xff,0xff,0xff,0xff,0xff,0xff,0xff,0xff,0xff,0xff,0xff,0xff,0xff,0xff,0xff,0xff,
    0xff,0xff,0xff,0xff,0xff,0xff,0xff,0xff,0xff,0xff,0xff,0xff,0xff,0xff,0xff,0xff,
    0xff,0xff,0xff,0xff,0xff,0xff,0xff,0xff,0xff,0xff,0xff,0xff,0xff,0xff,0xff,0xff,
    0xff,0xff,0xff,0xff,0xff,0xff,0xff,0xff,0xff,0xff,0xff,0xff,0xff,0xff,0xff,0xff,
    0xff,0xff,0xff,0xff,0xff,0xff,0xff,0xff,0xff,0xff,0xff,0xff,0xff,0xff,0xff,0xff,
    0xff,0xff,0xff,0xff,0xff,0xff,0xff,0xff,0xff,0xff,0xff,0xff,0xff,0xff,0xff,0xff,
    0xff,0xff,0xff,0xff,0xff,0xff,0xff,0xff,0xff,0xff,0xff,0xff,0xff,0xff,0xff,0xff,
    0xff,0xff,0xff,0xff,0xff,0xff,0xff,0xff,0xff,0xff,0xff,0xff,0xff,0xff,0xff,0xff,
    0xff,0xff,0xff,0xff,0xff,0xff,0xff,0xff,0xff,0xff,0xff,0xff,0xff,0xff,0xff,0xff,
    0xff,0xff,0xff,0xff,0xff,0xff,0xff,0xff,0xff,0xff,0xff,0xff,0xff,0xff,0xff,0xff,
    0xff,0xff,0xff,0xff,0xff,0xff,0xff,0xff,0xff,0xff,0xff,0xff,0xff,0xff,0xff,0xff,
    0xff,0xff,0xff,0xff,0xff,0xff,0xff,0xff,0xff,0xff,0xff,0xff,0xff,0xff,0xff,0xff,
    0xff,0xff,0xff,0xff,0xff,0xff,0xff,0xff,0xff,0xff,0xff,0xff,0xff,0xff,0xff,0xff,
    0xff,0xff,0xff,0xff,0xff,0xff,0xff,0xff,0xff,0xff,0xff,0xff,0xff,0xff,0xff,0xff,
    0xff,0xff,0xff,0xff,0xff,0xff,0xff,0xff,0xff,0xff,0xff,0xff,0xff,0xff,0xff,0xff,
    0xff,0xff,0xff,0xff,0xff,0xff,0xff,0xff,0xff,0xff,0xff,0xff,0xff,0xff,0xff,0xff,
    0xff,0xff,0xff,0xff,0xff,0xff,0xff,0xff,0xff,0xff,0xff,0xff,0xff,0xff,0xff,0xff,
    0xff,0xff,0xff,0xff,0xff,0xff,0xff,0xff,0xff,0xff,0xff,0xff,0xff,0xff,0xff,0xff,
    0xff,0xff,0xff,0xff,0xff,0xff,0xff,0xff,0xff,0xff,0xff,0xff,0xff,0xff,0xff,0xff,
    0xff,0xff,0xff,0xff,0xff,0xff,0xff,0xff,0xff,0xff,0xff,0xff,0xff,0xff,0xff,0xff,
    0xff,0xff,0xff,0xff,0xff,0xff,0xff,0xff,0xff,0xff,0xff,0xff,0xff,0xff,0xff,0xff,
    0xff,0xff,0xff,0xff,0xff,0xff,0xff,0xff,0xff,0xff,0xff,0xff,0xff,0xff,0xff,0xff,
    0xff,0xff,0xff,0xff,0xff,0xff,0xff,0xff,0xff,0xff,0xff,0xff,0xff,0xff,0xff,0xff,
    0xff,0xff,0xff,0xff,0xff,0xff,0xff,0xff,0xff,0xff,0xff,0xff,0xff,0xff,0xff,0xff,
    0xff,0xff,0xff,0xff,0xff,0xff,0xff,0xff,0xff,0xff,0xff,0xff,0xff,0xff,0xff,0xff,
    0xff,0xff,0xff,0xff,0xff,0xff,0xff,0xff,0xff,0xff,0xff,0xff,0xff,0xff,0xff,0xff,
    0xff,0xff,0xff,0xff,0xff,0xff,0xff,0xff,0xff,0xff,0xff,0xff,0xff,0xff,0xff,0xff,
    0xff,0xff,0xff,0xff,0xff,0xff,0xff,0xff,0xff,0xff,0xff,0xff,0xff,0xff,0xff,0xff,
    0xff,0xff,0xff,0xff,0xff,0xff,0xff,0xff,0xff,0xff,0xff,0xff,0xff,0xff,0xff,0xff,
    0xff,0xff,0xff,0xff,0xff,0xff,0xff,0xff,0xff,0xff,0xff,0xff,0xff,0xff,0xff,0xff,
    0xff,0xff,0xff,0xff,0xff,0xff,0xff,0xff,0xff,0xff,0xff,0xff,0xff,0xff,0xff,0xff,
    0xff,0xff,0xff,0xff,0xff,0xff,0xff,0xff,0xff,0xff,0xff,0xff,0xff,0xff,0xff,0xff,
    0xff,0xff,0xff,0xff,0xff,0xff,0xff,0xff,0xff,0xff,0xff,0xff,0xff,0xff,0xff,0xff,
    0xff,0xff,0xff,0xff,0xff,0xff,0xff,0xff,0xff,0xff,0xff,0xff,0xff,0xff,0xff,0xff,
    0xff,0xff,0xff,0xff,0xff,0xff,0xff,0xff,0xff,0xff,0xff,0xff,0xff,0xff,0xff,0xff,
    0xff,0xff,0xff,0xff,0xff,0xff,0xff,0xff,0xff,0xff,0xff,0xff,0xff,0xff,0xff,0xff,
    0xff,0xff,0xff,0xff,0xff,0xff,0xff,0xff,0xff,0xff,0xff,0xff,0xff,0xff,0xff,0xff,
    0xff,0xff,0xff,0xff,0xff,0xff,0xff,0xff,0xff,0xff,0xff,0xff,0xff,0xff,0xff,0xff,
    0xff,0xff,0xff,0xff,0xff,0xff,0xff,0xff,0xff,0xff,0xff,0xff,0xff,0xff,0xff,0xff,
    0xff,0xff,0xff,0xff,0xff,0xff,0xff,0xff,0xff,0xff,0xff,0xff,0xff,0xff,0xff,0xff,
    0xff,0xff,0xff,0xff,0xff,0xff,0xff,0xff,0xff,0xff,0xff,0xff,0xff,0xff,0xff,0xff,
    0xff,0xff,0xff,0xff,0xff,0xff,0xff,0xff,0xff,0xff,0xff,0xff,0xff,0xff,0xff,0xff,
    0xff,0xff,0xff,0xff,0xff,0xff,0xff,0xff,0xff,0xff,0xff,0xff,0xff,0xff,0xff,0xff,
    0xff,0xff,0xff,0xff,0xff,0xff,0xff,0xff,0xff,0xff,0xff,0xff,0xff,0xff,0xff,0xff,
    0xff,0xff,0xff,0xff,0xff,0xff,0xff,0xff,0xff,0xff,0xff,0xff,0xff,0xff,0xff,0xff,
    0xff,0xff,0xff,0xff,0xff,0xff,0xff,0xff,0xff,0xff,0xff,0xff,0xff,0xff,0xff,0xff,
    0xff,0xff,0xff,0xff,0xff,0xff,0xff,0xff,0xff,0xff,0xff,0xff,0xff,0xff,0xff,0xff,
    0xff,0xff,0xff,0xff,0xff,0xff,0xff,0xff,0xff,0xff,0xff,0xff,0xff,0xff,0xff,0xff,
    0xff,0xff,0xff,0xff,0xff,0xff,0xff,0xff,0xff,0xff,0xff,0xff,0xff,0xff,0xff,0xff,
    0xff,0xff,0xff,0xff,0xff,0xff,0xff,0xff,0xff,0xff,0xff,0xff,0xff,0xff,0xff,0xff,
    0xff,0xff,0xff,0xff,0xff,0xff,0xff,0xff,0xff,0xff,0xff,0xff,0xff,0xff,0xff,0xff,
    0xff,0xff,0xff,0xff,0xff,0xff,0xff,0xff,0xff,0xff,0xff,0xff,0xff,0xff,0xff,0xff,
    0xff,0xff,0xff,0xff,0xff,0xff,0xff,0xff,0xff,0xff,0xff,0xff,0xff,0xff,0xff,0xff,
    0xff,0xff,0xff,0xff,0xff,0xff,0xff,0xff,0xff,0xff,0xff,0xff,0xff,0xff,0xff,0xff,
    0xff,0xff,0xff,0xff,0xff,0xff,0xff,0xff,0xff,0xff,0xff,0xff,0xff,0xff,0xff,0xff,
    0xff,0xff,0xff,0xff,0xff,0xff,0xff,0xff,0xff,0xff,0xff,0xff,0xff,0xff,0xff,0xff,
    0xff,0xff,0xff,0xff,0xff,0xff,0xff,0xff,0xff,0xff,0xff,0xff,0xff,0xff,0xff,0xff,
    0xff,0xff,0xff,0xff,0xff,0xff,0xff,0xff,0xff,0xff,0xff,0xff,0xff,0xff,0xff,0xff,
    0xff,0xff,0xff,0xff,0xff,0xff,0xff,0xff,0xff,0xff,0xff,0xff,0xff,0xff,0xff,0xff,
    0xff,0xff,0xff,0xff,0xff,0xff,0xff,0xff,0xff,0xff,0xff,0xff,0xff,0xff,0xff,0xff,
    0xff,0xff,0xff,0xff,0xff,0xff,0xff,0xff,0xff,0xff,0xff,0xff,0xff,0xff,0xff,0xff,
    0xff,0xff,0xff,0xff,0xff,0xff,0xff,0xff,0xff,0xff,0xff,0xff,0xff,0xff,0xff,0xff,
    0xff,0xff,0xff,0xff,0xff,0xff,0xff,0xff,0xff,0xff,0xff,0xff,0xff,0xff,0xff,0xff,
    0xff,0xff,0xff,0xff,0xff,0xff,0xff,0xff,0xff,0xff,0xff,0xff,0xff,0xff,0xff,0xff,
    0xff,0xff,0xff,0xff,0xff,0xff,0xff,0xff,0xff,0xff,0xff,0xff,0xff,0xff,0xff,0xff,
    0xff,0xff,0xff,0xff,0xff,0xff,0xff,0xff,0xff,0xff,0xff,0xff,0xff,0xff,0xff,0xff,
    0xff,0xff,0xff,0xff,0xff,0xff,0xff,0xff,0xff,0xff,0xff,0xff,0xff,0xff,0xff,0xff,
    0xff,0xff,0xff,0xff,0xff,0xff,0xff,0xff,0xff,0xff,0xff,0xff,0xff,0xff,0xff,0xff,
    0xff,0xff,0xff,0xff,0xff,0xff,0xff,0xff,0xff,0xff,0xff,0xff,0xff,0xff,0xff,0xff,
    0xff,0xff,0xff,0xff,0xff,0xff,0xff,0xff,0xff,0xff,0xff,0xff,0xff,0xff,0xff,0xff,
    0xff,0xff,0xff,0xff,0xff,0xff,0xff,0xff,0xff,0xff,0xff,0xff,0xff,0xff,0xff,0xff,
    0xff,0xff,0xff,0xff,0xff,0xff,0xff,0xff,0xff,0xff,0xff,0xff,0xff,0xff,0xff,0xff,
    0xff,0xff,0xff,0xff,0xff,0xff,0xff,0xff,0xff,0xff,0xff,0xff,0xff,0xff,0xff,0xff,
    0xff,0xff,0xff,0xff,0xff,0xff,0xff,0xff,0xff,0xff,0xff,0xff,0xff,0xff,0xff,0xff,
    0xff,0xff,0xff,0xff,0xff,0xff,0xff,0xff,0xff,0xff,0xff,0xff,0xff,0xff,0xff,0xff,
    0xff,0xff,0xff,0xff,0xff,0xff,0xff,0xff,0xff,0xff,0xff,0xff,0xff,0xff,0xff,0xff,
    0xff,0xff,0xff,0xff,0xff,0xff,0xff,0xff,0xff,0xff,0xff,0xff,0xff,0xff,0xff,0xff,
    0xff,0xff,0xff,0xff,0xff,0xff,0xff,0xff,0xff,0xff,0xff,0xff,0xff,0xff,0xff,0xff,
    0xff,0xff,0xff,0xff,0xff,0xff,0xff,0xff,0xff,0xff,0xff,0xff,0xff,0xff,0xff,0xff,
    0xff,0xff,0xff,0xff,0xff,0xff,0xff,0xff,0xff,0xff,0xff,0xff,0xff,0xff,0xff,0xff,
    0xff,0xff,0xff,0xff,0xff,0xff,0xff,0xff,0xff,0xff,0xff,0xff,0xff,0xff,0xff,0xff,
    0xff,0xff,0xff,0xff,0xff,0xff,0xff,0xff,0xff,0xff,0xff,0xff,0xff,0xff,0xff,0xff,
    0xff,0xff,0xff,0xff,0xff,0xff,0xff,0xff,0xff,0xff,0xff,0xff,0xff,0xff,0xff,0xff,
    0xff,0xff,0xff,0xff,0xff,0xff,0xff,0xff,0xff,0xff,0xff,0xff,0xff,0xff,0xff,0xff,
    0xff,0xff,0xff,0xff,0xff,0xff,0xff,0xff,0xff,0xff,0xff,0xff,0xff,0xff,0xff,0xff,
    0xff,0xff,0xff,0xff,0xff,0xff,0xff,0xff,0xff,0xff,0xff,0xff,0xff,0xff,0xff,0xff,
    0xff,0xff,0xff,0xff,0xff,0xff,0xff,0xff,0xff,0xff,0xff,0xff,0xff,0xff,0xff,0xff,
    0xff,0xff,0xff,0xff,0xff,0xff,0xff,0xff,0xff,0xff,0xff,0xff,0xff,0xff,0xff,0xff,
    0xff,0xff,0xff,0xff,0xff,0xff,0xff,0xff,0xff,0xff,0xff,0xff,0xff,0xff,0xff,0xff,
    0xff,0xff,0xff,0xff,0xff,0xff,0xff,0xff,0xff,0xff,0xff,0xff,0xff,0xff,0xff,0xff,
    0xff,0xff,0xff,0xff,0xff,0xff,0xff,0xff,0xff,0xff,0xff,0xff,0xff,0xff,0xff,0xff,
    0xff,0xff,0xff,0xff,0xff,0xff,0xff,0xff,0xff,0xff,0xff,0xff,0xff,0xff,0xff,0xff,
    0xff,0xff,0xff,0xff,0xff,0xff,0xff,0xff,0xff,0xff,0xff,0xff,0xff,0xff,0xff,0xff,
    0xff,0xff,0xff,0xff,0xff,0xff,0xff,0xff,0xff,0xff,0xff,0xff,0xff,0xff,0xff,0xff,
    0xff,0xff,0xff,0xff,0xff,0xff,0xff,0xff,0xff,0xff,0xff,0xff,0xff,0xff,0xff,0xff,
    0xff,0xff,0xff,0xff,0xff,0xff,0xff,0xff,0xff,0xff,0xff,0xff,0xff,0xff,0xff,0xff,
    0xff,0xff,0xff,0xff,0xff,0xff,0xff,0xff,0xff,0xff,0xff,0xff,0xff,0xff,0xff,0xff,
    0xff,0xff,0xff,0xff,0xff,0xff,0xff,0xff,0xff,0xff,0xff,0xff,0xff,0xff,0xff,0xff,
    0xff,0xff,0xff,0xff,0xff,0xff,0xff,0xff,0xff,0xff,0xff,0xff,0xff,0xff,0xff,0xff,
    0xff,0xff,0xff,0xff,0xff,0xff,0xff,0xff,0xff,0xff,0xff,0xff,0xff,0xff,0xff,0xff,
    0xff,0xff,0xff,0xff,0xff,0xff,0xff,0xff,0xff,0xff,0xff,0xff,0xff,0xff,0xff,0xff,
    0xff,0xff,0xff,0xff,0xff,0xff,0xff,0xff,0xff,0xff,0xff,0xff,0xff,0xff,0xff,0xff,
    0xff,0xff,0xff,0xff,0xff,0xff,0xff,0xff,0xff,0xff,0xff,0xff,0xff,0xff,0xff,0xff,
    0xff,0xff,0xff,0xff,0xff,0xff,0xff,0xff,0xff,0xff,0xff,0xff,0xff,0xff,0xff,0xff,
    0xff,0xff,0xff,0xff,0xff,0xff,0xff,0xff,0xff,0xff,0xff,0xff,0xff,0xff,0xff,0xff,
    0xff,0xff,0xff,0xff,0xff,0xff,0xff,0xff,0xff,0xff,0xff,0xff,0xff,0xff,0xff,0xff,
    0xff,0xff,0xff,0xff,0xff,0xff,0xff,0xff,0xff,0xff,0xff,0xff,0xff,0xff,0xff,0xff,
    0xff,0xff,0xff,0xff,0xff,0xff,0xff,0xff,0xff,0xff,0xff,0xff,0xff,0xff,0xff,0xff,
    0xff,0xff,0xff,0xff,0xff,0xff,0xff,0xff,0xff,0xff,0xff,0xff,0xff,0xff,0xff,0xff,
    0xff,0xff,0xff,0xff,0xff,0xff,0xff,0xff,0xff,0xff,0xff,0xff,0xff,0xff,0xff,0xff,
    0xff,0xff,0xff,0xff,0xff,0xff,0xff,0xff,0xff,0xff,0xff,0xff,0xff,0xff,0xff,0xff,
    0xff,0xff,0xff,0xff,0xff,0xff,0xff,0xff,0xff,0xff,0xff,0xff,0xff,0xff,0xff,0xff,
    0xff,0xff,0xff,0xff,0xff,0xff,0xff,0xff,0xff,0xff,0xff,0xff,0xff,0xff,0xff,0xff,
    0xff,0xff,0xff,0xff,0xff,0xff,0xff,0xff,0xff,0xff,0xff,0xff,0xff,0xff,0xff,0xff,
    0xff,0xff,0xff,0xff,0xff,0xff,0xff,0xff,0xff,0xff,0xff,0xff,0xff,0xff,0xff,0xff,
    0xff,0xff,0xff,0xff,0xff,0xff,0xff,0xff,0xff,0xff,0xff,0xff,0xff,0xff,0xff,0xff,
    0xff,0xff,0xff,0xff,0xff,0xff,0xff,0xff,0xff,0xff,0xff,0xff,0xff,0xff,0xff,0xff,
    0xff,0xff,0xff,0xff,0xff,0xff,0xff,0xff,0xff,0xff,0xff,0xff,0xff,0xff,0xff,0xff,
    0xff,0xff,0xff,0xff,0xff,0xff,0xff,0xff,0xff,0xff,0xff,0xff,0xff,0xff,0xff,0xff,
    0xff,0xff,0xff,0xff,0xff,0xff,0xff,0xff,0xff,0xff,0xff,0xff,0xff,0xff,0xff,0xff,
    0xff,0xff,0xff,0xff,0xff,0xff,0xff,0xff,0xff,0xff,0xff,0xff,0xff,0xff,0xff,0xff,
    0xff,0xff,0xff,0xff,0xff,0xff,0xff,0xff,0xff,0xff,0xff,0xff,0xff,0xff,0xff,0xff,
    0xff,0xff,0xff,0xff,0xff,0xff,0xff,0xff,0xff,0xff,0xff,0xff,0xff,0xff,0xff,0xff,
    0xff,0xff,0xff,0xff,0xff,0xff,0xff,0xff,0xff,0xff,0xff,0xff,0xff,0xff,0xff,0xff,
    0xff,0xff,0xff,0xff,0xff,0xff,0xff,0xff,0xff,0xff,0xff,0xff,0xff,0xff,0xff,0xff,
    0xff,0xff,0xff,0xff,0xff,0xff,0xff,0xff,0xff,0xff,0xff,0xff,0xff,0xff,0xff,0xff,
    0xff,0xff,0xff,0xff,0xff,0xff,0xff,0xff,0xff,0xff,0xff,0xff,0xff,0xff,0xff,0xff,
    0xff,0xff,0xff,0xff,0xff,0xff,0xff,0xff,0xff,0xff,0xff,0xff,0xff,0xff,0xff,0xff,
    0xff,0xff,0xff,0xff,0xff,0xff,0xff,0xff,0xff,0xff,0xff,0xff,0xff,0xff,0xff,0xff,
    0xff,0xff,0xff,0xff,0xff,0xff,0xff,0xff,0xff,0xff,0xff,0xff,0xff,0xff,0xff,0xff,
    0xff,0xff,0xff,0xff,0xff,0xff,0xff,0xff,0xff,0xff,0xff,0xff,0xff,0xff,0xff,0xff,
    0xff,0xff,0xff,0xff,0xff,0xff,0xff,0xff,0xff,0xff,0xff,0xff,0xff,0xff,0xff,0xff,
    0xff,0xff,0xff,0xff,0xff,0xff,0xff,0xff,0xff,0xff,0xff,0xff,0xff,0xff,0xff,0xff,
    0xff,0xff,0xff,0xff,0xff,0xff,0xff,0xff,0xff,0xff,0xff,0xff,0xff,0xff,0xff,0xff,
    0xff,0xff,0xff,0xff,0xff,0xff,0xff,0xff,0xff,0xff,0xff,0xff,0xff,0xff,0xff,0xff,
    0xff,0xff,0xff,0xff,0xff,0xff,0xff,0xff,0xff,0xff,0xff,0xff,0xff,0xff,0xff,0xff,
    0xff,0xff,0xff,0xff,0xff,0xff,0xff,0xff,0xff,0xff,0xff,0xff,0xff,0xff,0xff,0xff,
    0xff,0xff,0xff,0xff,0xff,0xff,0xff,0xff,0xff,0xff,0xff,0xff,0xff,0xff,0xff,0xff,
    0xff,0xff,0xff,0xff,0xff,0xff,0xff,0xff,0xff,0xff,0xff,0xff,0xff,0xff,0xff,0xff,
    0xff,0xff,0xff,0xff,0xff,0xff,0xff,0xff,0xff,0xff,0xff,0xff,0xff,0xff,0xff,0xff,
    0xff,0xff,0xff,0xff,0xff,0xff,0xff,0xff,0xff,0xff,0xff,0xff,0xff,0xff,0xff,0xff,
    0xff,0xff,0xff,0xff,0xff,0xff,0xff,0xff,0xff,0xff,0xff,0xff,0xff,0xff,0xff,0xff,
    0xff,0xff,0xff,0xff,0xff,0xff,0xff,0xff,0xff,0xff,0xff,0xff,0xff,0xff,0xff,0xff,
    0xff,0xff,0xff,0xff,0xff,0xff,0xff,0xff,0xff,0xff,0xff,0xff,0xff,0xff,0xff,0xff,
    0xff,0xff,0xff,0xff,0xff,0xff,0xff,0xff,0xff,0xff,0xff,0xff,0xff,0xff,0xff,0xff,
    0xff,0xff,0xff,0xff,0xff,0xff,0xff,0xff,0xff,0xff,0xff,0xff,0xff,0xff,0xff,0xff,
    0xff,0xff,0xff,0xff,0xff,0xff,0xff,0xff,0xff,0xff,0xff,0xff,0xff,0xff,0xff,0xff,
    0xff,0xff,0xff,0xff,0xff,0xff,0xff,0xff,0xff,0xff,0xff,0xff,0xff,0xff,0xff,0xff,
    0xff,0xff,0xff,0xff,0xff,0xff,0xff,0xff,0xff,0xff,0xff,0xff,0xff,0xff,0xff,0xff,
    0xff,0xff,0xff,0xff,0xff,0xff,0xff,0xff,0xff,0xff,0xff,0xff,0xff,0xff,0xff,0xff,
    0xff,0xff,0xff,0xff,0xff,0xff,0xff,0xff,0xff,0xff,0xff,0xff,0xff,0xff,0xff,0xff,
    0xff,0xff,0xff,0xff,0xff,0xff,0xff,0xff,0xff,0xff,0xff,0xff,0xff,0xff,0xff,0xff,
    0xff,0xff,0xff,0xff,0xff,0xff,0xff,0xff,0xff,0xff,0xff,0xff,0xff,0xff,0xff,0xff,
    0xff,0xff,0xff,0xff,0xff,0xff,0xff,0xff,0xff,0xff,0xff,0xff,0xff,0xff,0xff,0xff,
    0xff,0xff,0xff,0xff,0xff,0xff,0xff,0xff,0xff,0xff,0xff,0xff,0xff,0xff,0xff,0xff,
    0xff,0xff,0xff,0xff,0xff,0xff,0xff,0xff,0xff,0xff,0xff,0xff,0xff,0xff,0xff,0xff,
    0xff,0xff,0xff,0xff,0xff,0xff,0xff,0xff,0xff,0xff,0xff,0xff,0xff,0xff,0xff,0xff,
    0xff,0xff,0xff,0xff,0xff,0xff,0xff,0xff,0xff,0xff,0xff,0xff,0xff,0xff,0xff,0xff,
    0xff,0xff,0xff,0xff,0xff,0xff,0xff,0xff,0xff,0xff,0xff,0xff,0xff,0xff,0xff,0xff,
    0xff,0xff,0xff,0xff,0xff,0xff,0xff,0xff,0xff,0xff,0xff,0xff,0xff,0xff,0xff,0xff,
    0xff,0xff,0xff,0xff,0xff,0xff,0xff,0xff,0xff,0xff,0xff,0xff,0xff,0xff,0xff,0xff,
    0xff,0xff,0xff,0xff,0xff,0xff,0xff,0xff,0xff,0xff,0xff,0xff,0xff,0xff,0xff,0xff,
    0xff,0xff,0xff,0xff,0xff,0xff,0xff,0xff,0xff,0xff,0xff,0xff,0xff,0xff,0xff,0xff,
    0xff,0xff,0xff,0xff,0xff,0xff,0xff,0xff,0xff,0xff,0xff,0xff,0xff,0xff,0xff,0xff,
    0xff,0xff,0xff,0xff,0xff,0xff,0xff,0xff,0xff,0xff,0xff,0xff,0xff,0xff,0xff,0xff,
    0xff,0xff,0xff,0xff,0xff,0xff,0xff,0xff,0xff,0xff,0xff,0xff,0xff,0xff,0xff,0xff,
    0xff,0xff,0xff,0xff,0xff,0xff,0xff,0xff,0xff,0xff,0xff,0xff,0xff,0xff,0xff,0xff,
    0xff,0xff,0xff,0xff,0xff,0xff,0xff,0xff,0xff,0xff,0xff,0xff,0xff,0xff,0xff,0xff,
    0xff,0xff,0xff,0xff,0xff,0xff,0xff,0xff,0xff,0xff,0xff,0xff,0xff,0xff,0xff,0xff,
    0xff,0xff,0xff,0xff,0xff,0xff,0xff,0xff,0xff,0xff,0xff,0xff,0xff,0xff,0xff,0xff,
    0xff,0xff,0xff,0xff,0xff,0xff,0xff,0xff,0xff,0xff,0xff,0xff,0xff,0xff,0xff,0xff,
    0xff,0xff,0xff,0xff,0xff,0xff,0xff,0xff,0xff,0xff,0xff,0xff,0xff,0xff,0xff,0xff,
    0xff,0xff,0xff,0xff,0xff,0xff,0xff,0xff,0xff,0xff,0xff,0xff,0xff,0xff,0xff,0xff,
    0xff,0xff,0xff,0xff,0xff,0xff,0xff,0xff,0xff,0xff,0xff,0xff,0xff,0xff,0xff,0xff,
    0xff,0xff,0xff,0xff,0xff,0xff,0xff,0xff,0xff,0xff,0xff,0xff,0xff,0xff,0xff,0xff,
    0xff,0xff,0xff,0xff,0xff,0xff,0xff,0xff,0xff,0xff,0xff,0xff,0xff,0xff,0xff,0xff,
    0xff,0xff,0xff,0xff,0xff,0xff,0xff,0xff,0xff,0xff,0xff,0xff,0xff,0xff,0xff,0xff,
    0xff,0xff,0xff,0xff,0xff,0xff,0xff,0xff,0xff,0xff,0xff,0xff,0xff,0xff,0xff,0xff,
    0xff,0xff,0xff,0xff,0xff,0xff,0xff,0xff,0xff,0xff,0xff,0xff,0xff,0xff,0xff,0xff,
    0xff,0xff,0xff,0xff,0xff,0xff,0xff,0xff,0xff,0xff,0xff,0xff,0xff,0xff,0xff,0xff,
    0xff,0xff,0xff,0xff,0xff,0xff,0xff,0xff,0xff,0xff,0xff,0xff,0xff,0xff,0xff,0xff,
    0xff,0xff,0xff,0xff,0xff,0xff,0xff,0xff,0xff,0xff,0xff,0xff,0xff,0xff,0xff,0xff,
    0xff,0xff,0xff,0xff,0xff,0xff,0xff,0xff,0xff,0xff,0xff,0xff,0xff,0xff,0xff,0xff,
    0xff,0xff,0xff,0xff,0xff,0xff,0xff,0xff,0xff,0xff,0xff,0xff,0xff,0xff,0xff,0xff,
    0xff,0xff,0xff,0xff,0xff,0xff,0xff,0xff,0xff,0xff,0xff,0xff,0xff,0xff,0xff,0xff,
    0xff,0xff,0xff,0xff,0xff,0xff,0xff,0xff,0xff,0xff,0xff,0xff,0xff,0xff,0xff,0xff,
    0xff,0xff,0xff,0xff,0xff,0xff,0xff,0xff,0xff,0xff,0xff,0xff,0xff,0xff,0xff,0xff,
    0xff,0xff,0xff,0xff,0xff,0xff,0xff,0xff,0xff,0xff,0xff,0xff,0xff,0xff,0xff,0xff,
    0xff,0xff,0xff,0xff,0xff,0xff,0xff,0xff,0xff,0xff,0xff,0xff,0xff,0xff,0xff,0xff,
    0xff,0xff,0xff,0xff,0xff,0xff,0xff,0xff,0xff,0xff,0xff,0xff,0xff,0xff,0xff,0xff,
    0xff,0xff,0xff,0xff,0xff,0xff,0xff,0xff,0xff,0xff,0xff,0xff,0xff,0xff,0xff,0xff,
    0xff,0xff,0xff,0xff,0xff,0xff,0xff,0xff,0xff,0xff,0xff,0xff,0xff,0xff,0xff,0xff,
    0xff,0xff,0xff,0xff,0xff,0xff,0xff,0xff,0xff,0xff,0xff,0xff,0xff,0xff,0xff,0xff,
    0xff,0xff,0xff,0xff,0xff,0xff,0xff,0xff,0xff,0xff,0xff,0xff,0xff,0xff,0xff,0xff,
    0xff,0xff,0xff,0xff,0xff,0xff,0xff,0xff,0xff,0xff,0xff,0xff,0xff,0xff,0xff,0xff,
    0xff,0xff,0xff,0xff,0xff,0xff,0xff,0xff,0xff,0xff,0xff,0xff,0xff,0xff,0xff,0xff,
    0xff,0xff,0xff,0xff,0xff,0xff,0xff,0xff,0xff,0xff,0xff,0xff,0xff,0xff,0xff,0xff,
    0xff,0xff,0xff,0xff,0xff,0xff,0xff,0xff,0xff,0xff,0xff,0xff,0xff,0xff,0xff,0xff,
    0xff,0xff,0xff,0xff,0xff,0xff,0xff,0xff,0xff,0xff,0xff,0xff,0xff,0xff,0xff,0xff,
    0xff,0xff,0xff,0xff,0xff,0xff,0xff,0xff,0xff,0xff,0xff,0xff,0xff,0xff,0xff,0xff,
    0xff,0xff,0xff,0xff,0xff,0xff,0xff,0xff,0xff,0xff,0xff,0xff,0xff,0xff,0xff,0xff,
    0xff,0xff,0xff,0xff,0xff,0xff,0xff,0xff,0xff,0xff,0xff,0xff,0xff,0xff,0xff,0xff,
    0xff,0xff,0xff,0xff,0xff,0xff,0xff,0xff,0xff,0xff,0xff,0xff,0xff,0xff,0xff,0xff,
    0xff,0xff,0xff,0xff,0xff,0xff,0xff,0xff,0xff,0xff,0xff,0xff,0xff,0xff,0xff,0xff,
    0xff,0xff,0xff,0xff,0xff,0xff,0xff,0xff,0xff,0xff,0xff,0xff,0xff,0xff,0xff,0xff,
    0xff,0xff,0xff,0xff,0xff,0xff,0xff,0xff,0xff,0xff,0xff,0xff,0xff,0xff,0xff,0xff,
    0xff,0xff,0xff,0xff,0xff,0xff,0xff,0xff,0xff,0xff,0xff,0xff,0xff,0xff,0xff,0xff,
    0xff,0xff,0xff,0xff,0xff,0xff,0xff,0xff,0xff,0xff,0xff,0xff,0xff,0xff,0xff,0xff,
    0xff,0xff,0xff,0xff,0xff,0xff,0xff,0xff,0xff,0xff,0xff,0xff,0xff,0xff,0xff,0xff,
    0xff,0xff,0xff,0xff,0xff,0xff,0xff,0xff,0xff,0xff,0xff,0xff,0xff,0xff,0xff,0xff,
    0xff,0xff,0xff,0xff,0xff,0xff,0xff,0xff,0xff,0xff,0xff,0xff,0xff,0xff,0xff,0xff,
    0xff,0xff,0xff,0xff,0xff,0xff,0xff,0xff,0xff,0xff,0xff,0xff,0xff,0xff,0xff,0xff,
    0xff,0xff,0xff,0xff,0xff,0xff,0xff,0xff,0xff,0xff,0xff,0xff,0xff,0xff,0xff,0xff,
    0xff,0xff,0xff,0xff,0xff,0xff,0xff,0xff,0xff,0xff,0xff,0xff,0xff,0xff,0xff,0xff,
    0xff,0xff,0xff,0xff,0xff,0xff,0xff,0xff,0xff,0xff,0xff,0xff,0xff,0xff,0xff,0xff,
    0xff,0xff,0xff,0xff,0xff,0xff,0xff,0xff,0xff,0xff,0xff,0xff,0xff,0xff,0xff,0xff,
    0xff,0xff,0xff,0xff,0xff,0xff,0xff,0xff,0xff,0xff,0xff,0xff,0xff,0xff,0xff,0xff,
    0xff,0xff,0xff,0xff,0xff,0xff,0xff,0xff,0xff,0xff,0xff,0xff,0xff,0xff,0xff,0xff,
    0xff,0xff,0xff,0xff,0xff,0xff,0xff,0xff,0xff,0xff,0xff,0xff,0xff,0xff,0xff,0xff,
    0xff,0xff,0xff,0xff,0xff,0xff,0xff,0xff,0xff,0xff,0xff,0xff,0xff,0xff,0xff,0xff,
    0xff,0xff,0xff,0xff,0xff,0xff,0xff,0xff,0xff,0xff,0xff,0xff,0xff,0xff,0xff,0xff,
    0xff,0xff,0xff,0xff,0xff,0xff,0xff,0xff,0xff,0xff,0xff,0xff,0xff,0xff,0xff,0xff,
    0xff,0xff,0xff,0xff,0xff,0xff,0xff,0xff,0xff,0xff,0xff,0xff,0xff,0xff,0xff,0xff,
    0xff,0xff,0xff,0xff,0xff,0xff,0xff,0xff,0xff,0xff,0xff,0xff,0xff,0xff,0xff,0xff,
    0xff,0xff,0xff,0xff,0xff,0xff,0xff,0xff,0xff,0xff,0xff,0xff,0xff,0xff,0xff,0xff,
    0xff,0xff,0xff,0xff,0xff,0xff,0xff,0xff,0xff,0xff,0xff,0xff,0xff,0xff,0xff,0xff,
    0xff,0xff,0xff,0xff,0xff,0xff,0xff,0xff,0xff,0xff,0xff,0xff,0xff,0xff,0xff,0xff,
    0xff,0xff,0xff,0xff,0xff,0xff,0xff,0xff,0xff,0xff,0xff,0xff,0xff,0xff,0xff,0xff,
    0xff,0xff,0xff,0xff,0xff,0xff,0xff,0xff,0xff,0xff,0xff,0xff,0xff,0xff,0xff,0xff,
    0xff,0xff,0xff,0xff,0xff,0xff,0xff,0xff,0xff,0xff,0xff,0xff,0xff,0xff,0xff,0xff,
    0xff,0xff,0xff,0xff,0xff,0xff,0xff,0xff,0xff,0xff,0xff,0xff,0xff,0xff,0xff,0xff,
    0xff,0xff,0xff,0xff,0xff,0xff,0xff,0xff,0xff,0xff,0xff,0xff,0xff,0xff,0xff,0xff,
    0xff,0xff,0xff,0xff,0xff,0xff,0xff,0xff,0xff,0xff,0xff,0xff,0xff,0xff,0xff,0xff,
    0xff,0xff,0xff,0xff,0xff,0xff,0xff,0xff,0xff,0xff,0xff,0xff,0xff,0xff,0xff,0xff,
    0xff,0xff,0xff,0xff,0xff,0xff,0xff,0xff,0xff,0xff,0xff,0xff,0xff,0xff,0xff,0xff,
    0xff,0xff,0xff,0xff,0xff,0xff,0xff,0xff,0xff,0xff,0xff,0xff,0xff,0xff,0xff,0xff,
    0xff,0xff,0xff,0xff,0xff,0xff,0xff,0xff,0xff,0xff,0xff,0xff,0xff,0xff,0xff,0xff,
    0xff,0xff,0xff,0xff,0xff,0xff,0xff,0xff,0xff,0xff,0xff,0xff,0xff,0xff,0xff,0xff,
    0xff,0xff,0xff,0xff,0xff,0xff,0xff,0xff,0xff,0xff,0xff,0xff,0xff,0xff,0xff,0xff,
    0xff,0xff,0xff,0xff,0xff,0xff,0xff,0xff,0xff,0xff,0xff,0xff,0xff,0xff,0xff,0xff,
    0xff,0xff,0xff,0xff,0xff,0xff,0xff,0xff,0xff,0xff,0xff,0xff,0xff,0xff,0xff,0xff,
    0xff,0xff,0xff,0xff,0xff,0xff,0xff,0xff,0xff,0xff,0xff,0xff,0xff,0xff,0xff,0xff,
    0xff,0xff,0xff,0xff,0xff,0xff,0xff,0xff,0xff,0xff,0xff,0xff,0xff,0xff,0xff,0xff,
    0xff,0xff,0xff,0xff,0xff,0xff,0xff,0xff,0xff,0xff,0xff,0xff,0xff,0xff,0xff,0xff,
    0xff,0xff,0xff,0xff,0xff,0xff,0xff,0xff,0xff,0xff,0xff,0xff,0xff,0xff,0xff,0xff,
    0xff,0xff,0xff,0xff,0xff,0xff,0xff,0xff,0xff,0xff,0xff,0xff,0xff,0xff,0xff,0xff,
    0xff,0xff,0xff,0xff,0xff,0xff,0xff,0xff,0xff,0xff,0xff,0xff,0xff,0xff,0xff,0xff,
    0xff,0xff,0xff,0xff,0xff,0xff,0xff,0xff,0xff,0xff,0xff,0xff,0xff,0xff,0xff,0xff,
    0xff,0xff,0xff,0xff,0xff,0xff,0xff,0xff,0xff,0xff,0xff,0xff,0xff,0xff,0xff,0xff,
    0xff,0xff,0xff,0xff,0xff,0xff,0xff,0xff,0xff,0xff,0xff,0xff,0xff,0xff,0xff,0xff,
    0xff,0xff,0xff,0xff,0xff,0xff,0xff,0xff,0xff,0xff,0xff,0xff,0xff,0xff,0xff,0xff,
    0xff,0xff,0xff,0xff,0xff,0xff,0xff,0xff,0xff,0xff,0xff,0xff,0xff,0xff,0xff,0xff,
    0xff,0xff,0xff,0xff,0xff,0xff,0xff,0xff,0xff,0xff,0xff,0xff,0xff,0xff,0xff,0xff,
    0xff,0xff,0xff,0xff,0xff,0xff,0xff,0xff,0xff,0xff,0xff,0xff,0xff,0xff,0xff,0xff,
    0xff,0xff,0xff,0xff,0xff,0xff,0xff,0xff,0xff,0xff,0xff,0xff,0xff,0xff,0xff,0xff,
    0xff,0xff,0xff,0xff,0xff,0xff,0xff,0xff,0xff,0xff,0xff,0xff,0xff,0xff,0xff,0xff,
    0xff,0xff,0xff,0xff,0xff,0xff,0xff,0xff,0xff,0xff,0xff,0xff,0xff,0xff,0xff,0xff,
    0xff,0xff,0xff,0xff,0xff,0xff,0xff,0xff,0xff,0xff,0xff,0xff,0xff,0xff,0xff,0xff,
    0xff,0xff,0xff,0xff,0xff,0xff,0xff,0xff,0xff,0xff,0xff,0xff,0xff,0xff,0xff,0xff,
    0xff,0xff,0xff,0xff,0xff,0xff,0xff,0xff,0xff,0xff,0xff,0xff,0xff,0xff,0xff,0xff,
    0xff,0xff,0xff,0xff,0xff,0xff,0xff,0xff,0xff,0xff,0xff,0xff,0xff,0xff,0xff,0xff,
    0xff,0xff,0xff,0xff,0xff,0xff,0xff,0xff,0xff,0xff,0xff,0xff,0xff,0xff,0xff,0xff,
    0xff,0xff,0xff,0xff,0xff,0xff,0xff,0xff,0xff,0xff,0xff,0xff,0xff,0xff,0xff,0xff,
    0xff,0xff,0xff,0xff,0xff,0xff,0xff,0xff,0xff,0xff,0xff,0xff,0xff,0xff,0xff,0xff,
    0xff,0xff,0xff,0xff,0xff,0xff,0xff,0xff,0xff,0xff,0xff,0xff,0xff,0xff,0xff,0xff,
    0xff,0xff,0xff,0xff,0xff,0xff,0xff,0xff,0xff,0xff,0xff,0xff,0xff,0xff,0xff,0xff,
    0xff,0xff,0xff,0xff,0xff,0xff,0xff,0xff,0xff,0xff,0xff,0xff,0xff,0xff,0xff,0xff,
    0xff,0xff,0xff,0xff,0xff,0xff,0xff,0xff,0xff,0xff,0xff,0xff,0xff,0xff,0xff,0xff,
    0xff,0xff,0xff,0xff,0xff,0xff,0xff,0xff,0xff,0xff,0xff,0xff,0xff,0xff,0xff,0xff,
    0xff,0xff,0xff,0xff,0xff,0xff,0xff,0xff,0xff,0xff,0xff,0xff,0xff,0xff,0xff,0xff,
    0xff,0xff,0xff,0xff,0xff,0xff,0xff,0xff,0xff,0xff,0xff,0xff,0xff,0xff,0xff,0xff,
    0xff,0xff,0xff,0xff,0xff,0xff,0xff,0xff,0xff,0xff,0xff,0xff,0xff,0xff,0xff,0xff,
    0xff,0xff,0xff,0xff,0xff,0xff,0xff,0xff,0xff,0xff,0xff,0xff,0xff,0xff,0xff,0xff,
    0xff,0xff,0xff,0xff,0xff,0xff,0xff,0xff,0xff,0xff,0xff,0xff,0xff,0xff,0xff,0xff,
    0xff,0xff,0xff,0xff,0xff,0xff,0xff,0xff,0xff,0xff,0xff,0xff,0xff,0xff,0xff,0xff,
    0xff,0xff,0xff,0xff,0xff,0xff,0xff,0xff,0xff,0xff,0xff,0xff,0xff,0xff,0xff,0xff,
    0xff,0xff,0xff,0xff,0xff,0xff,0xff,0xff,0xff,0xff,0xff,0xff,0xff,0xff,0xff,0xff,
    0xff,0xff,0xff,0xff,0xff,0xff,0xff,0xff,0xff,0xff,0xff,0xff,0xff,0xff,0xff,0xff,
    0xff,0xff,0xff,0xff,0xff,0xff,0xff,0xff,0xff,0xff,0xff,0xff,0xff,0xff,0xff,0xff,
    0xff,0xff,0xff,0xff,0xff,0xff,0xff,0xff,0xff,0xff,0xff,0xff,0xff,0xff,0xff,0xff,
};

const lv_image_dsc_t ui_img_prensa = {
    .header = {
        .magic = LV_IMAGE_HEADER_MAGIC,
        .cf = LV_COLOR_FORMAT_RGB565,
        .flags = 0,
        .w = 240,
        .h = 277,
        .stride = 480,
        .reserved_2 = 0,
    },
    .data_size = sizeof(ui_img_prensa_map),
    .data = ui_img_prensa_map,
    .reserved = NULL,
    .reserved_2 = NULL,
};
